This is pdfTeX, Version 3.141592653-2.6-1.40.22 (TeX Live 2022/dev/Debian) (preloaded format=pdflatex 2026.3.2)  24 SEP 2026 11:29
entering extended mode
 \write18 enabled.
 %&-line parsing enabled.
**main.tex --output-directory=out
(./main.tex
LaTeX2e <2021-11-15> patch level 1
L3 programming layer <2022-01-21> (./dissertation.cls
Document Class: dissertation 2026-04-07 PhD dissertation class by BVDC
(/usr/share/texlive/texmf-dist/tex/latex/base/book.cls
Document Class: book 2021/10/04 v1.4n Standard LaTeX document class
(/usr/share/texlive/texmf-dist/tex/latex/base/bk11.clo
File: bk11.clo 2021/10/04 v1.4n Standard LaTeX file (size option)
)
\c@part=\count185
\c@chapter=\count186
\c@section=\count187
\c@subsection=\count188
\c@subsubsection=\count189
\c@paragraph=\count190
\c@subparagraph=\count191
\c@figure=\count192
\c@table=\count193
\abovecaptionskip=\skip47
\belowcaptionskip=\skip48
\bibindent=\dimen138
)
(/usr/share/texlive/texmf-dist/tex/generic/babel/babel.sty
Package: babel 2022/01/26 3.70 The Babel package
\babel@savecnt=\count194
\U@D=\dimen139
\l@unhyphenated=\language87

(/usr/share/texlive/texmf-dist/tex/generic/babel/txtbabel.def)
\bbl@readstream=\read2
\bbl@dirlevel=\count195

(/usr/share/texlive/texmf-dist/tex/generic/babel-dutch/dutch.ldf
Language: dutch 2021/08/29 v3.8l Dutch support from the babel system
Package babel Info: Making " an active character on input line 127.
)
(/usr/share/texlive/texmf-dist/tex/generic/babel-english/english.ldf
Language: english 2017/06/06 v3.3r English support from the babel system
Package babel Info: Hyphen rules for 'canadian' set to \l@english
(babel)             (\language0). Reported on input line 102.
Package babel Info: Hyphen rules for 'australian' set to \l@ukenglish
(babel)             (\language49). Reported on input line 105.
Package babel Info: Hyphen rules for 'newzealand' set to \l@ukenglish
(babel)             (\language49). Reported on input line 108.
))
(/usr/share/texlive/texmf-dist/tex/latex/tools/calc.sty
Package: calc 2017/05/25 v4.3 Infix arithmetic (KKT,FJ)
\calc@Acount=\count196
\calc@Bcount=\count197
\calc@Adimen=\dimen140
\calc@Bdimen=\dimen141
\calc@Askip=\skip49
\calc@Bskip=\skip50
LaTeX Info: Redefining \setlength on input line 80.
LaTeX Info: Redefining \addtolength on input line 81.
\calc@Ccount=\count198
\calc@Cskip=\skip51
)
(/usr/share/texlive/texmf-dist/tex/latex/caption/caption.sty
Package: caption 2020/10/26 v3.5g Customizing captions (AR)

(/usr/share/texlive/texmf-dist/tex/latex/caption/caption3.sty
Package: caption3 2020/10/21 v2.2e caption3 kernel (AR)

(/usr/share/texlive/texmf-dist/tex/latex/graphics/keyval.sty
Package: keyval 2014/10/28 v1.15 key=value parser (DPC)
\KV@toks@=\toks16
)
\captionmargin=\dimen142
\captionmargin@=\dimen143
\captionwidth=\dimen144
\caption@tempdima=\dimen145
\caption@indent=\dimen146
\caption@parindent=\dimen147
\caption@hangindent=\dimen148
Package caption Info: Standard document class detected.
)
\c@caption@flags=\count199
\c@continuedfloat=\count266
)
(/usr/share/texlive/texmf-dist/tex/latex/fancyhdr/fancyhdr.sty
Package: fancyhdr 2021/01/28 v4.0.1 Extensive control of page headers and foote
rs
\f@nch@headwidth=\skip52
\f@nch@O@elh=\skip53
\f@nch@O@erh=\skip54
\f@nch@O@olh=\skip55
\f@nch@O@orh=\skip56
\f@nch@O@elf=\skip57
\f@nch@O@erf=\skip58
\f@nch@O@olf=\skip59
\f@nch@O@orf=\skip60
)
(/usr/share/texlive/texmf-dist/tex/latex/footmisc/footmisc.sty
Package: footmisc 2011/06/06 v5.5b a miscellany of footnote facilities
\FN@temptoken=\toks17
\footnotemargin=\dimen149
\c@pp@next@reset=\count267
Package footmisc Info: Declaring symbol style bringhurst on input line 855.
Package footmisc Info: Declaring symbol style chicago on input line 863.
Package footmisc Info: Declaring symbol style wiley on input line 872.
Package footmisc Info: Declaring symbol style lamport-robust on input line 883.

Package footmisc Info: Declaring symbol style lamport* on input line 903.
Package footmisc Info: Declaring symbol style lamport*-robust on input line 924
.
)
(/usr/share/texlive/texmf-dist/tex/generic/iftex/ifpdf.sty
Package: ifpdf 2019/10/25 v3.4 ifpdf legacy package. Use iftex instead.

(/usr/share/texlive/texmf-dist/tex/generic/iftex/iftex.sty
Package: iftex 2020/03/06 v1.0d TeX engine tests
))
(/usr/share/texlive/texmf-dist/tex/generic/iftex/ifxetex.sty
Package: ifxetex 2019/10/25 v0.7 ifxetex legacy package. Use iftex instead.
)
(/usr/share/texlive/texmf-dist/tex/latex/geometry/geometry.sty
Package: geometry 2020/01/02 v5.9 Page Geometry

(/usr/share/texlive/texmf-dist/tex/generic/iftex/ifvtex.sty
Package: ifvtex 2019/10/25 v1.7 ifvtex legacy package. Use iftex instead.
)
\Gm@cnth=\count268
\Gm@cntv=\count269
\c@Gm@tempcnt=\count270
\Gm@bindingoffset=\dimen150
\Gm@wd@mp=\dimen151
\Gm@odd@mp=\dimen152
\Gm@even@mp=\dimen153
\Gm@layoutwidth=\dimen154
\Gm@layoutheight=\dimen155
\Gm@layouthoffset=\dimen156
\Gm@layoutvoffset=\dimen157
\Gm@dimlist=\toks18
)
(/usr/share/texlive/texmf-dist/tex/latex/hyperref/hyperref.sty
Package: hyperref 2021-06-07 v7.00m Hypertext links for LaTeX

(/usr/share/texlive/texmf-dist/tex/generic/ltxcmds/ltxcmds.sty
Package: ltxcmds 2020-05-10 v1.25 LaTeX kernel commands for general use (HO)
)
(/usr/share/texlive/texmf-dist/tex/generic/pdftexcmds/pdftexcmds.sty
Package: pdftexcmds 2020-06-27 v0.33 Utility functions of pdfTeX for LuaTeX (HO
)

(/usr/share/texlive/texmf-dist/tex/generic/infwarerr/infwarerr.sty
Package: infwarerr 2019/12/03 v1.5 Providing info/warning/error messages (HO)
)
Package pdftexcmds Info: \pdf@primitive is available.
Package pdftexcmds Info: \pdf@ifprimitive is available.
Package pdftexcmds Info: \pdfdraftmode found.
)
(/usr/share/texlive/texmf-dist/tex/generic/kvsetkeys/kvsetkeys.sty
Package: kvsetkeys 2019/12/15 v1.18 Key value parser (HO)
)
(/usr/share/texlive/texmf-dist/tex/generic/kvdefinekeys/kvdefinekeys.sty
Package: kvdefinekeys 2019-12-19 v1.6 Define keys (HO)
)
(/usr/share/texlive/texmf-dist/tex/generic/pdfescape/pdfescape.sty
Package: pdfescape 2019/12/09 v1.15 Implements pdfTeX's escape features (HO)
)
(/usr/share/texlive/texmf-dist/tex/latex/hycolor/hycolor.sty
Package: hycolor 2020-01-27 v1.10 Color options for hyperref/bookmark (HO)
)
(/usr/share/texlive/texmf-dist/tex/latex/letltxmacro/letltxmacro.sty
Package: letltxmacro 2019/12/03 v1.6 Let assignment for LaTeX macros (HO)
)
(/usr/share/texlive/texmf-dist/tex/latex/auxhook/auxhook.sty
Package: auxhook 2019-12-17 v1.6 Hooks for auxiliary files (HO)
)
(/usr/share/texlive/texmf-dist/tex/latex/kvoptions/kvoptions.sty
Package: kvoptions 2020-10-07 v3.14 Key value format for package options (HO)
)
\@linkdim=\dimen158
\Hy@linkcounter=\count271
\Hy@pagecounter=\count272

(/usr/share/texlive/texmf-dist/tex/latex/hyperref/pd1enc.def
File: pd1enc.def 2021-06-07 v7.00m Hyperref: PDFDocEncoding definition (HO)
Now handling font encoding PD1 ...
... no UTF-8 mapping file for font encoding PD1
)
(/usr/share/texlive/texmf-dist/tex/latex/hyperref/hyperref-langpatches.def
File: hyperref-langpatches.def 2021-06-07 v7.00m Hyperref: patches for babel la
nguages
)
(/usr/share/texlive/texmf-dist/tex/generic/intcalc/intcalc.sty
Package: intcalc 2019/12/15 v1.3 Expandable calculations with integers (HO)
)
(/usr/share/texlive/texmf-dist/tex/generic/etexcmds/etexcmds.sty
Package: etexcmds 2019/12/15 v1.7 Avoid name clashes with e-TeX commands (HO)
)
\Hy@SavedSpaceFactor=\count273

(/usr/share/texlive/texmf-dist/tex/latex/hyperref/puenc.def
File: puenc.def 2021-06-07 v7.00m Hyperref: PDF Unicode definition (HO)
Now handling font encoding PU ...
... no UTF-8 mapping file for font encoding PU
)
Package hyperref Info: Option `bookmarks' set `false' on input line 4073.
Package hyperref Info: Hyper figures OFF on input line 4192.
Package hyperref Info: Link nesting OFF on input line 4197.
Package hyperref Info: Hyper index ON on input line 4200.
Package hyperref Info: Plain pages OFF on input line 4207.
Package hyperref Info: Backreferencing OFF on input line 4212.
Package hyperref Info: Implicit mode ON; LaTeX internals redefined.
Package hyperref Info: Bookmarks OFF on input line 4451.
\c@Hy@tempcnt=\count274

(/usr/share/texlive/texmf-dist/tex/latex/url/url.sty
\Urlmuskip=\muskip16
Package: url 2013/09/16  ver 3.4  Verb mode for urls, etc.
)
LaTeX Info: Redefining \url on input line 4804.
\XeTeXLinkMargin=\dimen159

(/usr/share/texlive/texmf-dist/tex/generic/bitset/bitset.sty
Package: bitset 2019/12/09 v1.3 Handle bit-vector datatype (HO)

(/usr/share/texlive/texmf-dist/tex/generic/bigintcalc/bigintcalc.sty
Package: bigintcalc 2019/12/15 v1.5 Expandable calculations on big integers (HO
)
))
\Fld@menulength=\count275
\Field@Width=\dimen160
\Fld@charsize=\dimen161
Package hyperref Info: Hyper figures OFF on input line 6076.
Package hyperref Info: Link nesting OFF on input line 6081.
Package hyperref Info: Hyper index ON on input line 6084.
Package hyperref Info: backreferencing OFF on input line 6091.
Package hyperref Info: Link coloring OFF on input line 6096.
Package hyperref Info: Link coloring with OCG OFF on input line 6101.
Package hyperref Info: PDF/A mode OFF on input line 6106.
LaTeX Info: Redefining \ref on input line 6146.
LaTeX Info: Redefining \pageref on input line 6150.

(/usr/share/texlive/texmf-dist/tex/latex/base/atbegshi-ltx.sty
Package: atbegshi-ltx 2021/01/10 v1.0c Emulation of the original atbegshi
package with kernel methods
)
\Hy@abspage=\count276
\c@Item=\count277
\c@Hfootnote=\count278
)
Package hyperref Info: Driver: hpdftex.

(/usr/share/texlive/texmf-dist/tex/latex/hyperref/hpdftex.def
File: hpdftex.def 2021-06-07 v7.00m Hyperref driver for pdfTeX

(/usr/share/texlive/texmf-dist/tex/latex/base/atveryend-ltx.sty
Package: atveryend-ltx 2020/08/19 v1.0a Emulation of the original atveryend pac
kage
with kernel methods
)
\Fld@listcount=\count279
\c@bookmark@seq@number=\count280

(/usr/share/texlive/texmf-dist/tex/latex/rerunfilecheck/rerunfilecheck.sty
Package: rerunfilecheck 2019/12/05 v1.9 Rerun checks for auxiliary files (HO)

(/usr/share/texlive/texmf-dist/tex/generic/uniquecounter/uniquecounter.sty
Package: uniquecounter 2019/12/15 v1.4 Provide unlimited unique counter (HO)
)
Package uniquecounter Info: New unique counter `rerunfilecheck' on input line 2
86.
)
\Hy@SectionHShift=\skip61
)
(/usr/share/texlive/texmf-dist/tex/latex/base/inputenc.sty
Package: inputenc 2021/02/14 v1.3d Input encoding file
\inpenc@prehook=\toks19
\inpenc@posthook=\toks20
)
(/usr/share/texlive/texmf-dist/tex/latex/graphics/rotating.sty
Package: rotating 2016/08/11 v2.16d rotated objects in LaTeX

(/usr/share/texlive/texmf-dist/tex/latex/graphics/graphicx.sty
Package: graphicx 2021/09/16 v1.2d Enhanced LaTeX Graphics (DPC,SPQR)

(/usr/share/texlive/texmf-dist/tex/latex/graphics/graphics.sty
Package: graphics 2021/03/04 v1.4d Standard LaTeX Graphics (DPC,SPQR)

(/usr/share/texlive/texmf-dist/tex/latex/graphics/trig.sty
Package: trig 2021/08/11 v1.11 sin cos tan (DPC)
)
(/usr/share/texlive/texmf-dist/tex/latex/graphics-cfg/graphics.cfg
File: graphics.cfg 2016/06/04 v1.11 sample graphics configuration
)
Package graphics Info: Driver file: pdftex.def on input line 107.

(/usr/share/texlive/texmf-dist/tex/latex/graphics-def/pdftex.def
File: pdftex.def 2020/10/05 v1.2a Graphics/color driver for pdftex
))
\Gin@req@height=\dimen162
\Gin@req@width=\dimen163
)
(/usr/share/texlive/texmf-dist/tex/latex/base/ifthen.sty
Package: ifthen 2020/11/24 v1.1c Standard LaTeX ifthen package (DPC)
)
\c@r@tfl@t=\count281
\rotFPtop=\skip62
\rotFPbot=\skip63
\rot@float@box=\box50
\rot@mess@toks=\toks21
)
(/usr/share/texlive/texmf-dist/tex/latex/tablefootnote/tablefootnote.sty
Package: tablefootnote 2014/01/26 v1.1c Table foot notes (HMM)

(/usr/share/texlive/texmf-dist/tex/latex/xifthen/xifthen.sty
Package: xifthen 2015/11/05 v1.4.0 Extended ifthen features

(/usr/share/texlive/texmf-dist/tex/latex/ifmtarg/ifmtarg.sty
Package: ifmtarg 2018/04/16 v1.2b check for an empty argument
))
(/usr/share/texlive/texmf-dist/tex/latex/etoolbox/etoolbox.sty
Package: etoolbox 2020/10/05 v2.5k e-TeX tools for LaTeX (JAW)
\etb@tempcnta=\count282
))
(/usr/share/texlive/texmf-dist/tex/latex/lettrine/lettrine.sty
File: lettrine.sty 2020-03-14 v2.23 (Daniel Flipo)

(/usr/share/texlive/texmf-dist/tex/generic/minifp/minifp.sty
Package: minifp 2013/12/30 v0.96. Macros for real number operations and a stack
-based programing language.
\MFP@loopctr=\count283
)
\c@DefaultLines=\count284
\c@DefaultDepth=\count285
\DefaultFindent=\dimen164
\DefaultNindent=\dimen165
\DefaultSlope=\dimen166
\DiscardVskip=\dimen167
\L@lbox=\box51
\L@tbox=\box52
\c@L@lines=\count286
\c@L@depth=\count287
\L@Pindent=\dimen168
\L@Findent=\dimen169
\L@Nindent=\dimen170
\L@lraise=\dimen171
\L@first=\dimen172
\L@next=\dimen173
\L@slope=\dimen174
\L@height=\dimen175
\L@novskip=\dimen176
\L@target@ht=\dimen177
\L@target@dp=\dimen178
\L@target@tht=\dimen179
\LettrineWidth=\dimen180
\LettrineHeight=\dimen181
\LettrineDepth=\dimen182
\Llist@everypar=\toks22

Loading lettrine.cfg
(/usr/share/texlive/texmf-dist/tex/latex/lettrine/lettrine.cfg))
(/usr/share/texlive/texmf-dist/tex/latex/metalogo/metalogo.sty
Package: metalogo 2010/05/29 v0.12 Extended TeX logo macros
\xl@everylogo=\toks23
\xl@@everylogo=\toks24
LaTeX Info: Redefining \TeX on input line 193.
LaTeX Info: Redefining \LaTeX on input line 202.
LaTeX Info: Redefining \LaTeXe on input line 219.
)
(/usr/share/texlive/texmf-dist/tex/latex/natbib/natbib.sty
Package: natbib 2010/09/13 8.31b (PWD, AO)
\bibhang=\skip64
\bibsep=\skip65
LaTeX Info: Redefining \cite on input line 694.
\c@NAT@ctr=\count288
)
(/usr/share/texlive/texmf-dist/tex/latex/titlesec/titlesec.sty
Package: titlesec 2021/07/05 v2.14 Sectioning titles
\ttl@box=\box53
\beforetitleunit=\skip66
\aftertitleunit=\skip67
\ttl@plus=\dimen183
\ttl@minus=\dimen184
\ttl@toksa=\toks25
\titlewidth=\dimen185
\titlewidthlast=\dimen186
\titlewidthfirst=\dimen187
)
(/usr/share/texlive/texmf-dist/tex/latex/titlesec/titletoc.sty
Package: titletoc 2021/07/05 v2.14 TOC entries
\ttl@leftsep=\dimen188
)
(/usr/share/texlive/texmf-dist/tex/latex/xcolor/xcolor.sty
Package: xcolor 2021/10/31 v2.13 LaTeX color extensions (UK)

(/usr/share/texlive/texmf-dist/tex/latex/graphics-cfg/color.cfg
File: color.cfg 2016/01/02 v1.6 sample color configuration
)
Package xcolor Info: Driver file: pdftex.def on input line 227.

(/usr/share/texlive/texmf-dist/tex/latex/colortbl/colortbl.sty
Package: colortbl 2020/01/04 v1.0e Color table columns (DPC)

(/usr/share/texlive/texmf-dist/tex/latex/tools/array.sty
Package: array 2021/10/04 v2.5f Tabular extension package (FMi)
\col@sep=\dimen189
\ar@mcellbox=\box54
\extrarowheight=\dimen190
\NC@list=\toks26
\extratabsurround=\skip68
\backup@length=\skip69
\ar@cellbox=\box55
)
\everycr=\toks27
\minrowclearance=\skip70
)
\rownum=\count289
Package xcolor Info: Model `cmy' substituted by `cmy0' on input line 1352.
Package xcolor Info: Model `hsb' substituted by `rgb' on input line 1356.
Package xcolor Info: Model `RGB' extended on input line 1368.
Package xcolor Info: Model `HTML' substituted by `rgb' on input line 1370.
Package xcolor Info: Model `Hsb' substituted by `hsb' on input line 1371.
Package xcolor Info: Model `tHsb' substituted by `hsb' on input line 1372.
Package xcolor Info: Model `HSB' substituted by `hsb' on input line 1373.
Package xcolor Info: Model `Gray' substituted by `gray' on input line 1374.
Package xcolor Info: Model `wave' substituted by `hsb' on input line 1375.

(/usr/share/texlive/texmf-dist/tex/latex/graphics/dvipsnam.def
File: dvipsnam.def 2016/06/17 v3.0m Driver-dependent file (DPC,SPQR)
))
(/usr/share/texlive/texmf-dist/tex/latex/pgf/frontendlayer/tikz.sty
(/usr/share/texlive/texmf-dist/tex/latex/pgf/basiclayer/pgf.sty
(/usr/share/texlive/texmf-dist/tex/latex/pgf/utilities/pgfrcs.sty
(/usr/share/texlive/texmf-dist/tex/generic/pgf/utilities/pgfutil-common.tex
\pgfutil@everybye=\toks28
\pgfutil@tempdima=\dimen191
\pgfutil@tempdimb=\dimen192

(/usr/share/texlive/texmf-dist/tex/generic/pgf/utilities/pgfutil-common-lists.t
ex)) (/usr/share/texlive/texmf-dist/tex/generic/pgf/utilities/pgfutil-latex.def
\pgfutil@abb=\box56
) (/usr/share/texlive/texmf-dist/tex/generic/pgf/utilities/pgfrcs.code.tex
(/usr/share/texlive/texmf-dist/tex/generic/pgf/pgf.revision.tex)
Package: pgfrcs 2021/05/15 v3.1.9a (3.1.9a)
))
Package: pgf 2021/05/15 v3.1.9a (3.1.9a)

(/usr/share/texlive/texmf-dist/tex/latex/pgf/basiclayer/pgfcore.sty
(/usr/share/texlive/texmf-dist/tex/latex/pgf/systemlayer/pgfsys.sty
(/usr/share/texlive/texmf-dist/tex/generic/pgf/systemlayer/pgfsys.code.tex
Package: pgfsys 2021/05/15 v3.1.9a (3.1.9a)

(/usr/share/texlive/texmf-dist/tex/generic/pgf/utilities/pgfkeys.code.tex
\pgfkeys@pathtoks=\toks29
\pgfkeys@temptoks=\toks30

(/usr/share/texlive/texmf-dist/tex/generic/pgf/utilities/pgfkeysfiltered.code.t
ex
\pgfkeys@tmptoks=\toks31
))
\pgf@x=\dimen193
\pgf@y=\dimen194
\pgf@xa=\dimen195
\pgf@ya=\dimen196
\pgf@xb=\dimen197
\pgf@yb=\dimen198
\pgf@xc=\dimen199
\pgf@yc=\dimen256
\pgf@xd=\dimen257
\pgf@yd=\dimen258
\w@pgf@writea=\write3
\r@pgf@reada=\read3
\c@pgf@counta=\count290
\c@pgf@countb=\count291
\c@pgf@countc=\count292
\c@pgf@countd=\count293
\t@pgf@toka=\toks32
\t@pgf@tokb=\toks33
\t@pgf@tokc=\toks34
\pgf@sys@id@count=\count294
 (/usr/share/texlive/texmf-dist/tex/generic/pgf/systemlayer/pgf.cfg
File: pgf.cfg 2021/05/15 v3.1.9a (3.1.9a)
)
Driver file for pgf: pgfsys-pdftex.def

(/usr/share/texlive/texmf-dist/tex/generic/pgf/systemlayer/pgfsys-pdftex.def
File: pgfsys-pdftex.def 2021/05/15 v3.1.9a (3.1.9a)

(/usr/share/texlive/texmf-dist/tex/generic/pgf/systemlayer/pgfsys-common-pdf.de
f
File: pgfsys-common-pdf.def 2021/05/15 v3.1.9a (3.1.9a)
)))
(/usr/share/texlive/texmf-dist/tex/generic/pgf/systemlayer/pgfsyssoftpath.code.
tex
File: pgfsyssoftpath.code.tex 2021/05/15 v3.1.9a (3.1.9a)
\pgfsyssoftpath@smallbuffer@items=\count295
\pgfsyssoftpath@bigbuffer@items=\count296
)
(/usr/share/texlive/texmf-dist/tex/generic/pgf/systemlayer/pgfsysprotocol.code.
tex
File: pgfsysprotocol.code.tex 2021/05/15 v3.1.9a (3.1.9a)
))
(/usr/share/texlive/texmf-dist/tex/generic/pgf/basiclayer/pgfcore.code.tex
Package: pgfcore 2021/05/15 v3.1.9a (3.1.9a)

(/usr/share/texlive/texmf-dist/tex/generic/pgf/math/pgfmath.code.tex
(/usr/share/texlive/texmf-dist/tex/generic/pgf/math/pgfmathcalc.code.tex
(/usr/share/texlive/texmf-dist/tex/generic/pgf/math/pgfmathutil.code.tex)
(/usr/share/texlive/texmf-dist/tex/generic/pgf/math/pgfmathparser.code.tex
\pgfmath@dimen=\dimen259
\pgfmath@count=\count297
\pgfmath@box=\box57
\pgfmath@toks=\toks35
\pgfmath@stack@operand=\toks36
\pgfmath@stack@operation=\toks37
)
(/usr/share/texlive/texmf-dist/tex/generic/pgf/math/pgfmathfunctions.code.tex
(/usr/share/texlive/texmf-dist/tex/generic/pgf/math/pgfmathfunctions.basic.code
.tex)
(/usr/share/texlive/texmf-dist/tex/generic/pgf/math/pgfmathfunctions.trigonomet
ric.code.tex)
(/usr/share/texlive/texmf-dist/tex/generic/pgf/math/pgfmathfunctions.random.cod
e.tex)
(/usr/share/texlive/texmf-dist/tex/generic/pgf/math/pgfmathfunctions.comparison
.code.tex)
(/usr/share/texlive/texmf-dist/tex/generic/pgf/math/pgfmathfunctions.base.code.
tex)
(/usr/share/texlive/texmf-dist/tex/generic/pgf/math/pgfmathfunctions.round.code
.tex)
(/usr/share/texlive/texmf-dist/tex/generic/pgf/math/pgfmathfunctions.misc.code.
tex)
(/usr/share/texlive/texmf-dist/tex/generic/pgf/math/pgfmathfunctions.integerari
thmetics.code.tex)))
(/usr/share/texlive/texmf-dist/tex/generic/pgf/math/pgfmathfloat.code.tex
\c@pgfmathroundto@lastzeros=\count298
))
(/usr/share/texlive/texmf-dist/tex/generic/pgf/math/pgfint.code.tex)
(/usr/share/texlive/texmf-dist/tex/generic/pgf/basiclayer/pgfcorepoints.code.te
x
File: pgfcorepoints.code.tex 2021/05/15 v3.1.9a (3.1.9a)
\pgf@picminx=\dimen260
\pgf@picmaxx=\dimen261
\pgf@picminy=\dimen262
\pgf@picmaxy=\dimen263
\pgf@pathminx=\dimen264
\pgf@pathmaxx=\dimen265
\pgf@pathminy=\dimen266
\pgf@pathmaxy=\dimen267
\pgf@xx=\dimen268
\pgf@xy=\dimen269
\pgf@yx=\dimen270
\pgf@yy=\dimen271
\pgf@zx=\dimen272
\pgf@zy=\dimen273
)
(/usr/share/texlive/texmf-dist/tex/generic/pgf/basiclayer/pgfcorepathconstruct.
code.tex
File: pgfcorepathconstruct.code.tex 2021/05/15 v3.1.9a (3.1.9a)
\pgf@path@lastx=\dimen274
\pgf@path@lasty=\dimen275
)
(/usr/share/texlive/texmf-dist/tex/generic/pgf/basiclayer/pgfcorepathusage.code
.tex
File: pgfcorepathusage.code.tex 2021/05/15 v3.1.9a (3.1.9a)
\pgf@shorten@end@additional=\dimen276
\pgf@shorten@start@additional=\dimen277
)
(/usr/share/texlive/texmf-dist/tex/generic/pgf/basiclayer/pgfcorescopes.code.te
x
File: pgfcorescopes.code.tex 2021/05/15 v3.1.9a (3.1.9a)
\pgfpic=\box58
\pgf@hbox=\box59
\pgf@layerbox@main=\box60
\pgf@picture@serial@count=\count299
)
(/usr/share/texlive/texmf-dist/tex/generic/pgf/basiclayer/pgfcoregraphicstate.c
ode.tex
File: pgfcoregraphicstate.code.tex 2021/05/15 v3.1.9a (3.1.9a)
\pgflinewidth=\dimen278
)
(/usr/share/texlive/texmf-dist/tex/generic/pgf/basiclayer/pgfcoretransformation
s.code.tex
File: pgfcoretransformations.code.tex 2021/05/15 v3.1.9a (3.1.9a)
\pgf@pt@x=\dimen279
\pgf@pt@y=\dimen280
\pgf@pt@temp=\dimen281
)
(/usr/share/texlive/texmf-dist/tex/generic/pgf/basiclayer/pgfcorequick.code.tex
File: pgfcorequick.code.tex 2021/05/15 v3.1.9a (3.1.9a)
)
(/usr/share/texlive/texmf-dist/tex/generic/pgf/basiclayer/pgfcoreobjects.code.t
ex
File: pgfcoreobjects.code.tex 2021/05/15 v3.1.9a (3.1.9a)
)
(/usr/share/texlive/texmf-dist/tex/generic/pgf/basiclayer/pgfcorepathprocessing
.code.tex
File: pgfcorepathprocessing.code.tex 2021/05/15 v3.1.9a (3.1.9a)
)
(/usr/share/texlive/texmf-dist/tex/generic/pgf/basiclayer/pgfcorearrows.code.te
x
File: pgfcorearrows.code.tex 2021/05/15 v3.1.9a (3.1.9a)
\pgfarrowsep=\dimen282
)
(/usr/share/texlive/texmf-dist/tex/generic/pgf/basiclayer/pgfcoreshade.code.tex
File: pgfcoreshade.code.tex 2021/05/15 v3.1.9a (3.1.9a)
\pgf@max=\dimen283
\pgf@sys@shading@range@num=\count300
\pgf@shadingcount=\count301
)
(/usr/share/texlive/texmf-dist/tex/generic/pgf/basiclayer/pgfcoreimage.code.tex
File: pgfcoreimage.code.tex 2021/05/15 v3.1.9a (3.1.9a)

(/usr/share/texlive/texmf-dist/tex/generic/pgf/basiclayer/pgfcoreexternal.code.
tex
File: pgfcoreexternal.code.tex 2021/05/15 v3.1.9a (3.1.9a)
\pgfexternal@startupbox=\box61
))
(/usr/share/texlive/texmf-dist/tex/generic/pgf/basiclayer/pgfcorelayers.code.te
x
File: pgfcorelayers.code.tex 2021/05/15 v3.1.9a (3.1.9a)
)
(/usr/share/texlive/texmf-dist/tex/generic/pgf/basiclayer/pgfcoretransparency.c
ode.tex
File: pgfcoretransparency.code.tex 2021/05/15 v3.1.9a (3.1.9a)
)
(/usr/share/texlive/texmf-dist/tex/generic/pgf/basiclayer/pgfcorepatterns.code.
tex
File: pgfcorepatterns.code.tex 2021/05/15 v3.1.9a (3.1.9a)
)
(/usr/share/texlive/texmf-dist/tex/generic/pgf/basiclayer/pgfcorerdf.code.tex
File: pgfcorerdf.code.tex 2021/05/15 v3.1.9a (3.1.9a)
)))
(/usr/share/texlive/texmf-dist/tex/generic/pgf/modules/pgfmoduleshapes.code.tex
File: pgfmoduleshapes.code.tex 2021/05/15 v3.1.9a (3.1.9a)
\pgfnodeparttextbox=\box62
) (/usr/share/texlive/texmf-dist/tex/generic/pgf/modules/pgfmoduleplot.code.tex
File: pgfmoduleplot.code.tex 2021/05/15 v3.1.9a (3.1.9a)
)
(/usr/share/texlive/texmf-dist/tex/latex/pgf/compatibility/pgfcomp-version-0-65
.sty
Package: pgfcomp-version-0-65 2021/05/15 v3.1.9a (3.1.9a)
\pgf@nodesepstart=\dimen284
\pgf@nodesepend=\dimen285
)
(/usr/share/texlive/texmf-dist/tex/latex/pgf/compatibility/pgfcomp-version-1-18
.sty
Package: pgfcomp-version-1-18 2021/05/15 v3.1.9a (3.1.9a)
)) (/usr/share/texlive/texmf-dist/tex/latex/pgf/utilities/pgffor.sty
(/usr/share/texlive/texmf-dist/tex/latex/pgf/utilities/pgfkeys.sty
(/usr/share/texlive/texmf-dist/tex/generic/pgf/utilities/pgfkeys.code.tex))
(/usr/share/texlive/texmf-dist/tex/latex/pgf/math/pgfmath.sty
(/usr/share/texlive/texmf-dist/tex/generic/pgf/math/pgfmath.code.tex))
(/usr/share/texlive/texmf-dist/tex/generic/pgf/utilities/pgffor.code.tex
Package: pgffor 2021/05/15 v3.1.9a (3.1.9a)

(/usr/share/texlive/texmf-dist/tex/generic/pgf/math/pgfmath.code.tex)
\pgffor@iter=\dimen286
\pgffor@skip=\dimen287
\pgffor@stack=\toks38
\pgffor@toks=\toks39
))
(/usr/share/texlive/texmf-dist/tex/generic/pgf/frontendlayer/tikz/tikz.code.tex
Package: tikz 2021/05/15 v3.1.9a (3.1.9a)

(/usr/share/texlive/texmf-dist/tex/generic/pgf/libraries/pgflibraryplothandlers
.code.tex
File: pgflibraryplothandlers.code.tex 2021/05/15 v3.1.9a (3.1.9a)
\pgf@plot@mark@count=\count302
\pgfplotmarksize=\dimen288
)
\tikz@lastx=\dimen289
\tikz@lasty=\dimen290
\tikz@lastxsaved=\dimen291
\tikz@lastysaved=\dimen292
\tikz@lastmovetox=\dimen293
\tikz@lastmovetoy=\dimen294
\tikzleveldistance=\dimen295
\tikzsiblingdistance=\dimen296
\tikz@figbox=\box63
\tikz@figbox@bg=\box64
\tikz@tempbox=\box65
\tikz@tempbox@bg=\box66
\tikztreelevel=\count303
\tikznumberofchildren=\count304
\tikznumberofcurrentchild=\count305
\tikz@fig@count=\count306

(/usr/share/texlive/texmf-dist/tex/generic/pgf/modules/pgfmodulematrix.code.tex
File: pgfmodulematrix.code.tex 2021/05/15 v3.1.9a (3.1.9a)
\pgfmatrixcurrentrow=\count307
\pgfmatrixcurrentcolumn=\count308
\pgf@matrix@numberofcolumns=\count309
)
\tikz@expandcount=\count310

(/usr/share/texlive/texmf-dist/tex/generic/pgf/frontendlayer/tikz/libraries/tik
zlibrarytopaths.code.tex
File: tikzlibrarytopaths.code.tex 2021/05/15 v3.1.9a (3.1.9a)
)))
(/usr/share/texlive/texmf-dist/tex/latex/doi/doi.sty
Package: doi 2018/09/09 handle doi numbers
)
(/usr/share/texlive/texmf-dist/tex/latex/paralist/paralist.sty
Package: paralist 2017/01/22 v2.7 Extended list environments
\pltopsep=\skip71
\plpartopsep=\skip72
\plitemsep=\skip73
\plparsep=\skip74
\pl@lab=\toks40
)
(/usr/share/texlive/texmf-dist/tex/latex/pbox/pbox.sty
Package: pbox 2011/12/07 v1.2 Dynamic parboxes
\pb@xlen=\skip75
)
(/usr/share/texlive/texmf-dist/tex/latex/tools/tabularx.sty
Package: tabularx 2020/01/15 v2.11c `tabularx' package (DPC)
\TX@col@width=\dimen297
\TX@old@table=\dimen298
\TX@old@col=\dimen299
\TX@target=\dimen300
\TX@delta=\dimen301
\TX@cols=\count311
\TX@ftn=\toks41
)
(/usr/share/texlive/texmf-dist/tex/generic/soul/soul.sty
Package: soul 2003/11/17 v2.4 letterspacing/underlining (mf)
\SOUL@word=\toks42
\SOUL@lasttoken=\toks43
\SOUL@cmds=\toks44
\SOUL@buffer=\toks45
\SOUL@token=\toks46
\SOUL@spaceskip=\skip76
\SOUL@ttwidth=\dimen302
\SOUL@uldp=\dimen303
\SOUL@ulht=\dimen304
)
(/usr/share/texlive/texmf-dist/tex/latex/wrapfig/wrapfig.sty
\wrapoverhang=\dimen305
\WF@size=\dimen306
\c@WF@wrappedlines=\count312
\WF@box=\box67
\WF@everypar=\toks47
Package: wrapfig 2003/01/31  v 3.6
)
(/usr/share/texlive/texmf-dist/tex/latex/psnfss/pifont.sty
Package: pifont 2020/03/25 PSNFSS-v9.3 Pi font support (SPQR) 
LaTeX Font Info:    Trying to load font information for U+pzd on input line 63.


(/usr/share/texlive/texmf-dist/tex/latex/psnfss/upzd.fd
File: upzd.fd 2001/06/04 font definitions for U/pzd.
)
LaTeX Font Info:    Trying to load font information for U+psy on input line 64.


(/usr/share/texlive/texmf-dist/tex/latex/psnfss/upsy.fd
File: upsy.fd 2001/06/04 font definitions for U/psy.
))
(/usr/share/texlive/texmf-dist/tex/latex/base/textcomp.sty
Package: textcomp 2020/02/02 v2.0n Standard LaTeX package
) (./slashbox.sty
slashbox style by K.Yasuoka, May 1993.
\@slashboxa=\box68
\@slashboxb=\box69
\@slashboxc=\box70
\@slashboxwd=\count313
\@slashboxht=\count314
\@slashsepl=\dimen307
\@slashsepr=\dimen308
) (/usr/share/texlive/texmf-dist/tex/latex/mdframed/mdframed.sty
Package: mdframed 2013/07/01 1.9b: mdframed

(/usr/share/texlive/texmf-dist/tex/latex/l3packages/xparse/xparse.sty
(/usr/share/texlive/texmf-dist/tex/latex/l3kernel/expl3.sty
Package: expl3 2022-01-21 L3 programming layer (loader) 

(/usr/share/texlive/texmf-dist/tex/latex/l3backend/l3backend-pdftex.def
File: l3backend-pdftex.def 2022-01-12 L3 backend support: PDF output (pdfTeX)
\l__color_backend_stack_int=\count315
\l__pdf_internal_box=\box71
))
Package: xparse 2022-01-12 L3 Experimental document command parser
)
(/usr/share/texlive/texmf-dist/tex/latex/zref/zref-abspage.sty
Package: zref-abspage 2020-07-03 v2.32 Module abspage for zref (HO)

(/usr/share/texlive/texmf-dist/tex/latex/zref/zref-base.sty
Package: zref-base 2020-07-03 v2.32 Module base for zref (HO)
Package zref Info: New property list: main on input line 764.
Package zref Info: New property: default on input line 765.
Package zref Info: New property: page on input line 766.
)
\c@abspage=\count316
Package zref Info: New property: abspage on input line 66.
)
(/usr/share/texlive/texmf-dist/tex/latex/needspace/needspace.sty
Package: needspace 2010/09/12 v1.3d reserve vertical space
)
\mdf@templength=\skip77
\c@mdf@globalstyle@cnt=\count317
\mdf@skipabove@length=\skip78
\mdf@skipbelow@length=\skip79
\mdf@leftmargin@length=\skip80
\mdf@rightmargin@length=\skip81
\mdf@innerleftmargin@length=\skip82
\mdf@innerrightmargin@length=\skip83
\mdf@innertopmargin@length=\skip84
\mdf@innerbottommargin@length=\skip85
\mdf@splittopskip@length=\skip86
\mdf@splitbottomskip@length=\skip87
\mdf@outermargin@length=\skip88
\mdf@innermargin@length=\skip89
\mdf@linewidth@length=\skip90
\mdf@innerlinewidth@length=\skip91
\mdf@middlelinewidth@length=\skip92
\mdf@outerlinewidth@length=\skip93
\mdf@roundcorner@length=\skip94
\mdf@footenotedistance@length=\skip95
\mdf@userdefinedwidth@length=\skip96
\mdf@needspace@length=\skip97
\mdf@frametitleaboveskip@length=\skip98
\mdf@frametitlebelowskip@length=\skip99
\mdf@frametitlerulewidth@length=\skip100
\mdf@frametitleleftmargin@length=\skip101
\mdf@frametitlerightmargin@length=\skip102
\mdf@shadowsize@length=\skip103
\mdf@extratopheight@length=\skip104
\mdf@subtitleabovelinewidth@length=\skip105
\mdf@subtitlebelowlinewidth@length=\skip106
\mdf@subtitleaboveskip@length=\skip107
\mdf@subtitlebelowskip@length=\skip108
\mdf@subtitleinneraboveskip@length=\skip109
\mdf@subtitleinnerbelowskip@length=\skip110
\mdf@subsubtitleabovelinewidth@length=\skip111
\mdf@subsubtitlebelowlinewidth@length=\skip112
\mdf@subsubtitleaboveskip@length=\skip113
\mdf@subsubtitlebelowskip@length=\skip114
\mdf@subsubtitleinneraboveskip@length=\skip115
\mdf@subsubtitleinnerbelowskip@length=\skip116

(/usr/share/texlive/texmf-dist/tex/latex/mdframed/md-frame-0.mdf
File: md-frame-0.mdf 2013/07/01\ 1.9b: md-frame-0
)
\mdf@frametitlebox=\box72
\mdf@footnotebox=\box73
\mdf@splitbox@one=\box74
\mdf@splitbox@two=\box75
\mdf@splitbox@save=\box76
\mdfsplitboxwidth=\skip117
\mdfsplitboxtotalwidth=\skip118
\mdfsplitboxheight=\skip119
\mdfsplitboxdepth=\skip120
\mdfsplitboxtotalheight=\skip121
\mdfframetitleboxwidth=\skip122
\mdfframetitleboxtotalwidth=\skip123
\mdfframetitleboxheight=\skip124
\mdfframetitleboxdepth=\skip125
\mdfframetitleboxtotalheight=\skip126
\mdffootnoteboxwidth=\skip127
\mdffootnoteboxtotalwidth=\skip128
\mdffootnoteboxheight=\skip129
\mdffootnoteboxdepth=\skip130
\mdffootnoteboxtotalheight=\skip131
\mdftotallinewidth=\skip132
\mdfboundingboxwidth=\skip133
\mdfboundingboxtotalwidth=\skip134
\mdfboundingboxheight=\skip135
\mdfboundingboxdepth=\skip136
\mdfboundingboxtotalheight=\skip137
\mdf@freevspace@length=\skip138
\mdf@horizontalwidthofbox@length=\skip139
\mdf@verticalmarginwhole@length=\skip140
\mdf@horizontalspaceofbox=\skip141
\mdfsubtitleheight=\skip142
\mdfsubsubtitleheight=\skip143
\c@mdfcountframes=\count318

****** mdframed patching \endmdf@trivlist

****** -- success******

\mdf@envdepth=\count319
\c@mdf@env@i=\count320
\c@mdf@env@ii=\count321
\c@mdf@zref@counter=\count322
Package zref Info: New property: mdf@pagevalue on input line 895.
)
(/usr/share/texlive/texmf-dist/tex/latex/microtype/microtype.sty
Package: microtype 2021/12/10 v3.0b Micro-typographical refinements (RS)
\MT@toks=\toks48
\MT@count=\count323
\MT@tempbox=\box77
LaTeX Info: Redefining \leftprotrusion on input line 1010.
LaTeX Info: Redefining \rightprotrusion on input line 1018.
LaTeX Info: Redefining \textls on input line 1173.
\MT@outer@kern=\dimen309
LaTeX Info: Redefining \textmicrotypecontext on input line 1759.
\MT@listname@count=\count324

(/usr/share/texlive/texmf-dist/tex/latex/microtype/microtype-pdftex.def
File: microtype-pdftex.def 2021/12/10 v3.0b Definitions specific to pdftex (RS)

LaTeX Info: Redefining \lsstyle on input line 897.
LaTeX Info: Redefining \lslig on input line 897.
\MT@outer@space=\skip144
)
Package microtype Info: Loading configuration file microtype.cfg.

(/usr/share/texlive/texmf-dist/tex/latex/microtype/microtype.cfg
File: microtype.cfg 2021/12/10 v3.0b microtype main configuration file (RS)
))
(/usr/share/texlive/texmf-dist/tex/latex/multirow/multirow.sty
Package: multirow 2021/03/15 v2.8 Span multiple rows of a table
\multirow@colwidth=\skip145
\multirow@cntb=\count325
\multirow@dima=\skip146
\bigstrutjot=\dimen310
)
(/usr/share/texlive/texmf-dist/tex/latex/listings/listings.sty
\lst@mode=\count326
\lst@gtempboxa=\box78
\lst@token=\toks49
\lst@length=\count327
\lst@currlwidth=\dimen311
\lst@column=\count328
\lst@pos=\count329
\lst@lostspace=\dimen312
\lst@width=\dimen313
\lst@newlines=\count330
\lst@lineno=\count331
\lst@maxwidth=\dimen314

(/usr/share/texlive/texmf-dist/tex/latex/listings/lstmisc.sty
File: lstmisc.sty 2020/03/24 1.8d (Carsten Heinz)
\c@lstnumber=\count332
\lst@skipnumbers=\count333
\lst@framebox=\box79
)
(/usr/share/texlive/texmf-dist/tex/latex/listings/listings.cfg
File: listings.cfg 2020/03/24 1.8d listings configuration
))
Package: listings 2020/03/24 1.8d (Carsten Heinz)

(/usr/share/texlive/texmf-dist/tex/latex/listings/lstlang1.sty
File: lstlang1.sty 2020/03/24 1.8d listings language file
)
(/usr/share/texlive/texmf-dist/tex/latex/listings/lstmisc.sty
File: lstmisc.sty 2020/03/24 1.8d (Carsten Heinz)
)
(/usr/share/texlive/texmf-dist/tex/latex/placeins/placeins.sty
Package: placeins 2005/04/18  v 2.2
)
(/usr/share/texlive/texmf-dist/tex/latex/enumitem/enumitem.sty
Package: enumitem 2019/06/20 v3.9 Customized lists
\labelindent=\skip147
\enit@outerparindent=\dimen315
\enit@toks=\toks50
\enit@inbox=\box80
\enit@count@id=\count334
\enitdp@description=\count335
)
\enitdp@rqlist=\count336

(/usr/share/texlive/texmf-dist/tex/latex/framed/framed.sty
Package: framed 2011/10/22 v 0.96: framed or shaded text with page breaks
\OuterFrameSep=\skip148
\fb@frw=\dimen316
\fb@frh=\dimen317
\FrameRule=\dimen318
\FrameSep=\dimen319
)
(/usr/share/texlive/texmf-dist/tex/latex/booktabs/booktabs.sty
Package: booktabs 2020/01/12 v1.61803398 Publication quality tables
\heavyrulewidth=\dimen320
\lightrulewidth=\dimen321
\cmidrulewidth=\dimen322
\belowrulesep=\dimen323
\belowbottomsep=\dimen324
\aboverulesep=\dimen325
\abovetopsep=\dimen326
\cmidrulesep=\dimen327
\cmidrulekern=\dimen328
\defaultaddspace=\dimen329
\@cmidla=\count337
\@cmidlb=\count338
\@aboverulesep=\dimen330
\@belowrulesep=\dimen331
\@thisruleclass=\count339
\@lastruleclass=\count340
\@thisrulewidth=\dimen332
)
(/usr/share/texlive/texmf-dist/tex/latex/relsize/relsize.sty
Package: relsize 2013/03/29 ver 4.1
)
(/usr/share/texlive/texmf-dist/tex/latex/caption/subcaption.sty
Package: subcaption 2020/10/07 v1.3j Sub-captions (AR)
\c@subfigure=\count341
\c@subtable=\count342
)
(/usr/share/texlive/texmf-dist/tex/latex/adjustbox/adjustbox.sty
Package: adjustbox 2020/08/19 v1.3 Adjusting TeX boxes (trim, clip, ...)

(/usr/share/texlive/texmf-dist/tex/latex/xkeyval/xkeyval.sty
Package: xkeyval 2020/11/20 v2.8 package option processing (HA)

(/usr/share/texlive/texmf-dist/tex/generic/xkeyval/xkeyval.tex
(/usr/share/texlive/texmf-dist/tex/generic/xkeyval/xkvutils.tex
\XKV@toks=\toks51
\XKV@tempa@toks=\toks52
)
\XKV@depth=\count343
File: xkeyval.tex 2014/12/03 v2.7a key=value parser (HA)
))
(/usr/share/texlive/texmf-dist/tex/latex/adjustbox/adjcalc.sty
Package: adjcalc 2012/05/16 v1.1 Provides advanced setlength with multiple back
-ends (calc, etex, pgfmath)
)
(/usr/share/texlive/texmf-dist/tex/latex/adjustbox/trimclip.sty
Package: trimclip 2020/08/19 v1.2 Trim and clip general TeX material

(/usr/share/texlive/texmf-dist/tex/latex/collectbox/collectbox.sty
Package: collectbox 2012/05/17 v0.4b Collect macro arguments as boxes
\collectedbox=\box81
)
\tc@llx=\dimen333
\tc@lly=\dimen334
\tc@urx=\dimen335
\tc@ury=\dimen336
Package trimclip Info: Using driver 'tc-pdftex.def'.

(/usr/share/texlive/texmf-dist/tex/latex/adjustbox/tc-pdftex.def
File: tc-pdftex.def 2019/01/04 v2.2 Clipping driver for pdftex
))
\adjbox@Width=\dimen337
\adjbox@Height=\dimen338
\adjbox@Depth=\dimen339
\adjbox@Totalheight=\dimen340
\adjbox@pwidth=\dimen341
\adjbox@pheight=\dimen342
\adjbox@pdepth=\dimen343
\adjbox@ptotalheight=\dimen344

(/usr/share/texlive/texmf-dist/tex/latex/ifoddpage/ifoddpage.sty
Package: ifoddpage 2016/04/23 v1.1 Conditionals for odd/even page detection
\c@checkoddpage=\count344
)
(/usr/share/texlive/texmf-dist/tex/latex/varwidth/varwidth.sty
Package: varwidth 2009/03/30 ver 0.92;  Variable-width minipages
\@vwid@box=\box82
\sift@deathcycles=\count345
\@vwid@loff=\dimen345
\@vwid@roff=\dimen346
))
\thumbheight=\skip149
\thumbedge=\skip150
\thumbhspace=\skip151
\thumbvspace=\skip152
\thumbwidth=\skip153
\thumbspacing=\skip154

(/usr/share/texlive/texmf-dist/tex/generic/pgf/frontendlayer/tikz/libraries/tik
zlibrarycalc.code.tex
File: tikzlibrarycalc.code.tex 2021/05/15 v3.1.9a (3.1.9a)
)
Package hyperref Info: Option `colorlinks' set `false' on input line 586.
) (./preamb/preamb.tex
(/usr/share/texlive/texmf-dist/tex/latex/amsmath/amsmath.sty
Package: amsmath 2021/10/15 v2.17l AMS math features
\@mathmargin=\skip155

For additional information on amsmath, use the `?' option.
(/usr/share/texlive/texmf-dist/tex/latex/amsmath/amstext.sty
Package: amstext 2021/08/26 v2.01 AMS text

(/usr/share/texlive/texmf-dist/tex/latex/amsmath/amsgen.sty
File: amsgen.sty 1999/11/30 v2.0 generic functions
\@emptytoks=\toks53
\ex@=\dimen347
))
(/usr/share/texlive/texmf-dist/tex/latex/amsmath/amsbsy.sty
Package: amsbsy 1999/11/29 v1.2d Bold Symbols
\pmbraise@=\dimen348
)
(/usr/share/texlive/texmf-dist/tex/latex/amsmath/amsopn.sty
Package: amsopn 2021/08/26 v2.02 operator names
)
\inf@bad=\count346
LaTeX Info: Redefining \frac on input line 234.
\uproot@=\count347
\leftroot@=\count348
LaTeX Info: Redefining \overline on input line 399.
\classnum@=\count349
\DOTSCASE@=\count350
LaTeX Info: Redefining \ldots on input line 496.
LaTeX Info: Redefining \dots on input line 499.
LaTeX Info: Redefining \cdots on input line 620.
\Mathstrutbox@=\box83
\strutbox@=\box84
\big@size=\dimen349
LaTeX Font Info:    Redeclaring font encoding OML on input line 743.
LaTeX Font Info:    Redeclaring font encoding OMS on input line 744.
\macc@depth=\count351
\c@MaxMatrixCols=\count352
\dotsspace@=\muskip17
\c@parentequation=\count353
\dspbrk@lvl=\count354
\tag@help=\toks54
\row@=\count355
\column@=\count356
\maxfields@=\count357
\andhelp@=\toks55
\eqnshift@=\dimen350
\alignsep@=\dimen351
\tagshift@=\dimen352
\tagwidth@=\dimen353
\totwidth@=\dimen354
\lineht@=\dimen355
\@envbody=\toks56
\multlinegap=\skip156
\multlinetaggap=\skip157
\mathdisplay@stack=\toks57
LaTeX Info: Redefining \[ on input line 2938.
LaTeX Info: Redefining \] on input line 2939.
)
(/usr/share/texlive/texmf-dist/tex/latex/amsfonts/amssymb.sty
Package: amssymb 2013/01/14 v3.01 AMS font symbols

(/usr/share/texlive/texmf-dist/tex/latex/amsfonts/amsfonts.sty
Package: amsfonts 2013/01/14 v3.01 Basic AMSFonts support
\symAMSa=\mathgroup4
\symAMSb=\mathgroup5
LaTeX Font Info:    Redeclaring math symbol \hbar on input line 98.
LaTeX Font Info:    Overwriting math alphabet `\mathfrak' in version `bold'
(Font)                  U/euf/m/n --> U/euf/b/n on input line 106.
))
(/usr/share/texlive/texmf-dist/tex/generic/mathabx/mathabx.sty
Package: mathabx 2003/07/29 v0.0 Non-standard LaTeX package mathabx
\symmatha=\mathgroup6
\symmathb=\mathgroup7
\symmathx=\mathgroup8

(/usr/share/texlive/texmf-dist/tex/generic/mathabx/mathabx.dcl
LaTeX Font Info:    Redeclaring math symbol \cdotp on input line 25.
LaTeX Font Info:    Redeclaring math symbol \times on input line 33.
LaTeX Font Info:    Redeclaring math symbol \div on input line 34.
LaTeX Font Info:    Redeclaring math symbol \cdot on input line 35.
LaTeX Font Info:    Redeclaring math symbol \circ on input line 36.
LaTeX Font Info:    Redeclaring math symbol \ast on input line 38.
LaTeX Font Info:    Redeclaring math symbol \pm on input line 41.
LaTeX Font Info:    Redeclaring math symbol \mp on input line 42.
LaTeX Font Info:    Redeclaring math symbol \ltimes on input line 43.
LaTeX Font Info:    Redeclaring math symbol \rtimes on input line 44.
LaTeX Font Info:    Redeclaring math symbol \diamond on input line 45.
LaTeX Font Info:    Redeclaring math symbol \bullet on input line 46.
LaTeX Font Info:    Redeclaring math symbol \star on input line 47.
LaTeX Font Info:    Redeclaring math symbol \amalg on input line 51.
LaTeX Font Info:    Redeclaring math symbol \dotplus on input line 58.
LaTeX Font Info:    Redeclaring math symbol \square on input line 63.
LaTeX Font Info:    Redeclaring math symbol \divideontimes on input line 71.
LaTeX Font Info:    Redeclaring math symbol \bigstar on input line 75.
LaTeX Font Info:    Redeclaring math symbol \equiv on input line 83.
LaTeX Font Info:    Redeclaring math symbol \sim on input line 84.
LaTeX Font Info:    Redeclaring math symbol \approx on input line 85.
LaTeX Font Info:    Redeclaring math symbol \simeq on input line 86.
LaTeX Font Info:    Redeclaring math symbol \asymp on input line 89.
LaTeX Font Info:    Redeclaring math symbol \nsim on input line 97.
LaTeX Font Info:    Redeclaring math symbol \ncong on input line 100.
LaTeX Font Info:    Redeclaring math symbol \risingdotseq on input line 118.
LaTeX Font Info:    Redeclaring math symbol \fallingdotseq on input line 119.
LaTeX Font Info:    Redeclaring math symbol \circeq on input line 125.
LaTeX Font Info:    Redeclaring math symbol \eqcirc on input line 126.
LaTeX Font Info:    Redeclaring math symbol \triangleq on input line 127.
LaTeX Font Info:    Redeclaring math symbol \neg on input line 134.
LaTeX Font Info:    Redeclaring math symbol \ll on input line 136.
LaTeX Font Info:    Redeclaring math symbol \gg on input line 137.
LaTeX Font Info:    Redeclaring math symbol \vdash on input line 139.
LaTeX Font Info:    Redeclaring math symbol \dashv on input line 140.
LaTeX Font Info:    Redeclaring math symbol \nvdash on input line 141.
LaTeX Font Info:    Redeclaring math symbol \vDash on input line 143.
LaTeX Font Info:    Redeclaring math symbol \nvDash on input line 145.
LaTeX Font Info:    Redeclaring math symbol \Vdash on input line 147.
LaTeX Font Info:    Redeclaring math symbol \nVdash on input line 149.
LaTeX Font Info:    Redeclaring math symbol \flat on input line 158.
LaTeX Font Info:    Redeclaring math symbol \natural on input line 159.
LaTeX Font Info:    Redeclaring math symbol \sharp on input line 160.
LaTeX Font Info:    Redeclaring math symbol \infty on input line 161.
LaTeX Font Info:    Redeclaring math symbol \propto on input line 162.
LaTeX Font Info:    Redeclaring math symbol \dagger on input line 163.
LaTeX Font Info:    Redeclaring math symbol \ddagger on input line 164.
LaTeX Font Info:    Redeclaring math symbol \between on input line 170.
LaTeX Font Info:    Redeclaring math symbol \smile on input line 171.
LaTeX Font Info:    Redeclaring math symbol \frown on input line 172.
LaTeX Font Info:    Redeclaring math symbol \leftthreetimes on input line 174.
LaTeX Font Info:    Redeclaring math symbol \rightthreetimes on input line 175.

LaTeX Font Info:    Redeclaring math symbol \pitchfork on input line 176.
LaTeX Font Info:    Redeclaring math symbol \nVDash on input line 182.
LaTeX Font Info:    Redeclaring math symbol \Vvdash on input line 184.
LaTeX Font Info:    Redeclaring math symbol \therefore on input line 189.
LaTeX Font Info:    Redeclaring math symbol \because on input line 190.
LaTeX Font Info:    Redeclaring math accent \dot on input line 193.
LaTeX Font Info:    Redeclaring math accent \ddot on input line 195.
LaTeX Font Info:    Redeclaring math symbol \measuredangle on input line 202.
LaTeX Font Info:    Redeclaring math symbol \sphericalangle on input line 203.
LaTeX Font Info:    Redeclaring math symbol \setminus on input line 218.
LaTeX Font Info:    Redeclaring math symbol \mid on input line 222.
LaTeX Font Info:    Redeclaring math symbol \forall on input line 279.
LaTeX Font Info:    Redeclaring math symbol \complement on input line 280.
LaTeX Font Info:    Redeclaring math symbol \partial on input line 281.
LaTeX Font Info:    Redeclaring math symbol \exists on input line 284.
LaTeX Font Info:    Redeclaring math symbol \nexists on input line 285.
LaTeX Font Info:    Redeclaring math symbol \Finv on input line 286.
LaTeX Font Info:    Redeclaring math symbol \Game on input line 287.
LaTeX Font Info:    Redeclaring math symbol \emptyset on input line 288.
LaTeX Font Info:    Redeclaring math symbol \top on input line 290.
LaTeX Font Info:    Redeclaring math symbol \bot on input line 291.
LaTeX Font Info:    Redeclaring math symbol \perp on input line 292.
LaTeX Font Info:    Redeclaring math symbol \curlywedge on input line 296.
LaTeX Font Info:    Redeclaring math symbol \curlyvee on input line 297.
LaTeX Font Info:    Redeclaring math symbol \in on input line 299.
LaTeX Font Info:    Redeclaring math symbol \owns on input line 300.
LaTeX Font Info:    Redeclaring math symbol \cap on input line 312.
LaTeX Font Info:    Redeclaring math symbol \cup on input line 313.
LaTeX Font Info:    Redeclaring math symbol \uplus on input line 314.
LaTeX Font Info:    Redeclaring math symbol \sqcap on input line 315.
LaTeX Font Info:    Redeclaring math symbol \sqcup on input line 316.
LaTeX Font Info:    Redeclaring math symbol \wedge on input line 318.
LaTeX Font Info:    Redeclaring math symbol \vee on input line 320.
LaTeX Font Info:    Redeclaring math symbol \barwedge on input line 327.
LaTeX Font Info:    Redeclaring math symbol \veebar on input line 328.
LaTeX Font Info:    Redeclaring math symbol \doublebarwedge on input line 329.
LaTeX Font Info:    Redeclaring math symbol \doublecap on input line 331.
LaTeX Font Info:    Redeclaring math symbol \doublecup on input line 333.
LaTeX Font Info:    Redeclaring math symbol \subset on input line 344.
LaTeX Font Info:    Redeclaring math symbol \supset on input line 345.
LaTeX Font Info:    Redeclaring math symbol \subseteq on input line 348.
LaTeX Font Info:    Redeclaring math symbol \supseteq on input line 349.
LaTeX Font Info:    Redeclaring math symbol \nsubseteq on input line 350.
LaTeX Font Info:    Redeclaring math symbol \nsupseteq on input line 351.
LaTeX Font Info:    Redeclaring math symbol \subsetneq on input line 352.
LaTeX Font Info:    Redeclaring math symbol \supsetneq on input line 353.
LaTeX Font Info:    Redeclaring math symbol \varsubsetneq on input line 354.
LaTeX Font Info:    Redeclaring math symbol \varsupsetneq on input line 355.
LaTeX Font Info:    Redeclaring math symbol \subseteqq on input line 357.
LaTeX Font Info:    Redeclaring math symbol \supseteqq on input line 358.
LaTeX Font Info:    Redeclaring math symbol \nsubseteqq on input line 359.
LaTeX Font Info:    Redeclaring math symbol \nsupseteqq on input line 360.
LaTeX Font Info:    Redeclaring math symbol \subsetneqq on input line 361.
LaTeX Font Info:    Redeclaring math symbol \supsetneqq on input line 362.
LaTeX Font Info:    Redeclaring math symbol \varsubsetneqq on input line 363.
LaTeX Font Info:    Redeclaring math symbol \varsupsetneqq on input line 364.
LaTeX Font Info:    Redeclaring math symbol \Subset on input line 366.
LaTeX Font Info:    Redeclaring math symbol \Supset on input line 367.
LaTeX Font Info:    Redeclaring math symbol \sqsubseteq on input line 380.
LaTeX Font Info:    Redeclaring math symbol \sqsupseteq on input line 381.
LaTeX Font Info:    Redeclaring math symbol \triangleleft on input line 407.
LaTeX Font Info:    Redeclaring math symbol \vartriangleleft on input line 408.

LaTeX Font Info:    Redeclaring math symbol \triangleright on input line 409.
LaTeX Font Info:    Redeclaring math symbol \vartriangleright on input line 410
.
LaTeX Font Info:    Redeclaring math symbol \ntriangleleft on input line 411.
LaTeX Font Info:    Redeclaring math symbol \ntriangleright on input line 412.
LaTeX Font Info:    Redeclaring math symbol \trianglelefteq on input line 413.
LaTeX Font Info:    Redeclaring math symbol \trianglerighteq on input line 414.

LaTeX Font Info:    Redeclaring math symbol \ntrianglelefteq on input line 415.

LaTeX Font Info:    Redeclaring math symbol \ntrianglerighteq on input line 416
.
LaTeX Font Info:    Redeclaring math symbol \blacktriangledown on input line 42
7.
LaTeX Font Info:    Redeclaring math symbol \blacktriangleleft on input line 42
8.
LaTeX Font Info:    Redeclaring math symbol \blacktriangleright on input line 4
29.
LaTeX Font Info:    Redeclaring math symbol \nless on input line 437.
LaTeX Font Info:    Redeclaring math symbol \ngtr on input line 438.
LaTeX Font Info:    Redeclaring math symbol \leq on input line 439.
LaTeX Font Info:    Redeclaring math symbol \geq on input line 441.
LaTeX Font Info:    Redeclaring math symbol \nleq on input line 443.
LaTeX Font Info:    Redeclaring math symbol \ngeq on input line 445.
LaTeX Font Info:    Redeclaring math symbol \lneq on input line 451.
LaTeX Font Info:    Redeclaring math symbol \gneq on input line 452.
LaTeX Font Info:    Redeclaring math symbol \leqq on input line 453.
LaTeX Font Info:    Redeclaring math symbol \geqq on input line 454.
LaTeX Font Info:    Redeclaring math symbol \nleqq on input line 455.
LaTeX Font Info:    Redeclaring math symbol \ngeqq on input line 456.
LaTeX Font Info:    Redeclaring math symbol \lneqq on input line 457.
LaTeX Font Info:    Redeclaring math symbol \gneqq on input line 458.
LaTeX Font Info:    Redeclaring math symbol \lvertneqq on input line 459.
LaTeX Font Info:    Redeclaring math symbol \gvertneqq on input line 460.
LaTeX Font Info:    Redeclaring math symbol \eqslantless on input line 461.
LaTeX Font Info:    Redeclaring math symbol \eqslantgtr on input line 462.
LaTeX Font Info:    Redeclaring math symbol \lessgtr on input line 465.
LaTeX Font Info:    Redeclaring math symbol \gtrless on input line 466.
LaTeX Font Info:    Redeclaring math symbol \lesseqgtr on input line 467.
LaTeX Font Info:    Redeclaring math symbol \gtreqless on input line 468.
LaTeX Font Info:    Redeclaring math symbol \lesseqqgtr on input line 469.
LaTeX Font Info:    Redeclaring math symbol \gtreqqless on input line 470.
LaTeX Font Info:    Redeclaring math symbol \lesssim on input line 472.
LaTeX Font Info:    Redeclaring math symbol \gtrsim on input line 473.
LaTeX Font Info:    Redeclaring math symbol \lnsim on input line 476.
LaTeX Font Info:    Redeclaring math symbol \gnsim on input line 477.
LaTeX Font Info:    Redeclaring math symbol \lessapprox on input line 478.
LaTeX Font Info:    Redeclaring math symbol \gtrapprox on input line 479.
LaTeX Font Info:    Redeclaring math symbol \lnapprox on input line 482.
LaTeX Font Info:    Redeclaring math symbol \gnapprox on input line 483.
LaTeX Font Info:    Redeclaring math symbol \lessdot on input line 485.
LaTeX Font Info:    Redeclaring math symbol \gtrdot on input line 486.
LaTeX Font Info:    Redeclaring math symbol \lll on input line 488.
LaTeX Font Info:    Redeclaring math symbol \ggg on input line 489.
LaTeX Font Info:    Redeclaring math symbol \prec on input line 498.
LaTeX Font Info:    Redeclaring math symbol \succ on input line 499.
LaTeX Font Info:    Redeclaring math symbol \nprec on input line 500.
LaTeX Font Info:    Redeclaring math symbol \nsucc on input line 501.
LaTeX Font Info:    Redeclaring math symbol \preccurlyeq on input line 502.
LaTeX Font Info:    Redeclaring math symbol \succcurlyeq on input line 503.
LaTeX Font Info:    Redeclaring math symbol \preceq on input line 506.
LaTeX Font Info:    Redeclaring math symbol \succeq on input line 507.
LaTeX Font Info:    Redeclaring math symbol \npreceq on input line 508.
LaTeX Font Info:    Redeclaring math symbol \nsucceq on input line 509.
LaTeX Font Info:    Redeclaring math symbol \curlyeqprec on input line 512.
LaTeX Font Info:    Redeclaring math symbol \curlyeqsucc on input line 513.
LaTeX Font Info:    Redeclaring math symbol \precsim on input line 517.
LaTeX Font Info:    Redeclaring math symbol \succsim on input line 518.
LaTeX Font Info:    Redeclaring math symbol \precnsim on input line 521.
LaTeX Font Info:    Redeclaring math symbol \succnsim on input line 522.
LaTeX Font Info:    Redeclaring math symbol \precapprox on input line 523.
LaTeX Font Info:    Redeclaring math symbol \succapprox on input line 524.
LaTeX Font Info:    Redeclaring math symbol \precnapprox on input line 527.
LaTeX Font Info:    Redeclaring math symbol \succnapprox on input line 528.
LaTeX Font Info:    Redeclaring math symbol \leftarrow on input line 540.
LaTeX Font Info:    Redeclaring math symbol \rightarrow on input line 542.
LaTeX Font Info:    Redeclaring math symbol \nwarrow on input line 546.
LaTeX Font Info:    Redeclaring math symbol \nearrow on input line 547.
LaTeX Font Info:    Redeclaring math symbol \swarrow on input line 548.
LaTeX Font Info:    Redeclaring math symbol \searrow on input line 549.
LaTeX Font Info:    Redeclaring math symbol \leftrightarrow on input line 550.
LaTeX Font Info:    Redeclaring math symbol \nleftarrow on input line 552.
LaTeX Font Info:    Redeclaring math symbol \nrightarrow on input line 553.
LaTeX Font Info:    Redeclaring math symbol \nleftrightarrow on input line 554.

LaTeX Font Info:    Redeclaring math symbol \mapstochar on input line 557.
LaTeX Font Info:    Redeclaring math symbol \leftharpoonup on input line 560.
LaTeX Font Info:    Redeclaring math symbol \rightharpoonup on input line 561.
LaTeX Font Info:    Redeclaring math symbol \leftharpoondown on input line 562.

LaTeX Font Info:    Redeclaring math symbol \rightharpoondown on input line 563
.
LaTeX Font Info:    Redeclaring math symbol \upharpoonleft on input line 564.
LaTeX Font Info:    Redeclaring math symbol \downharpoonleft on input line 565.

LaTeX Font Info:    Redeclaring math symbol \upharpoonright on input line 566.
LaTeX Font Info:    Redeclaring math symbol \restriction on input line 567.
LaTeX Font Info:    Redeclaring math symbol \downharpoonright on input line 568
.
LaTeX Font Info:    Redeclaring math symbol \leftrightharpoons on input line 56
9.
LaTeX Font Info:    Redeclaring math symbol \Leftarrow on input line 575.
LaTeX Font Info:    Redeclaring math symbol \Rightarrow on input line 576.
LaTeX Font Info:    Redeclaring math symbol \Leftrightarrow on input line 579.
LaTeX Font Info:    Redeclaring math symbol \nLeftarrow on input line 581.
LaTeX Font Info:    Redeclaring math symbol \nRightarrow on input line 582.
LaTeX Font Info:    Redeclaring math symbol \nLeftrightarrow on input line 583.

LaTeX Font Info:    Redeclaring math symbol \leftleftarrows on input line 593.
LaTeX Font Info:    Redeclaring math symbol \rightrightarrows on input line 594
.
LaTeX Font Info:    Redeclaring math symbol \upuparrows on input line 595.
LaTeX Font Info:    Redeclaring math symbol \downdownarrows on input line 596.
LaTeX Font Info:    Redeclaring math symbol \leftrightarrows on input line 597.

LaTeX Font Info:    Redeclaring math symbol \rightleftarrows on input line 598.

LaTeX Font Info:    Redeclaring math symbol \rhook on input line 612.
LaTeX Font Info:    Redeclaring math symbol \lhook on input line 613.
LaTeX Font Info:    Redeclaring math symbol \diagup on input line 614.
LaTeX Font Info:    Redeclaring math symbol \diagdown on input line 615.
LaTeX Font Info:    Redeclaring math symbol \Lsh on input line 617.
LaTeX Font Info:    Redeclaring math symbol \Rsh on input line 619.
LaTeX Font Info:    Redeclaring math symbol \looparrowleft on input line 624.
LaTeX Font Info:    Redeclaring math symbol \looparrowright on input line 626.
LaTeX Font Info:    Redeclaring math symbol \curvearrowleft on input line 631.
LaTeX Font Info:    Redeclaring math symbol \curvearrowright on input line 633.

LaTeX Font Info:    Redeclaring math symbol \circlearrowleft on input line 641.

LaTeX Font Info:    Redeclaring math symbol \circlearrowright on input line 642
.
LaTeX Font Info:    Redeclaring math symbol \rightsquigarrow on input line 645.

LaTeX Font Info:    Redeclaring math symbol \leftrightsquigarrow on input line 
646.
LaTeX Font Info:    Redeclaring math symbol \oplus on input line 658.
LaTeX Font Info:    Redeclaring math symbol \ominus on input line 659.
LaTeX Font Info:    Redeclaring math symbol \otimes on input line 661.
LaTeX Font Info:    Redeclaring math symbol \odot on input line 663.
LaTeX Font Info:    Redeclaring math symbol \oslash on input line 675.
LaTeX Font Info:    Redeclaring math symbol \boxplus on input line 683.
LaTeX Font Info:    Redeclaring math symbol \boxminus on input line 684.
LaTeX Font Info:    Redeclaring math symbol \boxtimes on input line 686.
LaTeX Font Info:    Redeclaring math symbol \boxdot on input line 688.
\mayacnter=\count358
\mayacnta=\count359
\mayacntb=\count360
\mayacntc=\count361
\mayawidth=\dimen356
LaTeX Font Info:    Redeclaring math symbol \intop on input line 753.
LaTeX Font Info:    Redeclaring math symbol \ointop on input line 760.
LaTeX Font Info:    Redeclaring math delimiter \lbrace on input line 842.
LaTeX Info: Redefining \{ on input line 846.
LaTeX Font Info:    Redeclaring math delimiter \rbrace on input line 848.
LaTeX Info: Redefining \} on input line 852.
LaTeX Font Info:    Redeclaring math delimiter \langle on input line 858.
LaTeX Font Info:    Redeclaring math delimiter \rangle on input line 859.
LaTeX Font Info:    Redeclaring math delimiter \vert on input line 863.
LaTeX Font Info:    Redeclaring math delimiter \Vert on input line 865.
LaTeX Font Info:    Redeclaring math delimiter \uparrow on input line 868.
LaTeX Font Info:    Redeclaring math delimiter \downarrow on input line 869.
LaTeX Font Info:    Redeclaring math delimiter \updownarrow on input line 870.
LaTeX Font Info:    Redeclaring math delimiter \Uparrow on input line 871.
LaTeX Font Info:    Redeclaring math delimiter \Downarrow on input line 872.
LaTeX Font Info:    Redeclaring math delimiter \Updownarrow on input line 873.
LaTeX Font Info:    Redeclaring math delimiter \lgroup on input line 880.
LaTeX Font Info:    Redeclaring math delimiter \rgroup on input line 881.
LaTeX Font Info:    Redeclaring math delimiter \lceil on input line 882.
LaTeX Font Info:    Redeclaring math delimiter \rceil on input line 883.
LaTeX Font Info:    Redeclaring math delimiter \lfloor on input line 884.
LaTeX Font Info:    Redeclaring math delimiter \rfloor on input line 885.
LaTeX Font Info:    Redeclaring math symbol \braceld on input line 903.
LaTeX Font Info:    Redeclaring math symbol \bracerd on input line 905.
LaTeX Font Info:    Redeclaring math symbol \bracelu on input line 907.
LaTeX Font Info:    Redeclaring math symbol \braceru on input line 909.
LaTeX Font Info:    Redeclaring math accent \widehat on input line 944.
LaTeX Font Info:    Redeclaring math accent \widetilde on input line 946.
))
(/usr/share/texlive/texmf-dist/tex/latex/bbold/bbold.sty
Package: bbold 1994/04/06 Bbold symbol package
LaTeX Font Info:    Redeclaring math alphabet \mathbb on input line 42.
)
(/usr/share/texlive/texmf-dist/tex/latex/wasysym/wasysym.sty
Package: wasysym 2020/01/19 v2.4 Wasy-2 symbol support package
\symwasy=\mathgroup9
LaTeX Font Info:    Overwriting symbol font `wasy' in version `bold'
(Font)                  U/wasy/m/n --> U/wasy/b/n on input line 93.
)
(/usr/share/texlive/texmf-dist/tex/latex/mathtools/mathtools.sty
Package: mathtools 2021/02/02 v1.28 mathematical typesetting tools

(/usr/share/texlive/texmf-dist/tex/latex/mathtools/mhsetup.sty
Package: mhsetup 2021/03/18 v1.4 programming setup (MH)
)
\g_MT_multlinerow_int=\count362
\l_MT_multwidth_dim=\dimen357
\origjot=\skip158
\l_MT_shortvdotswithinadjustabove_dim=\dimen358
\l_MT_shortvdotswithinadjustbelow_dim=\dimen359
\l_MT_above_intertext_sep=\dimen360
\l_MT_below_intertext_sep=\dimen361
\l_MT_above_shortintertext_sep=\dimen362
\l_MT_below_shortintertext_sep=\dimen363
\xmathstrut@box=\box85
\xmathstrut@dim=\dimen364
)
(/usr/share/texlive/texmf-dist/tex/latex/physics/physics.sty
Package: physics 
)
(/usr/share/texlive/texmf-dist/tex/latex/romannum/romannum.sty
Package: romannum 2009/09/03 v1.0b roman numerals

(/usr/share/texlive/texmf-dist/tex/latex/stdclsdv/stdclsdv.sty
Package: stdclsdv 2009/09/04 v1.1a Sectional divisions
))
(/usr/share/texlive/texmf-dist/tex/latex/cleveref/cleveref.sty
Package: cleveref 2018/03/27 v0.21.4 Intelligent cross-referencing
Package cleveref Info: `hyperref' support loaded on input line 2370.
LaTeX Info: Redefining \cref on input line 2370.
LaTeX Info: Redefining \Cref on input line 2370.
LaTeX Info: Redefining \crefrange on input line 2370.
LaTeX Info: Redefining \Crefrange on input line 2370.
LaTeX Info: Redefining \cpageref on input line 2370.
LaTeX Info: Redefining \Cpageref on input line 2370.
LaTeX Info: Redefining \cpagerefrange on input line 2370.
LaTeX Info: Redefining \Cpagerefrange on input line 2370.
LaTeX Info: Redefining \labelcref on input line 2370.
LaTeX Info: Redefining \labelcpageref on input line 2370.
Package cleveref Info: `listings' support loaded on input line 3131.
)
(/usr/share/texlive/texmf-dist/tex/latex/pdfpages/pdfpages.sty
Package: pdfpages 2022/01/29 v0.5u Insert pages of external PDF documents (AM)

(/usr/share/texlive/texmf-dist/tex/latex/eso-pic/eso-pic.sty
Package: eso-pic 2020/10/14 v3.0a eso-pic (RN)
\ESO@tempdima=\dimen365
\ESO@tempdimb=\dimen366
)
\AM@pagewidth=\dimen367
\AM@pageheight=\dimen368
\AM@fboxrule=\dimen369

(/usr/share/texlive/texmf-dist/tex/latex/pdfpages/pppdftex.def
File: pppdftex.def 2022/01/29 v0.5u Pdfpages driver for pdfTeX (AM)
)
\pdfpages@includegraphics@status=\count363
\AM@pagebox=\box86
\AM@global@opts=\toks58
\AM@pagecnt=\count364
\AM@toc@title=\toks59
\c@AM@survey=\count365
\AM@templatesizebox=\box87
)
(/usr/share/texlive/texmf-dist/tex/latex/tikz-cd/tikz-cd.sty
Package: tikz-cd 2021/05/04 v1.0 Commutative diagrams with TikZ

(/usr/share/texlive/texmf-dist/tex/generic/tikz-cd/tikzlibrarycd.code.tex
(/usr/share/texlive/texmf-dist/tex/generic/pgf/frontendlayer/tikz/libraries/tik
zlibrarymatrix.code.tex
File: tikzlibrarymatrix.code.tex 2021/05/15 v3.1.9a (3.1.9a)
)
(/usr/share/texlive/texmf-dist/tex/generic/pgf/frontendlayer/tikz/libraries/tik
zlibraryquotes.code.tex
File: tikzlibraryquotes.code.tex 2021/05/15 v3.1.9a (3.1.9a)
)
(/usr/share/texlive/texmf-dist/tex/generic/pgf/libraries/pgflibraryarrows.meta.
code.tex
File: pgflibraryarrows.meta.code.tex 2021/05/15 v3.1.9a (3.1.9a)
\pgfarrowinset=\dimen370
\pgfarrowlength=\dimen371
\pgfarrowwidth=\dimen372
\pgfarrowlinewidth=\dimen373
)))
(/usr/share/texlive/texmf-dist/tex/generic/pgf/frontendlayer/tikz/libraries/tik
zlibrarydecorations.markings.code.tex
(/usr/share/texlive/texmf-dist/tex/generic/pgf/frontendlayer/tikz/libraries/tik
zlibrarydecorations.code.tex
(/usr/share/texlive/texmf-dist/tex/generic/pgf/modules/pgfmoduledecorations.cod
e.tex
\pgfdecoratedcompleteddistance=\dimen374
\pgfdecoratedremainingdistance=\dimen375
\pgfdecoratedinputsegmentcompleteddistance=\dimen376
\pgfdecoratedinputsegmentremainingdistance=\dimen377
\pgf@decorate@distancetomove=\dimen378
\pgf@decorate@repeatstate=\count366
\pgfdecorationsegmentamplitude=\dimen379
\pgfdecorationsegmentlength=\dimen380
)
\tikz@lib@dec@box=\box88
)
(/usr/share/texlive/texmf-dist/tex/generic/pgf/libraries/decorations/pgflibrary
decorations.markings.code.tex))
(/usr/share/texlive/texmf-dist/tex/generic/pgf/frontendlayer/tikz/libraries/tik
zlibraryshapes.geometric.code.tex
File: tikzlibraryshapes.geometric.code.tex 2021/05/15 v3.1.9a (3.1.9a)

(/usr/share/texlive/texmf-dist/tex/generic/pgf/libraries/shapes/pgflibraryshape
s.geometric.code.tex
File: pgflibraryshapes.geometric.code.tex 2021/05/15 v3.1.9a (3.1.9a)
))
(/usr/share/texlive/texmf-dist/tex/generic/pgf/frontendlayer/tikz/libraries/tik
zlibraryarrows.code.tex
File: tikzlibraryarrows.code.tex 2021/05/15 v3.1.9a (3.1.9a)

(/usr/share/texlive/texmf-dist/tex/generic/pgf/libraries/pgflibraryarrows.code.
tex
File: pgflibraryarrows.code.tex 2021/05/15 v3.1.9a (3.1.9a)
\arrowsize=\dimen381
))
(/usr/share/texlive/texmf-dist/tex/generic/pgf/frontendlayer/tikz/libraries/tik
zlibraryscopes.code.tex
File: tikzlibraryscopes.code.tex 2021/05/15 v3.1.9a (3.1.9a)
)
(/usr/share/texlive/texmf-dist/tex/generic/pgf/frontendlayer/tikz/libraries/tik
zlibraryintersections.code.tex
(/usr/share/texlive/texmf-dist/tex/generic/pgf/libraries/pgflibraryintersection
s.code.tex
(/usr/share/texlive/texmf-dist/tex/generic/pgf/libraries/pgflibraryfpu.code.tex
)
\pgf@intersect@solutions=\count367
))
(/usr/share/texlive/texmf-dist/tex/generic/pgf/frontendlayer/tikz/libraries/tik
zlibrarydecorations.pathreplacing.code.tex
(/usr/share/texlive/texmf-dist/tex/generic/pgf/libraries/decorations/pgflibrary
decorations.pathreplacing.code.tex))
(/usr/share/texlive/texmf-dist/tex/generic/pgf/frontendlayer/tikz/libraries/tik
zlibraryangles.code.tex
File: tikzlibraryangles.code.tex 2021/05/15 v3.1.9a (3.1.9a)
)
(/usr/share/texlive/texmf-dist/tex/generic/pgf/frontendlayer/tikz/libraries/tik
zlibrarypatterns.code.tex
File: tikzlibrarypatterns.code.tex 2021/05/15 v3.1.9a (3.1.9a)

(/usr/share/texlive/texmf-dist/tex/generic/pgf/libraries/pgflibrarypatterns.cod
e.tex
File: pgflibrarypatterns.code.tex 2021/05/15 v3.1.9a (3.1.9a)
))
(/usr/share/texlive/texmf-dist/tex/generic/pgf/frontendlayer/tikz/libraries/tik
zlibrarydecorations.pathmorphing.code.tex
(/usr/share/texlive/texmf-dist/tex/generic/pgf/libraries/decorations/pgflibrary
decorations.pathmorphing.code.tex))) (./preamb/TikzSetup.tex)
(/usr/share/texlive/texmf-dist/tex/latex/pgf/frontendlayer/libraries/tikzlibrar
yexternal.code.tex
(/usr/share/texlive/texmf-dist/tex/generic/pgf/frontendlayer/tikz/libraries/tik
zexternalshared.code.tex)) (./main.aux (./frontmatter/titlepage.aux)
(./frontmatter/committee.aux) (./frontmatter/acknowledgments.aux)
(./frontmatter/summary.aux) (./frontmatter/samenvatting.aux)
(./chapters/applications/frieze.aux))
\openout1 = `main.aux'.

LaTeX Font Info:    Checking defaults for OML/cmm/m/it on input line 18.
LaTeX Font Info:    ... okay on input line 18.
LaTeX Font Info:    Checking defaults for OMS/cmsy/m/n on input line 18.
LaTeX Font Info:    ... okay on input line 18.
LaTeX Font Info:    Checking defaults for OT1/cmr/m/n on input line 18.
LaTeX Font Info:    ... okay on input line 18.
LaTeX Font Info:    Checking defaults for T1/cmr/m/n on input line 18.
LaTeX Font Info:    ... okay on input line 18.
LaTeX Font Info:    Checking defaults for TS1/cmr/m/n on input line 18.
LaTeX Font Info:    ... okay on input line 18.
LaTeX Font Info:    Checking defaults for OMX/cmex/m/n on input line 18.
LaTeX Font Info:    ... okay on input line 18.
LaTeX Font Info:    Checking defaults for U/mathx/m/n on input line 18.
LaTeX Font Info:    ... okay on input line 18.
LaTeX Font Info:    Checking defaults for PD1/pdf/m/n on input line 18.
LaTeX Font Info:    ... okay on input line 18.
LaTeX Font Info:    Checking defaults for PU/pdf/m/n on input line 18.
LaTeX Font Info:    ... okay on input line 18.
Package caption Info: Begin \AtBeginDocument code.
Package caption Info: hyperref package is loaded.
Package caption Info: listings package is loaded.
Package caption Info: rotating package is loaded.
Package caption Info: wrapfig package is loaded.
Package caption Info: End \AtBeginDocument code.

*geometry* detected driver: pdftex
*geometry* verbose mode - [ preamble ] result:
* driver: pdftex
* paper: custom
* layout: <same size as paper>
* layoutoffset:(h,v)=(0.0pt,0.0pt)
* modes: twoside 
* h-part:(L,W,R)=(58.63231pt, 362.72084pt, 62.34369pt)
* v-part:(T,H,B)=(56.9055pt, 546.29498pt, 79.66565pt)
* \paperwidth=483.69684pt
* \paperheight=682.86613pt
* \textwidth=362.72084pt
* \textheight=546.29498pt
* \oddsidemargin=-13.63768pt
* \evensidemargin=-9.9263pt
* \topmargin=-47.23828pt
* \headheight=12.0pt
* \headsep=19.8738pt
* \topskip=11.0pt
* \footskip=27.46295pt
* \marginparwidth=116.0pt
* \marginparsep=7.0pt
* \columnsep=10.0pt
* \skip\footins=10.0pt plus 4.0pt minus 2.0pt
* \hoffset=0.0pt
* \voffset=0.0pt
* \mag=1000
* \@twocolumnfalse
* \@twosidetrue
* \@mparswitchtrue
* \@reversemarginfalse
* (1in=72.27pt=25.4mm, 1cm=28.453pt)

Package hyperref Info: Link coloring OFF on input line 18.
(/usr/share/texlive/texmf-dist/tex/latex/hyperref/nameref.sty
Package: nameref 2021-04-02 v2.47 Cross-referencing by name of section

(/usr/share/texlive/texmf-dist/tex/latex/refcount/refcount.sty
Package: refcount 2019/12/15 v3.6 Data extraction from label references (HO)
)
(/usr/share/texlive/texmf-dist/tex/generic/gettitlestring/gettitlestring.sty
Package: gettitlestring 2019/12/15 v1.6 Cleanup title references (HO)
)
\c@section@level=\count368
)
LaTeX Info: Redefining \ref on input line 18.
LaTeX Info: Redefining \pageref on input line 18.
LaTeX Info: Redefining \nameref on input line 18.

(/usr/share/texlive/texmf-dist/tex/context/base/mkii/supp-pdf.mkii
[Loading MPS to PDF converter (version 2006.09.02).]
\scratchcounter=\count369
\scratchdimen=\dimen382
\scratchbox=\box89
\nofMPsegments=\count370
\nofMParguments=\count371
\everyMPshowfont=\toks60
\MPscratchCnt=\count372
\MPscratchDim=\dimen383
\MPnumerator=\count373
\makeMPintoPDFobject=\count374
\everyMPtoPDFconversion=\toks61
) (/usr/share/texlive/texmf-dist/tex/latex/epstopdf-pkg/epstopdf-base.sty
Package: epstopdf-base 2020-01-24 v2.11 Base part for package epstopdf
Package epstopdf-base Info: Redefining graphics rule for `.eps' on input line 4
85.

(/usr/share/texlive/texmf-dist/tex/latex/latexconfig/epstopdf-sys.cfg
File: epstopdf-sys.cfg 2010/07/13 v1.3 Configuration of (r)epstopdf for TeX Liv
e
))
LaTeX Info: Redefining \microtypecontext on input line 18.
Package microtype Info: Applying patch `item' on input line 18.
Package microtype Info: Applying patch `toc' on input line 18.
Package microtype Info: Applying patch `eqnum' on input line 18.
Package microtype Info: Applying patch `footnote' on input line 18.
Package microtype Info: Generating PDF output.
Package microtype Info: Character protrusion enabled (level 2).
Package microtype Info: Using default protrusion set `alltext'.
Package microtype Info: Automatic font expansion enabled (level 2),
(microtype)             stretch: 20, shrink: 20, step: 1, non-selected.
Package microtype Info: Using default expansion set `alltext-nott'.
LaTeX Info: Redefining \showhyphens on input line 18.
Package microtype Info: No adjustment of tracking.
Package microtype Info: No adjustment of interword spacing.
Package microtype Info: No adjustment of character kerning.

(/usr/share/texlive/texmf-dist/tex/latex/microtype/mt-cmr.cfg
File: mt-cmr.cfg 2013/05/19 v2.2 microtype config. file: Computer Modern Roman 
(RS)
)
\c@lstlisting=\count375

(/usr/share/texlive/texmf-dist/tex/latex/pdflscape/pdflscape.sty
Package: pdflscape 2019/12/05 v0.12 Display of landscape pages in PDF (HO)

(/usr/share/texlive/texmf-dist/tex/latex/graphics/lscape.sty
Package: lscape 2020/05/28 v3.02 Landscape Pages (DPC)
)
Package pdflscape Info: Auto-detected driver: pdftex on input line 81.
)
\openout2 = `frontmatter/titlepage.aux'.


(./frontmatter/titlepage.tex
Package epstopdf Info: Source file: <UGent_logo.eps>
(epstopdf)                    date: 2016-09-01 11:32:30
(epstopdf)                    size: 266330 bytes
(epstopdf)             Output file: <UGent_logo-eps-converted-to.pdf>
(epstopdf)                    date: 2026-06-05 10:53:59
(epstopdf)                    size: 13947 bytes
(epstopdf)             Command: <epstopdf --outfile=UGent_logo-eps-converted-to
.pdf UGent_logo.eps>
(epstopdf)             \includegraphics on input line 8.
Package epstopdf Info: Output file is already uptodate.
<UGent_logo-eps-converted-to.pdf, id=7, 107.40125pt x 86.3225pt>
File: UGent_logo-eps-converted-to.pdf Graphic file (type pdf)
<use UGent_logo-eps-converted-to.pdf>
Package pdftex.def Info: UGent_logo-eps-converted-to.pdf  used on input line 8.

(pdftex.def)             Requested size: 108.81735pt x 87.46161pt.
Package epstopdf Info: Source file: <WE_logo.eps>
(epstopdf)                    date: 2016-09-01 11:31:38
(epstopdf)                    size: 262778 bytes
(epstopdf)             Output file: <WE_logo-eps-converted-to.pdf>
(epstopdf)                    date: 2026-06-05 10:54:54
(epstopdf)                    size: 12216 bytes
(epstopdf)             Command: <epstopdf --outfile=WE_logo-eps-converted-to.pd
f WE_logo.eps>
(epstopdf)             \includegraphics on input line 10.
Package epstopdf Info: Output file is already uptodate.
<WE_logo-eps-converted-to.pdf, id=8, 128.48pt x 64.24pt>
File: WE_logo-eps-converted-to.pdf Graphic file (type pdf)
<use WE_logo-eps-converted-to.pdf>
Package pdftex.def Info: WE_logo-eps-converted-to.pdf  used on input line 10.
(pdftex.def)             Requested size: 108.81735pt x 54.40918pt.


Package fancyhdr Warning: \headheight is too small (12.0pt): 
(fancyhdr)                Make it at least 13.59999pt, for example:
(fancyhdr)                \setlength{\headheight}{13.59999pt}.
(fancyhdr)                You might also make \topmargin smaller to compensate:

(fancyhdr)                \addtolength{\topmargin}{-1.59999pt}.

[1



{/var/lib/texmf/fonts/map/pdftex/updmap/pdftex.map} <./UGent_logo-eps-converted
-to.pdf> <./WE_logo-eps-converted-to.pdf>])

Package fancyhdr Warning: \headheight is too small (12.0pt): 
(fancyhdr)                Make it at least 13.59999pt, for example:
(fancyhdr)                \setlength{\headheight}{13.59999pt}.
(fancyhdr)                You might also make \topmargin smaller to compensate:

(fancyhdr)                \addtolength{\topmargin}{-1.59999pt}.

[2



]
\openout2 = `frontmatter/committee.aux'.

 (./frontmatter/committee.tex)

Package fancyhdr Warning: \headheight is too small (12.0pt): 
(fancyhdr)                Make it at least 13.59999pt, for example:
(fancyhdr)                \setlength{\headheight}{13.59999pt}.
(fancyhdr)                You might also make \topmargin smaller to compensate:

(fancyhdr)                \addtolength{\topmargin}{-1.59999pt}.


LaTeX Font Warning: Font shape `OT1/cmr/m/n' in size <8.5> not available
(Font)              size <8> substituted on input line 24.

pdfTeX warning (ext4): destination with the same identifier (name{page.i}) has 
been already used, duplicate ignored
<to be read again> 
                   \relax 
l.24 \include{frontmatter/committee}
                                     [1


]

Package fancyhdr Warning: \headheight is too small (12.0pt): 
(fancyhdr)                Make it at least 13.59999pt, for example:
(fancyhdr)                \setlength{\headheight}{13.59999pt}.
(fancyhdr)                You might also make \topmargin smaller to compensate:

(fancyhdr)                \addtolength{\topmargin}{-1.59999pt}.

pdfTeX warning (ext4): destination with the same identifier (name{page.ii}) has
 been already used, duplicate ignored
<to be read again> 
                   \relax 
l.25 \newpage\thispagestyle{empty}\ \newpage
                                             [2


]
\openout2 = `frontmatter/acknowledgments.aux'.


(./frontmatter/acknowledgments.tex

Package fancyhdr Warning: \headheight is too small (12.0pt): 
(fancyhdr)                Make it at least 13.59999pt, for example:
(fancyhdr)                \setlength{\headheight}{13.59999pt}.
(fancyhdr)                You might also make \topmargin smaller to compensate:

(fancyhdr)                \addtolength{\topmargin}{-1.59999pt}.

[3


]) [4]
\openout2 = `frontmatter/summary.aux'.

 (./frontmatter/summary.tex

Package fancyhdr Warning: \headheight is too small (12.0pt): 
(fancyhdr)                Make it at least 13.59999pt, for example:
(fancyhdr)                \setlength{\headheight}{13.59999pt}.
(fancyhdr)                You might also make \topmargin smaller to compensate:

(fancyhdr)                \addtolength{\topmargin}{-1.59999pt}.

[5




]

LaTeX Warning: Hyper reference `part:Foundations' on page vi undefined on input
 line 12.


LaTeX Warning: Hyper reference `part:Applications' on page vi undefined on inpu
t line 12.


LaTeX Warning: Reference `chap:introduction' on page vi undefined on input line
 14.


LaTeX Warning: Reference `ch:TN' on page vi undefined on input line 16.


LaTeX Warning: Reference `ch:topo' on page i undefined on input line 18.

[6]

LaTeX Warning: Reference `ch:GenSym' on page i undefined on input line 20.


LaTeX Warning: Reference `ch:TN' on page i undefined on input line 24.


LaTeX Warning: Reference `app:SN' on page vii undefined on input line 26.


LaTeX Warning: Reference `app:gauging' on page vii undefined on input line 28.


LaTeX Warning: Reference `ch:GenSym' on page i undefined on input line 28.

[7]

LaTeX Warning: Reference `app:codes' on page i undefined on input line 30.


LaTeX Warning: Reference `app:TwistedGauging' on page i undefined on input line
 32.

) [8]
\openout2 = `frontmatter/samenvatting.aux'.

 (./frontmatter/samenvatting.tex

Package fancyhdr Warning: \headheight is too small (12.0pt): 
(fancyhdr)                Make it at least 13.59999pt, for example:
(fancyhdr)                \setlength{\headheight}{13.59999pt}.
(fancyhdr)                You might also make \topmargin smaller to compensate:

(fancyhdr)                \addtolength{\topmargin}{-1.59999pt}.

[9




]

LaTeX Warning: Hyper reference `part:Foundations' on page x undefined on input 
line 12.


LaTeX Warning: Hyper reference `part:Applications' on page x undefined on input
 line 12.


LaTeX Warning: Reference `chap:introduction' on page x undefined on input line 
14.


LaTeX Warning: Reference `ch:TN' on page x undefined on input line 16.


LaTeX Warning: Reference `ch:topo' on page x undefined on input line 18.

[10]

LaTeX Warning: Reference `ch:GenSym' on page xi undefined on input line 20.


LaTeX Warning: Reference `ch:TN' on page xi undefined on input line 24.


LaTeX Warning: Reference `app:SN' on page xi undefined on input line 26.

[11]

LaTeX Warning: Reference `app:gauging' on page xii undefined on input line 28.


LaTeX Warning: Reference `ch:GenSym' on page xii undefined on input line 28.


LaTeX Warning: Reference `app:codes' on page xii undefined on input line 31.


LaTeX Warning: Reference `app:TwistedGauging' on page xii undefined on input li
ne 33.

) [12]

Package fancyhdr Warning: \headheight is too small (12.0pt): 
(fancyhdr)                Make it at least 13.59999pt, for example:
(fancyhdr)                \setlength{\headheight}{13.59999pt}.
(fancyhdr)                You might also make \topmargin smaller to compensate:

(fancyhdr)                \addtolength{\topmargin}{-1.59999pt}.

[13



]

Package fancyhdr Warning: \headheight is too small (12.0pt): 
(fancyhdr)                Make it at least 13.59999pt, for example:
(fancyhdr)                \setlength{\headheight}{13.59999pt}.
(fancyhdr)                You might also make \topmargin smaller to compensate:

(fancyhdr)                \addtolength{\topmargin}{-1.59999pt}.

[14

] (./main.toc)
\tf@toc=\write4
\openout4 = `main.toc'.



Package fancyhdr Warning: \headheight is too small (12.0pt): 
(fancyhdr)                Make it at least 13.59999pt, for example:
(fancyhdr)                \setlength{\headheight}{13.59999pt}.
(fancyhdr)                You might also make \topmargin smaller to compensate:

(fancyhdr)                \addtolength{\topmargin}{-1.59999pt}.

[15]

Package fancyhdr Warning: \headheight is too small (12.0pt): 
(fancyhdr)                Make it at least 13.59999pt, for example:
(fancyhdr)                \setlength{\headheight}{13.59999pt}.
(fancyhdr)                You might also make \topmargin smaller to compensate:

(fancyhdr)                \addtolength{\topmargin}{-1.59999pt}.

[16

]

Package fancyhdr Warning: \headheight is too small (12.0pt): 
(fancyhdr)                Make it at least 13.59999pt, for example:
(fancyhdr)                \setlength{\headheight}{13.59999pt}.
(fancyhdr)                You might also make \topmargin smaller to compensate:

(fancyhdr)                \addtolength{\topmargin}{-1.59999pt}.

[17]

Package fancyhdr Warning: \headheight is too small (12.0pt): 
(fancyhdr)                Make it at least 13.59999pt, for example:
(fancyhdr)                \setlength{\headheight}{13.59999pt}.
(fancyhdr)                You might also make \topmargin smaller to compensate:

(fancyhdr)                \addtolength{\topmargin}{-1.59999pt}.

[18

]
\openout2 = `chapters/applications/frieze.aux'.

 (./chapters/applications/frieze.tex
Chapter 1.

LaTeX Font Warning: Font shape `OT1/cmr/bx/n' in size <84> not available
(Font)              size <24.88> substituted on input line 1.


LaTeX Warning: Reference `sec:1Dphases' on page 1 undefined on input line 3.


LaTeX Warning: Reference `sec:1Dphases' on page 1 undefined on input line 3.

LaTeX Font Info:    Trying to load font information for U+msa on input line 3.
(/usr/share/texlive/texmf-dist/tex/latex/amsfonts/umsa.fd
File: umsa.fd 2013/01/14 v3.01 AMS symbols A
)
(/usr/share/texlive/texmf-dist/tex/latex/microtype/mt-msa.cfg
File: mt-msa.cfg 2006/02/04 v1.1 microtype config. file: AMS symbols (a) (RS)
)
LaTeX Font Info:    Trying to load font information for U+msb on input line 3.

(/usr/share/texlive/texmf-dist/tex/latex/amsfonts/umsb.fd
File: umsb.fd 2013/01/14 v3.01 AMS symbols B
)
(/usr/share/texlive/texmf-dist/tex/latex/microtype/mt-msb.cfg
File: mt-msb.cfg 2005/06/01 v1.0 microtype config. file: AMS symbols (b) (RS)
)
LaTeX Font Info:    Trying to load font information for U+wasy on input line 3.


(/usr/share/texlive/texmf-dist/tex/latex/wasysym/uwasy.fd
File: uwasy.fd 2020/01/19 v2.4 Wasy-2 symbol font definitions
)

LaTeX Font Warning: Font shape `OT1/cmr/bx/n' in size <18> not available
(Font)              size <17.28> substituted on input line 5.


Package fancyhdr Warning: \headheight is too small (12.0pt): 
(fancyhdr)                Make it at least 13.59999pt, for example:
(fancyhdr)                \setlength{\headheight}{13.59999pt}.
(fancyhdr)                You might also make \topmargin smaller to compensate:

(fancyhdr)                \addtolength{\topmargin}{-1.59999pt}.

[1


]
<papers/frieze.pdf, id=132, 591.71063pt x 794.97pt>
File: papers/frieze.pdf Graphic file (type pdf)
<use papers/frieze.pdf>
Package pdftex.def Info: papers/frieze.pdf  used on input line 19.
(pdftex.def)             Requested size: 591.70918pt x 794.96806pt.
File: papers/frieze.pdf Graphic file (type pdf)
<use papers/frieze.pdf>
Package pdftex.def Info: papers/frieze.pdf  used on input line 19.
(pdftex.def)             Requested size: 591.70918pt x 794.96806pt.
<papers/frieze.pdf, id=135, page=1, 591.71063pt x 794.97pt>
File: papers/frieze.pdf Graphic file (type pdf)
<use papers/frieze.pdf, page 1>
Package pdftex.def Info: papers/frieze.pdf , page1 used on input line 19.
(pdftex.def)             Requested size: 523.42279pt x 732.65675pt.
 [2]
File: papers/frieze.pdf Graphic file (type pdf)
<use papers/frieze.pdf, page 1>
Package pdftex.def Info: papers/frieze.pdf , page1 used on input line 19.
(pdftex.def)             Requested size: 523.42279pt x 732.65675pt.
File: papers/frieze.pdf Graphic file (type pdf)
<use papers/frieze.pdf, page 1>
Package pdftex.def Info: papers/frieze.pdf , page1 used on input line 19.
(pdftex.def)             Requested size: 523.42279pt x 732.65675pt.


Package fancyhdr Warning: \headheight is too small (12.0pt): 
(fancyhdr)                Make it at least 13.59999pt, for example:
(fancyhdr)                \setlength{\headheight}{13.59999pt}.
(fancyhdr)                You might also make \topmargin smaller to compensate:

(fancyhdr)                \addtolength{\topmargin}{-1.59999pt}.

File: papers/frieze.pdf Graphic file (type pdf)
<use papers/frieze.pdf, page 1>
Package pdftex.def Info: papers/frieze.pdf , page1 used on input line 19.
(pdftex.def)             Requested size: 523.42279pt x 732.65675pt.
[3 <./papers/frieze.pdf>]
<papers/frieze.pdf, id=190, page=2, 591.71063pt x 794.97pt>
File: papers/frieze.pdf Graphic file (type pdf)
<use papers/frieze.pdf, page 2>
Package pdftex.def Info: papers/frieze.pdf , page2 used on input line 19.
(pdftex.def)             Requested size: 523.42279pt x 732.65675pt.
File: papers/frieze.pdf Graphic file (type pdf)
<use papers/frieze.pdf, page 2>
Package pdftex.def Info: papers/frieze.pdf , page2 used on input line 19.
(pdftex.def)             Requested size: 523.42279pt x 732.65675pt.


Package fancyhdr Warning: \headheight is too small (12.0pt): 
(fancyhdr)                Make it at least 13.59999pt, for example:
(fancyhdr)                \setlength{\headheight}{13.59999pt}.
(fancyhdr)                You might also make \topmargin smaller to compensate:

(fancyhdr)                \addtolength{\topmargin}{-1.59999pt}.

File: papers/frieze.pdf Graphic file (type pdf)
<use papers/frieze.pdf, page 2>
Package pdftex.def Info: papers/frieze.pdf , page2 used on input line 19.
(pdftex.def)             Requested size: 523.42279pt x 732.65675pt.
[4 <./papers/frieze.pdf>]
<papers/frieze.pdf, id=204, page=3, 591.71063pt x 794.97pt>
File: papers/frieze.pdf Graphic file (type pdf)
<use papers/frieze.pdf, page 3>
Package pdftex.def Info: papers/frieze.pdf , page3 used on input line 19.
(pdftex.def)             Requested size: 523.42279pt x 732.65675pt.
File: papers/frieze.pdf Graphic file (type pdf)
<use papers/frieze.pdf, page 3>
Package pdftex.def Info: papers/frieze.pdf , page3 used on input line 19.
(pdftex.def)             Requested size: 523.42279pt x 732.65675pt.


Package fancyhdr Warning: \headheight is too small (12.0pt): 
(fancyhdr)                Make it at least 13.59999pt, for example:
(fancyhdr)                \setlength{\headheight}{13.59999pt}.
(fancyhdr)                You might also make \topmargin smaller to compensate:

(fancyhdr)                \addtolength{\topmargin}{-1.59999pt}.

File: papers/frieze.pdf Graphic file (type pdf)
<use papers/frieze.pdf, page 3>
Package pdftex.def Info: papers/frieze.pdf , page3 used on input line 19.
(pdftex.def)             Requested size: 523.42279pt x 732.65675pt.
[5 <./papers/frieze.pdf>]
<papers/frieze.pdf, id=237, page=4, 591.71063pt x 794.97pt>
File: papers/frieze.pdf Graphic file (type pdf)
<use papers/frieze.pdf, page 4>
Package pdftex.def Info: papers/frieze.pdf , page4 used on input line 19.
(pdftex.def)             Requested size: 523.42279pt x 732.65675pt.
File: papers/frieze.pdf Graphic file (type pdf)
<use papers/frieze.pdf, page 4>
Package pdftex.def Info: papers/frieze.pdf , page4 used on input line 19.
(pdftex.def)             Requested size: 523.42279pt x 732.65675pt.


Package fancyhdr Warning: \headheight is too small (12.0pt): 
(fancyhdr)                Make it at least 13.59999pt, for example:
(fancyhdr)                \setlength{\headheight}{13.59999pt}.
(fancyhdr)                You might also make \topmargin smaller to compensate:

(fancyhdr)                \addtolength{\topmargin}{-1.59999pt}.

File: papers/frieze.pdf Graphic file (type pdf)
<use papers/frieze.pdf, page 4>
Package pdftex.def Info: papers/frieze.pdf , page4 used on input line 19.
(pdftex.def)             Requested size: 523.42279pt x 732.65675pt.
[6 <./papers/frieze.pdf>]
<papers/frieze.pdf, id=250, page=5, 591.71063pt x 794.97pt>
File: papers/frieze.pdf Graphic file (type pdf)
<use papers/frieze.pdf, page 5>
Package pdftex.def Info: papers/frieze.pdf , page5 used on input line 19.
(pdftex.def)             Requested size: 523.42279pt x 732.65675pt.
File: papers/frieze.pdf Graphic file (type pdf)
<use papers/frieze.pdf, page 5>
Package pdftex.def Info: papers/frieze.pdf , page5 used on input line 19.
(pdftex.def)             Requested size: 523.42279pt x 732.65675pt.


Package fancyhdr Warning: \headheight is too small (12.0pt): 
(fancyhdr)                Make it at least 13.59999pt, for example:
(fancyhdr)                \setlength{\headheight}{13.59999pt}.
(fancyhdr)                You might also make \topmargin smaller to compensate:

(fancyhdr)                \addtolength{\topmargin}{-1.59999pt}.

File: papers/frieze.pdf Graphic file (type pdf)
<use papers/frieze.pdf, page 5>
Package pdftex.def Info: papers/frieze.pdf , page5 used on input line 19.
(pdftex.def)             Requested size: 523.42279pt x 732.65675pt.
[7 <./papers/frieze.pdf>]
<papers/frieze.pdf, id=267, page=6, 591.71063pt x 794.97pt>
File: papers/frieze.pdf Graphic file (type pdf)
<use papers/frieze.pdf, page 6>
Package pdftex.def Info: papers/frieze.pdf , page6 used on input line 19.
(pdftex.def)             Requested size: 523.42279pt x 732.65675pt.
File: papers/frieze.pdf Graphic file (type pdf)
<use papers/frieze.pdf, page 6>
Package pdftex.def Info: papers/frieze.pdf , page6 used on input line 19.
(pdftex.def)             Requested size: 523.42279pt x 732.65675pt.


Package fancyhdr Warning: \headheight is too small (12.0pt): 
(fancyhdr)                Make it at least 13.59999pt, for example:
(fancyhdr)                \setlength{\headheight}{13.59999pt}.
(fancyhdr)                You might also make \topmargin smaller to compensate:

(fancyhdr)                \addtolength{\topmargin}{-1.59999pt}.

File: papers/frieze.pdf Graphic file (type pdf)
<use papers/frieze.pdf, page 6>
Package pdftex.def Info: papers/frieze.pdf , page6 used on input line 19.
(pdftex.def)             Requested size: 523.42279pt x 732.65675pt.
[8 <./papers/frieze.pdf>]
<papers/frieze.pdf, id=292, page=7, 591.71063pt x 794.97pt>
File: papers/frieze.pdf Graphic file (type pdf)
<use papers/frieze.pdf, page 7>
Package pdftex.def Info: papers/frieze.pdf , page7 used on input line 19.
(pdftex.def)             Requested size: 523.42279pt x 732.65675pt.
File: papers/frieze.pdf Graphic file (type pdf)
<use papers/frieze.pdf, page 7>
Package pdftex.def Info: papers/frieze.pdf , page7 used on input line 19.
(pdftex.def)             Requested size: 523.42279pt x 732.65675pt.


Package fancyhdr Warning: \headheight is too small (12.0pt): 
(fancyhdr)                Make it at least 13.59999pt, for example:
(fancyhdr)                \setlength{\headheight}{13.59999pt}.
(fancyhdr)                You might also make \topmargin smaller to compensate:

(fancyhdr)                \addtolength{\topmargin}{-1.59999pt}.

File: papers/frieze.pdf Graphic file (type pdf)
<use papers/frieze.pdf, page 7>
Package pdftex.def Info: papers/frieze.pdf , page7 used on input line 19.
(pdftex.def)             Requested size: 523.42279pt x 732.65675pt.
[9 <./papers/frieze.pdf>]
<papers/frieze.pdf, id=303, page=8, 591.71063pt x 794.97pt>
File: papers/frieze.pdf Graphic file (type pdf)
<use papers/frieze.pdf, page 8>
Package pdftex.def Info: papers/frieze.pdf , page8 used on input line 19.
(pdftex.def)             Requested size: 523.42279pt x 732.65675pt.
File: papers/frieze.pdf Graphic file (type pdf)
<use papers/frieze.pdf, page 8>
Package pdftex.def Info: papers/frieze.pdf , page8 used on input line 19.
(pdftex.def)             Requested size: 523.42279pt x 732.65675pt.


Package fancyhdr Warning: \headheight is too small (12.0pt): 
(fancyhdr)                Make it at least 13.59999pt, for example:
(fancyhdr)                \setlength{\headheight}{13.59999pt}.
(fancyhdr)                You might also make \topmargin smaller to compensate:

(fancyhdr)                \addtolength{\topmargin}{-1.59999pt}.

File: papers/frieze.pdf Graphic file (type pdf)
<use papers/frieze.pdf, page 8>
Package pdftex.def Info: papers/frieze.pdf , page8 used on input line 19.
(pdftex.def)             Requested size: 523.42279pt x 732.65675pt.
[10 <./papers/frieze.pdf>]
<papers/frieze.pdf, id=314, page=9, 591.71063pt x 794.97pt>
File: papers/frieze.pdf Graphic file (type pdf)
<use papers/frieze.pdf, page 9>
Package pdftex.def Info: papers/frieze.pdf , page9 used on input line 19.
(pdftex.def)             Requested size: 523.42279pt x 732.65675pt.
File: papers/frieze.pdf Graphic file (type pdf)
<use papers/frieze.pdf, page 9>
Package pdftex.def Info: papers/frieze.pdf , page9 used on input line 19.
(pdftex.def)             Requested size: 523.42279pt x 732.65675pt.


Package fancyhdr Warning: \headheight is too small (12.0pt): 
(fancyhdr)                Make it at least 13.59999pt, for example:
(fancyhdr)                \setlength{\headheight}{13.59999pt}.
(fancyhdr)                You might also make \topmargin smaller to compensate:

(fancyhdr)                \addtolength{\topmargin}{-1.59999pt}.

File: papers/frieze.pdf Graphic file (type pdf)
<use papers/frieze.pdf, page 9>
Package pdftex.def Info: papers/frieze.pdf , page9 used on input line 19.
(pdftex.def)             Requested size: 523.42279pt x 732.65675pt.
[11 <./papers/frieze.pdf>]
<papers/frieze.pdf, id=330, page=10, 591.71063pt x 794.97pt>
File: papers/frieze.pdf Graphic file (type pdf)
<use papers/frieze.pdf, page 10>
Package pdftex.def Info: papers/frieze.pdf , page10 used on input line 19.
(pdftex.def)             Requested size: 523.42279pt x 732.65675pt.
File: papers/frieze.pdf Graphic file (type pdf)
<use papers/frieze.pdf, page 10>
Package pdftex.def Info: papers/frieze.pdf , page10 used on input line 19.
(pdftex.def)             Requested size: 523.42279pt x 732.65675pt.


Package fancyhdr Warning: \headheight is too small (12.0pt): 
(fancyhdr)                Make it at least 13.59999pt, for example:
(fancyhdr)                \setlength{\headheight}{13.59999pt}.
(fancyhdr)                You might also make \topmargin smaller to compensate:

(fancyhdr)                \addtolength{\topmargin}{-1.59999pt}.

File: papers/frieze.pdf Graphic file (type pdf)
<use papers/frieze.pdf, page 10>
Package pdftex.def Info: papers/frieze.pdf , page10 used on input line 19.
(pdftex.def)             Requested size: 523.42279pt x 732.65675pt.
[12 <./papers/frieze.pdf>]
<papers/frieze.pdf, id=339, page=11, 591.71063pt x 794.97pt>
File: papers/frieze.pdf Graphic file (type pdf)
<use papers/frieze.pdf, page 11>
Package pdftex.def Info: papers/frieze.pdf , page11 used on input line 19.
(pdftex.def)             Requested size: 523.42279pt x 732.65675pt.
File: papers/frieze.pdf Graphic file (type pdf)
<use papers/frieze.pdf, page 11>
Package pdftex.def Info: papers/frieze.pdf , page11 used on input line 19.
(pdftex.def)             Requested size: 523.42279pt x 732.65675pt.


Package fancyhdr Warning: \headheight is too small (12.0pt): 
(fancyhdr)                Make it at least 13.59999pt, for example:
(fancyhdr)                \setlength{\headheight}{13.59999pt}.
(fancyhdr)                You might also make \topmargin smaller to compensate:

(fancyhdr)                \addtolength{\topmargin}{-1.59999pt}.

File: papers/frieze.pdf Graphic file (type pdf)
<use papers/frieze.pdf, page 11>
Package pdftex.def Info: papers/frieze.pdf , page11 used on input line 19.
(pdftex.def)             Requested size: 523.42279pt x 732.65675pt.
[13 <./papers/frieze.pdf>]
<papers/frieze.pdf, id=352, page=12, 591.71063pt x 794.97pt>
File: papers/frieze.pdf Graphic file (type pdf)
<use papers/frieze.pdf, page 12>
Package pdftex.def Info: papers/frieze.pdf , page12 used on input line 19.
(pdftex.def)             Requested size: 523.42279pt x 732.65675pt.
File: papers/frieze.pdf Graphic file (type pdf)
<use papers/frieze.pdf, page 12>
Package pdftex.def Info: papers/frieze.pdf , page12 used on input line 19.
(pdftex.def)             Requested size: 523.42279pt x 732.65675pt.


Package fancyhdr Warning: \headheight is too small (12.0pt): 
(fancyhdr)                Make it at least 13.59999pt, for example:
(fancyhdr)                \setlength{\headheight}{13.59999pt}.
(fancyhdr)                You might also make \topmargin smaller to compensate:

(fancyhdr)                \addtolength{\topmargin}{-1.59999pt}.

File: papers/frieze.pdf Graphic file (type pdf)
<use papers/frieze.pdf, page 12>
Package pdftex.def Info: papers/frieze.pdf , page12 used on input line 19.
(pdftex.def)             Requested size: 523.42279pt x 732.65675pt.
[14 <./papers/frieze.pdf>]
<papers/frieze.pdf, id=377, page=13, 591.71063pt x 794.97pt>
File: papers/frieze.pdf Graphic file (type pdf)
<use papers/frieze.pdf, page 13>
Package pdftex.def Info: papers/frieze.pdf , page13 used on input line 19.
(pdftex.def)             Requested size: 523.42279pt x 732.65675pt.
File: papers/frieze.pdf Graphic file (type pdf)
<use papers/frieze.pdf, page 13>
Package pdftex.def Info: papers/frieze.pdf , page13 used on input line 19.
(pdftex.def)             Requested size: 523.42279pt x 732.65675pt.


Package fancyhdr Warning: \headheight is too small (12.0pt): 
(fancyhdr)                Make it at least 13.59999pt, for example:
(fancyhdr)                \setlength{\headheight}{13.59999pt}.
(fancyhdr)                You might also make \topmargin smaller to compensate:

(fancyhdr)                \addtolength{\topmargin}{-1.59999pt}.

File: papers/frieze.pdf Graphic file (type pdf)
<use papers/frieze.pdf, page 13>
Package pdftex.def Info: papers/frieze.pdf , page13 used on input line 19.
(pdftex.def)             Requested size: 523.42279pt x 732.65675pt.
[15 <./papers/frieze.pdf>]
<papers/frieze.pdf, id=386, page=14, 591.71063pt x 794.97pt>
File: papers/frieze.pdf Graphic file (type pdf)
<use papers/frieze.pdf, page 14>
Package pdftex.def Info: papers/frieze.pdf , page14 used on input line 19.
(pdftex.def)             Requested size: 523.42279pt x 732.65675pt.
File: papers/frieze.pdf Graphic file (type pdf)
<use papers/frieze.pdf, page 14>
Package pdftex.def Info: papers/frieze.pdf , page14 used on input line 19.
(pdftex.def)             Requested size: 523.42279pt x 732.65675pt.


Package fancyhdr Warning: \headheight is too small (12.0pt): 
(fancyhdr)                Make it at least 13.59999pt, for example:
(fancyhdr)                \setlength{\headheight}{13.59999pt}.
(fancyhdr)                You might also make \topmargin smaller to compensate:

(fancyhdr)                \addtolength{\topmargin}{-1.59999pt}.

File: papers/frieze.pdf Graphic file (type pdf)
<use papers/frieze.pdf, page 14>
Package pdftex.def Info: papers/frieze.pdf , page14 used on input line 19.
(pdftex.def)             Requested size: 523.42279pt x 732.65675pt.
[16 <./papers/frieze.pdf>]) (./main.bbl
Underfull \hbox (badness 1590) in paragraph at lines 26--33
[]\OT1/cmr/m/n/10.95 (+20) D. Poulin, A. Qarry, R. Somma and F. Ver-straete,  \
OT1/cmr/m/it/10.95 (+20) Quan-
 []


Underfull \hbox (badness 1189) in paragraph at lines 26--33
\OT1/cmr/m/it/10.95 (+20) tum Sim-u-la-tion of Time-Dependent Hamil-to-ni-ans a
nd the Con-
 []


Underfull \hbox (badness 5036) in paragraph at lines 26--33
\OT1/cmr/m/it/10.95 (+20) ve-nient Il-lu-sion of Hilbert Space\OT1/cmr/m/n/10.9
5 (+20) ,  Phys. Rev. Lett. \OT1/cmr/bx/n/10.95 (+20) 106\OT1/cmr/m/n/10.95 (+2
0) ,
 []


Underfull \hbox (badness 1275) in paragraph at lines 26--33
\OT1/cmr/m/n/10.95 (+20) 170501 (2011),  doi:[]10.1103/PhysRevLett.106.170501[]
,  preprint
 []


Underfull \hbox (badness 1331) in paragraph at lines 53--59
\OT1/cmr/m/it/10.95 (+20) ground states faith-fully\OT1/cmr/m/n/10.95 (+20) ,  
Phys. Rev. B \OT1/cmr/bx/n/10.95 (+20) 73\OT1/cmr/m/n/10.95 (+20) (9), 094423 (
2006),
 []


Underfull \hbox (badness 2027) in paragraph at lines 69--76
\OT1/cmr/m/n/10.95 (+20) 220503 (2006),  doi:[]10.1103/PhysRevLett.96.220503[],
  preprint
 []


Underfull \hbox (badness 1675) in paragraph at lines 78--85
[]\OT1/cmr/m/n/10.95 (+20) M. B. Hast-ings,  \OT1/cmr/m/it/10.95 (+20) Lo-cal-i
ty in quan-tum and markov dy-nam-ics
 []

[17


]
Underfull \hbox (badness 1642) in paragraph at lines 135--142
[]\OT1/cmr/m/n/10.95 (+20) J. Haege-man, B. Pirvu, D. J. Weir, J. I. Cirac, T. 
J. Os-
 []


Underfull \hbox (badness 4391) in paragraph at lines 135--142
\OT1/cmr/m/n/10.95 (+20) borne, H. Ver-schelde and F. Ver-straete,  \OT1/cmr/m/
it/10.95 (+20) Vari-a-tional ma-
 []


Underfull \hbox (badness 3128) in paragraph at lines 135--142
\OT1/cmr/m/it/10.95 (+20) trix prod-uct ansatz for dis-per-sion re-la-tions\OT1
/cmr/m/n/10.95 (+20) ,  Phys. Rev. B
 []


Underfull \hbox (badness 1242) in paragraph at lines 144--150
\OT1/cmr/m/n/10.95 (+20) 257202 (2014),  doi:[]10.1103/PhysRevLett.112.257202[]
,  preprint
 []

[18]
Underfull \hbox (badness 7256) in paragraph at lines 210--217
[]\OT1/cmr/m/n/10.95 (+20) X. Chen, Z. C. Gu and X. G. Wen,  \OT1/cmr/m/it/10.9
5 (+20) Lo-cal uni-tary
 []


Underfull \hbox (badness 4556) in paragraph at lines 210--217
\OT1/cmr/m/it/10.95 (+20) trans-for-ma-tion, long-range quan-tum en-tan-gle-men
t, wave func-
 []


Underfull \hbox (badness 3679) in paragraph at lines 210--217
\OT1/cmr/m/it/10.95 (+20) tion renor-mal-iza-tion, and topo-log-i-cal or-der\OT
1/cmr/m/n/10.95 (+20) ,  Phys. Rev. B
 []

[19]
Underfull \hbox (badness 1490) in paragraph at lines 299--303
\OT1/cmr/m/it/10.95 (+20) Houches Lec-ture Notes on Ten-sor Net-works \OT1/cmr/
m/n/10.95 (+20) (2025),  preprint
 []


Underfull \hbox (badness 2088) in paragraph at lines 305--312
[]\OT1/cmr/m/n/10.95 (+20) F. Ver-straete, J. J. Garc^^S^^Pa-Ripoll and J. I. C
irac,  \OT1/cmr/m/it/10.95 (+20) Ma-trix
 []


Underfull \hbox (badness 1168) in paragraph at lines 305--312
\OT1/cmr/m/it/10.95 (+20) Dis-si-pa-tive Sys-tems\OT1/cmr/m/n/10.95 (+20) ,  Ph
ys. Rev. Lett. \OT1/cmr/bx/n/10.95 (+20) 93\OT1/cmr/m/n/10.95 (+20) (20), 20720
4 (2004),
 []

[20]
Underfull \hbox (badness 1418) in paragraph at lines 330--336
[]\OT1/cmr/m/n/10.95 (+20) N. Schuch, I. Cirac and D. P^^Serez-Garc^^S^^Pa,  \O
T1/cmr/m/it/10.95 (+20) PEPS as ground
 []


Underfull \hbox (badness 3058) in paragraph at lines 373--380
[]\OT1/cmr/m/n/10.95 (+20) J. I. Cirac, D. Perez-Garcia, N. Schuch and F. Ver-s
traete,
 []


Underfull \hbox (badness 10000) in paragraph at lines 373--380
\OT1/cmr/m/it/10.95 (+20) Ma-trix prod-uct states and pro-jected en-tan-gled pa
ir states:
 []


Underfull \hbox (badness 5133) in paragraph at lines 373--380
\OT1/cmr/m/it/10.95 (+20) Con-cepts, sym-me-tries, the-o-rems\OT1/cmr/m/n/10.95
 (+20) ,  Rev. Mod. Phys. \OT1/cmr/bx/n/10.95 (+20) 93\OT1/cmr/m/n/10.95 (+20) 
(4),
 []


Underfull \hbox (badness 1721) in paragraph at lines 373--380
\OT1/cmr/m/n/10.95 (+20) 045003 (2021),  doi:[]10.1103/RevModPhys.93.045003[], 
 preprint
 []

[21]
Underfull \hbox (badness 4913) in paragraph at lines 400--403
[]\OT1/cmr/m/n/10.95 (+20) M. Van Damme, L. De-vos and J. Haege-man,  \OT1/cmr/
m/it/10.95 (+20) MP-SKit\OT1/cmr/m/n/10.95 (+20) ,
 []


Underfull \hbox (badness 10000) in paragraph at lines 419--426
[]\OT1/cmr/m/n/10.95 (+20) R. Thorn-gren and Y. Wang,  \OT1/cmr/m/it/10.95 (+20
) Fu-sion cat-e-gory sym-me-
 []


Underfull \hbox (badness 5359) in paragraph at lines 419--426
\OT1/cmr/m/it/10.95 (+20) try. Part I. Anomaly in-flow and gapped phases\OT1/cm
r/m/n/10.95 (+20) ,  JHEP
 []


Underfull \hbox (badness 5417) in paragraph at lines 419--426
\OT1/cmr/bx/n/10.95 (+20) 04\OT1/cmr/m/n/10.95 (+20) , 132 (2024),  doi:[]10.10
07/JHEP04(2024)132[],  preprint
 []

[22]
Underfull \hbox (badness 1019) in paragraph at lines 473--480
[]\OT1/cmr/m/n/10.95 (+20) A. Hahn and R. Wolf,  \OT1/cmr/m/it/10.95 (+20) Gen-
er-al-ized string-net model for uni-
 []

[23]
Underfull \hbox (badness 1803) in paragraph at lines 586--592
[]\OT1/cmr/m/n/10.95 (+20) Y. Hu, N. Geer and Y.-S. Wu,  \OT1/cmr/m/it/10.95 (+
20) Full dyon ex-ci-ta-tion spec-
 []


Underfull \hbox (badness 2042) in paragraph at lines 586--592
\OT1/cmr/m/it/10.95 (+20) trum in ex-tended Levin-Wen mod-els\OT1/cmr/m/n/10.95
 (+20) ,  Phys. Rev. B \OT1/cmr/bx/n/10.95 (+20) 97\OT1/cmr/m/n/10.95 (+20) (19
),
 []


Underfull \hbox (badness 4995) in paragraph at lines 586--592
\OT1/cmr/m/n/10.95 (+20) 195154 (2018),  doi:[]10.1103/PhysRevB.97.195154[],  p
reprint
 []


Underfull \hbox (badness 3407) in paragraph at lines 609--616
\OT1/cmr/m/n/10.95 (+20) straete,  \OT1/cmr/m/it/10.95 (+20) Ma-trix prod-uct o
p-er-a-tor sym-me-tries and in-ter-twin-
 []


Underfull \hbox (badness 2644) in paragraph at lines 609--616
\OT1/cmr/m/it/10.95 (+20) ers in string-nets with do-main walls\OT1/cmr/m/n/10.
95 (+20) ,  Sci-Post Phys. \OT1/cmr/bx/n/10.95 (+20) 10\OT1/cmr/m/n/10.95 (+20)
 (3),
 []


Underfull \hbox (badness 10000) in paragraph at lines 609--616
\OT1/cmr/m/n/10.95 (+20) 053 (2021),  doi:[]10.21468/SciPostPhys.10.3.053[],  p
reprint
 []

[24]
Underfull \hbox (badness 10000) in paragraph at lines 626--630
[]\OT1/cmr/m/n/10.95 (+20) J. Gree-nough,  \OT1/cmr/m/it/10.95 (+20) Monoidal 2
-structure of bi-mod-ule cat-
 []


Underfull \hbox (badness 10000) in paragraph at lines 626--630
\OT1/cmr/m/it/10.95 (+20) e-gories\OT1/cmr/m/n/10.95 (+20) ,  Jour-nal of Al-ge
-bra \OT1/cmr/bx/n/10.95 (+20) 324\OT1/cmr/m/n/10.95 (+20) (8), 1818 (2010),
 []


Underfull \hbox (badness 1675) in paragraph at lines 662--670
\OT1/cmr/bx/n/10.95 (+20) 22\OT1/cmr/m/n/10.95 (+20) (2), 563 (2021),  doi:[]10
.1007/s00023-020-00992-4[],  preprint
 []

[25]
Underfull \hbox (badness 1112) in paragraph at lines 733--740
\OT1/cmr/m/it/10.95 (+20) tics and com-pact-i-fi-ca-tion in gauge mod-els of to
po-log-i-cal phases\OT1/cmr/m/n/10.95 (+20) ,
 []


Underfull \hbox (badness 3118) in paragraph at lines 751--758
\OT1/cmr/m/n/10.95 (+20) straete,  \OT1/cmr/m/it/10.95 (+20) Map-ping be-tween 
Morita-equivalent string-net states
 []


Underfull \hbox (badness 3375) in paragraph at lines 751--758
\OT1/cmr/m/n/10.95 (+20) 085130 (2022),  doi:[]10.1103/PhysRevB.105.085130[],  
preprint
 []


Underfull \hbox (badness 1424) in paragraph at lines 769--773
\OT1/cmr/m/it/10.95 (+20) Group Co-ho-mol-ogy\OT1/cmr/m/n/10.95 (+20) ,  Com-mu
n. Math. Phys. \OT1/cmr/bx/n/10.95 (+20) 129\OT1/cmr/m/n/10.95 (+20) , 393 (199
0),
 []

[26]
Underfull \hbox (badness 3343) in paragraph at lines 797--803
[]\OT1/cmr/m/n/10.95 (+20) J. Kaidi, E. Nar-doni, G. Zafrir and Y. Zheng,  \OT1
/cmr/m/it/10.95 (+20) Sym-me-
 []


Underfull \hbox (badness 1107) in paragraph at lines 797--803
\OT1/cmr/m/it/10.95 (+20) try TFTs and anoma-lies of non-invertible sym-me-trie
s\OT1/cmr/m/n/10.95 (+20) ,  JHEP
 []


Underfull \hbox (badness 5578) in paragraph at lines 797--803
\OT1/cmr/bx/n/10.95 (+20) 10\OT1/cmr/m/n/10.95 (+20) , 053 (2023),  doi:[]10.10
07/JHEP10(2023)053[],  preprint
 []


Underfull \hbox (badness 1275) in paragraph at lines 839--847
\OT1/cmr/m/n/10.95 (+20) 177203 (2018),  doi:[]10.1103/PhysRevLett.121.177203[]
,  preprint
 []

[27]
Underfull \hbox (badness 2285) in paragraph at lines 921--927
[]\OT1/cmr/m/n/10.95 (+20) E. Cobanera, G. Or-tiz and Z. Nussi-nov,  \OT1/cmr/m
/it/10.95 (+20) Uni-fied ap-proach
 []


Underfull \hbox (badness 2020) in paragraph at lines 921--927
\OT1/cmr/m/it/10.95 (+20) to Quan-tum and Clas-si-cal Du-al-i-ties\OT1/cmr/m/n/
10.95 (+20) ,  Phys. Rev. Lett. \OT1/cmr/bx/n/10.95 (+20) 104\OT1/cmr/m/n/10.95
 (+20) ,
 []


Underfull \hbox (badness 1210) in paragraph at lines 921--927
\OT1/cmr/m/n/10.95 (+20) 020402 (2010),  doi:[]10.1103/PhysRevLett.104.020402[]
,  preprint
 []

[28]
Underfull \hbox (badness 1708) in paragraph at lines 946--951
\OT1/cmr/m/it/10.95 (+20) me-try frac-tion-al-iza-tion, mixed-anomalies and du-
al-i-ties in quan-
 []


Underfull \hbox (badness 1910) in paragraph at lines 960--964
[]\OT1/cmr/m/n/10.95 (+20) H. A. Kramers and G. H. Wan-nier,  \OT1/cmr/m/it/10.
95 (+20) Statis-tics of the two-
 []


Underfull \hbox (badness 1275) in paragraph at lines 973--980
\OT1/cmr/m/n/10.95 (+20) 116601 (2024),  doi:[]10.1103/PhysRevLett.133.116601[]
,  preprint
 []

[29]
Underfull \hbox (badness 6708) in paragraph at lines 1030--1036
[]\OT1/cmr/m/n/10.95 (+20) S. Seif-nashri, S.-H. Shao and X. Yang,  \OT1/cmr/m/
it/10.95 (+20) Gaug-ing non-
 []


Underfull \hbox (badness 4403) in paragraph at lines 1030--1036
\OT1/cmr/m/it/10.95 (+20) invertible sym-me-tries on the lat-tice\OT1/cmr/m/n/1
0.95 (+20) ,  Sci-Post Phys. \OT1/cmr/bx/n/10.95 (+20) 19\OT1/cmr/m/n/10.95 (+2
0) (2),
 []


Underfull \hbox (badness 10000) in paragraph at lines 1030--1036
\OT1/cmr/m/n/10.95 (+20) 063 (2025),  doi:[]10.21468/SciPostPhys.19.2.063[],  p
reprint
 []


Underfull \hbox (badness 10000) in paragraph at lines 1038--1044
[]\OT1/cmr/m/n/10.95 (+20) L. Bhard-waj and Y. Tachikawa,  \OT1/cmr/m/it/10.95 
(+20) On fi-nite sym-me-
 []


Underfull \hbox (badness 8151) in paragraph at lines 1038--1044
\OT1/cmr/m/it/10.95 (+20) tries and their gaug-ing in two di-men-sions\OT1/cmr/
m/n/10.95 (+20) ,  JHEP \OT1/cmr/bx/n/10.95 (+20) 03\OT1/cmr/m/n/10.95 (+20) ,
 []


Underfull \hbox (badness 10000) in paragraph at lines 1038--1044
\OT1/cmr/m/n/10.95 (+20) 189 (2018),  doi:[]10.1007/JHEP03(2018)189[],  preprin
t
 []


Underfull \hbox (badness 3482) in paragraph at lines 1062--1069
[]\OT1/cmr/m/n/10.95 (+20) L. Lootens, C. Del-camp, D. Williamson and F. Ver-st
raete,
 []


Underfull \hbox (badness 5490) in paragraph at lines 1062--1069
\OT1/cmr/m/it/10.95 (+20) Low-Depth Uni-tary Quan-tum Cir-cuits for Du-al-i-tie
s in One-
 []


Underfull \hbox (badness 1275) in paragraph at lines 1062--1069
\OT1/cmr/m/n/10.95 (+20) 130403 (2025),  doi:[]10.1103/PhysRevLett.134.130403[]
,  preprint
 []

[30]
Underfull \hbox (badness 1584) in paragraph at lines 1094--1101
[]\OT1/cmr/m/n/10.95 (+20) J. Haege-man, K. Van Acoleyen, N. Schuch, J. I. Cira
c and
 []


Underfull \hbox (badness 2269) in paragraph at lines 1094--1101
\OT1/cmr/m/n/10.95 (+20) F. Ver-straete,  \OT1/cmr/m/it/10.95 (+20) Gaug-ing qu
an-tum states: from global to lo-
 []


Underfull \hbox (badness 2809) in paragraph at lines 1094--1101
\OT1/cmr/m/it/10.95 (+20) cal sym-me-tries in many-body sys-tems\OT1/cmr/m/n/10
.95 (+20) ,  Phys. Rev. X \OT1/cmr/bx/n/10.95 (+20) 5\OT1/cmr/m/n/10.95 (+20) (
1),
 []


Underfull \hbox (badness 6477) in paragraph at lines 1094--1101
\OT1/cmr/m/n/10.95 (+20) 011024 (2015),  doi:[]10.1103/PhysRevX.5.011024[],  pr
eprint
 []


Underfull \hbox (badness 2913) in paragraph at lines 1110--1117
[]\OT1/cmr/m/n/10.95 (+20) C. Del-camp and A. Ti-wari,  \OT1/cmr/m/it/10.95 (+2
0) Higher cat-e-gor-i-cal sym-me-tries
 []


Underfull \hbox (badness 1939) in paragraph at lines 1110--1117
\OT1/cmr/m/it/10.95 (+20) and gaug-ing in two-dimensional spin sys-tems\OT1/cmr
/m/n/10.95 (+20) ,  Sci-Post Phys.
 []


Underfull \hbox (badness 5578) in paragraph at lines 1151--1157
[]\OT1/cmr/m/n/10.95 (+20) T. Johnson-Freyd and M. Yu,  \OT1/cmr/m/it/10.95 (+2
0) Fu-sion 2-categories With
 []


Underfull \hbox (badness 1803) in paragraph at lines 1151--1157
\OT1/cmr/m/it/10.95 (+20) no Line Op-er-a-tors are Grou-p-like\OT1/cmr/m/n/10.9
5 (+20) ,  Bull. Aus-tral. Math. Soc.
 []

[31]
Underfull \hbox (badness 10000) in paragraph at lines 1177--1184
[]\OT1/cmr/m/n/10.95 (+20) C. Del-camp,  \OT1/cmr/m/it/10.95 (+20) Ten-sor net-
work ap-proach to elec-tro-mag-
 []


Underfull \hbox (badness 6412) in paragraph at lines 1177--1184
\OT1/cmr/m/it/10.95 (+20) netic du-al-ity in (3+1)d topo-log-i-cal gauge mod-el
s\OT1/cmr/m/n/10.95 (+20) ,  JHEP
 []


Underfull \hbox (badness 5417) in paragraph at lines 1177--1184
\OT1/cmr/bx/n/10.95 (+20) 08\OT1/cmr/m/n/10.95 (+20) , 149 (2022),  doi:[]10.10
07/JHEP08(2022)149[],  preprint
 []


Underfull \hbox (badness 1968) in paragraph at lines 1235--1241
[]\OT1/cmr/m/n/10.95 (+20) T. D. D^^Secoppet,  \OT1/cmr/m/it/10.95 (+20) The Mo
rita the-ory of fu-sion 2-categories.\OT1/cmr/m/n/10.95 (+20) ,
 []

[32]
Underfull \hbox (badness 3078) in paragraph at lines 1278--1285
[]\OT1/cmr/m/n/10.95 (+20) T. D. D^^Secoppet and M. Yu,  \OT1/cmr/m/it/10.95 (+
20) Fiber 2-Functors and Tam-
 []


Underfull \hbox (badness 3128) in paragraph at lines 1278--1285
\OT1/cmr/m/it/10.95 (+20) bara{Yamagami Fu-sion 2-Categories\OT1/cmr/m/n/10.95 
(+20) ,  Com-mun. Math. Phys.
 []


Underfull \hbox (badness 1552) in paragraph at lines 1278--1285
\OT1/cmr/bx/n/10.95 (+20) 406\OT1/cmr/m/n/10.95 (+20) (3), 64 (2025),  doi:[]10
.1007/s00220-025-05249-x[],  preprint
 []


Underfull \hbox (badness 4634) in paragraph at lines 1287--1294
[]\OT1/cmr/m/n/10.95 (+20) M. Levin and Z.-C. Gu,  \OT1/cmr/m/it/10.95 (+20) Br
aid-ing statis-tics ap-proach to
 []


Underfull \hbox (badness 7291) in paragraph at lines 1287--1294
\OT1/cmr/m/it/10.95 (+20) symmetry-protected topo-log-i-cal phases\OT1/cmr/m/n/
10.95 (+20) ,  Phys. Rev. B \OT1/cmr/bx/n/10.95 (+20) 86\OT1/cmr/m/n/10.95 (+20
) ,
 []


Underfull \hbox (badness 4995) in paragraph at lines 1287--1294
\OT1/cmr/m/n/10.95 (+20) 115109 (2012),  doi:[]10.1103/PhysRevB.86.115109[],  p
reprint
 []


Underfull \hbox (badness 2486) in paragraph at lines 1305--1312
\OT1/cmr/m/it/10.95 (+20) like ex-ci-ta-tions in (3+1)d gauge mod-els of topo-l
og-i-cal phases\OT1/cmr/m/n/10.95 (+20) ,
 []

[33]
Underfull \hbox (badness 1242) in paragraph at lines 1331--1339
\OT1/cmr/m/n/10.95 (+20) 231602 (2022),  doi:[]10.1103/PhysRevLett.128.231602[]
,  preprint
 []

) [34] (./main.aux (./frontmatter/titlepage.aux) (./frontmatter/committee.aux)
(./frontmatter/acknowledgments.aux) (./frontmatter/summary.aux)
(./frontmatter/samenvatting.aux) (./chapters/applications/frieze.aux))

LaTeX Font Warning: Size substitutions with differences
(Font)              up to 59.12pt have occurred.


LaTeX Warning: There were undefined references.

 ) 
Here is how much of TeX's memory you used:
 41165 strings out of 478287
 791290 string characters out of 5849290
 1101440 words of memory out of 5000000
 58093 multiletter control sequences out of 15000+600000
 489942 words of font info for 183 fonts, out of 8000000 for 9000
 1141 hyphenation exceptions out of 8191
 99i,18n,94p,1400b,1569s stack positions out of 5000i,500n,10000p,200000b,80000s
{/usr/share/texmf/fonts/enc/dvips/cm-super/cm-super-ts1.enc}</usr/share/texli
ve/texmf-dist/fonts/type1/public/amsfonts/cm/cmbx10.pfb></usr/share/texlive/tex
mf-dist/fonts/type1/public/amsfonts/cm/cmbx12.pfb></usr/share/texlive/texmf-dis
t/fonts/type1/public/amsfonts/cm/cmcsc10.pfb></usr/share/texlive/texmf-dist/fon
ts/type1/public/amsfonts/cm/cmr10.pfb></usr/share/texlive/texmf-dist/fonts/type
1/public/amsfonts/cm/cmr12.pfb></usr/share/texlive/texmf-dist/fonts/type1/publi
c/amsfonts/cm/cmr8.pfb></usr/share/texlive/texmf-dist/fonts/type1/public/amsfon
ts/cm/cmsy10.pfb></usr/share/texlive/texmf-dist/fonts/type1/public/amsfonts/cm/
cmti10.pfb></usr/share/texlive/texmf-dist/fonts/type1/public/mathabx-type1/math
a10.pfb></usr/share/texlive/texmf-dist/fonts/type1/public/amsfonts/symbols/msam
9.pfb></usr/share/texlive/texmf-dist/fonts/type1/public/amsfonts/symbols/msbm10
.pfb></usr/share/texmf/fonts/type1/public/cm-super/sfti1095.pfb>
Output written on main.pdf (54 pages, 1548442 bytes).
PDF statistics:
 1038 PDF objects out of 1200 (max. 8388607)
 834 compressed objects within 9 object streams
 231 named destinations out of 1000 (max. 500000)
 29038 words of extra memory for PDF output out of 29859 (max. 10000000)

