This is pdfTeX, Version 3.141592653-2.6-1.40.22 (TeX Live 2022/dev/Debian) (preloaded format=pdflatex 2026.3.2)  20 MAY 2026 19:19
entering extended mode
 \write18 enabled.
 %&-line parsing enabled.
**1-Introduction.tex --output-directory=out
(./1-Introduction.tex
LaTeX2e <2021-11-15> patch level 1
L3 programming layer <2022-01-21>
! Undefined control sequence.
l.1 \chapter
            {Prologue}\label{chap:introduction}
The control sequence at the end of the top line
of your error message was never \def'ed. If you have
misspelled it (e.g., `\hobx'), type `I' and the correct
spelling (e.g., `I\hbox'). Otherwise just continue,
and I'll forget about whatever was undefined.


! LaTeX Error: Missing \begin{document}.

See the LaTeX manual or LaTeX Companion for explanation.
Type  H <return>  for immediate help.
 ...                                              
                                                  
l.1 \chapter{P
              rologue}\label{chap:introduction}
You're in trouble here.  Try typing  <return>  to proceed.
If that doesn't work, type  X <return>  to quit.

Missing character: There is no P in font nullfont!
Missing character: There is no r in font nullfont!
Missing character: There is no o in font nullfont!
Missing character: There is no l in font nullfont!
Missing character: There is no o in font nullfont!
Missing character: There is no g in font nullfont!
Missing character: There is no u in font nullfont!
Missing character: There is no e in font nullfont!
! Undefined control sequence.
l.2 \Bram
         {Make less shit}The quantum many-body problem has been one of the c...
The control sequence at the end of the top line
of your error message was never \def'ed. If you have
misspelled it (e.g., `\hobx'), type `I' and the correct
spelling (e.g., `I\hbox'). Otherwise just continue,
and I'll forget about whatever was undefined.

Missing character: There is no M in font nullfont!
Missing character: There is no a in font nullfont!
Missing character: There is no k in font nullfont!
Missing character: There is no e in font nullfont!
Missing character: There is no l in font nullfont!
Missing character: There is no e in font nullfont!
Missing character: There is no s in font nullfont!
Missing character: There is no s in font nullfont!
Missing character: There is no s in font nullfont!
Missing character: There is no h in font nullfont!
Missing character: There is no i in font nullfont!
Missing character: There is no t in font nullfont!
Missing character: There is no T in font nullfont!
Missing character: There is no h in font nullfont!
Missing character: There is no e in font nullfont!
Missing character: There is no q in font nullfont!
Missing character: There is no u in font nullfont!
Missing character: There is no a in font nullfont!
Missing character: There is no n in font nullfont!
Missing character: There is no t in font nullfont!
Missing character: There is no u in font nullfont!
Missing character: There is no m in font nullfont!
Missing character: There is no m in font nullfont!
Missing character: There is no a in font nullfont!
Missing character: There is no n in font nullfont!
Missing character: There is no y in font nullfont!
Missing character: There is no - in font nullfont!
Missing character: There is no b in font nullfont!
Missing character: There is no o in font nullfont!
Missing character: There is no d in font nullfont!
Missing character: There is no y in font nullfont!
Missing character: There is no p in font nullfont!
Missing character: There is no r in font nullfont!
Missing character: There is no o in font nullfont!
Missing character: There is no b in font nullfont!
Missing character: There is no l in font nullfont!
Missing character: There is no e in font nullfont!
Missing character: There is no m in font nullfont!
Missing character: There is no h in font nullfont!
Missing character: There is no a in font nullfont!
Missing character: There is no s in font nullfont!
Missing character: There is no b in font nullfont!
Missing character: There is no e in font nullfont!
Missing character: There is no e in font nullfont!
Missing character: There is no n in font nullfont!
Missing character: There is no o in font nullfont!
Missing character: There is no n in font nullfont!
Missing character: There is no e in font nullfont!
Missing character: There is no o in font nullfont!
Missing character: There is no f in font nullfont!
Missing character: There is no t in font nullfont!
Missing character: There is no h in font nullfont!
Missing character: There is no e in font nullfont!
Missing character: There is no c in font nullfont!
Missing character: There is no e in font nullfont!
Missing character: There is no n in font nullfont!
Missing character: There is no t in font nullfont!
Missing character: There is no r in font nullfont!
Missing character: There is no a in font nullfont!
Missing character: There is no l in font nullfont!
Missing character: There is no p in font nullfont!
Missing character: There is no r in font nullfont!
Missing character: There is no o in font nullfont!
Missing character: There is no b in font nullfont!
Missing character: There is no l in font nullfont!
Missing character: There is no e in font nullfont!
Missing character: There is no m in font nullfont!
Missing character: There is no s in font nullfont!
Missing character: There is no o in font nullfont!
Missing character: There is no f in font nullfont!
Missing character: There is no p in font nullfont!
Missing character: There is no h in font nullfont!
Missing character: There is no y in font nullfont!
Missing character: There is no s in font nullfont!
Missing character: There is no i in font nullfont!
Missing character: There is no c in font nullfont!
Missing character: There is no s in font nullfont!
Missing character: There is no o in font nullfont!
Missing character: There is no f in font nullfont!
Missing character: There is no t in font nullfont!
Missing character: There is no h in font nullfont!
Missing character: There is no e in font nullfont!
Missing character: There is no l in font nullfont!
Missing character: There is no a in font nullfont!
Missing character: There is no s in font nullfont!
Missing character: There is no t in font nullfont!
Missing character: There is no c in font nullfont!
Missing character: There is no e in font nullfont!
Missing character: There is no n in font nullfont!
Missing character: There is no t in font nullfont!
Missing character: There is no u in font nullfont!
Missing character: There is no r in font nullfont!
Missing character: There is no y in font nullfont!
Missing character: There is no . in font nullfont!
Missing character: There is no I in font nullfont!
Missing character: There is no t in font nullfont!
Missing character: There is no p in font nullfont!
Missing character: There is no e in font nullfont!
Missing character: There is no r in font nullfont!
Missing character: There is no t in font nullfont!
Missing character: There is no a in font nullfont!
Missing character: There is no i in font nullfont!
Missing character: There is no n in font nullfont!
Missing character: There is no s in font nullfont!
Missing character: There is no t in font nullfont!
Missing character: There is no h in font nullfont!
Missing character: There is no e in font nullfont!
Missing character: There is no d in font nullfont!
Missing character: There is no e in font nullfont!
Missing character: There is no s in font nullfont!
Missing character: There is no c in font nullfont!
Missing character: There is no r in font nullfont!
Missing character: There is no i in font nullfont!
Missing character: There is no p in font nullfont!
Missing character: There is no t in font nullfont!
Missing character: There is no i in font nullfont!
Missing character: There is no o in font nullfont!
Missing character: There is no n in font nullfont!
Missing character: There is no o in font nullfont!
Missing character: There is no f in font nullfont!
Missing character: There is no t in font nullfont!
Missing character: There is no h in font nullfont!
Missing character: There is no e in font nullfont!
Missing character: There is no c in font nullfont!
Missing character: There is no o in font nullfont!
Missing character: There is no l in font nullfont!
Missing character: There is no l in font nullfont!
Missing character: There is no e in font nullfont!
Missing character: There is no c in font nullfont!
Missing character: There is no t in font nullfont!
Missing character: There is no i in font nullfont!
Missing character: There is no v in font nullfont!
Missing character: There is no e in font nullfont!
Missing character: There is no b in font nullfont!
Missing character: There is no e in font nullfont!
Missing character: There is no h in font nullfont!
Missing character: There is no a in font nullfont!
Missing character: There is no v in font nullfont!
Missing character: There is no i in font nullfont!
Missing character: There is no o in font nullfont!
Missing character: There is no u in font nullfont!
Missing character: There is no r in font nullfont!
Missing character: There is no o in font nullfont!
Missing character: There is no f in font nullfont!
Missing character: There is no a in font nullfont!
Missing character: There is no m in font nullfont!
Missing character: There is no a in font nullfont!
Missing character: There is no c in font nullfont!
Missing character: There is no r in font nullfont!
Missing character: There is no o in font nullfont!
Missing character: There is no s in font nullfont!
Missing character: There is no c in font nullfont!
Missing character: There is no o in font nullfont!
Missing character: There is no p in font nullfont!
Missing character: There is no i in font nullfont!
Missing character: There is no c in font nullfont!
Missing character: There is no n in font nullfont!
Missing character: There is no u in font nullfont!
Missing character: There is no m in font nullfont!
Missing character: There is no b in font nullfont!
Missing character: There is no e in font nullfont!
Missing character: There is no r in font nullfont!
Missing character: There is no o in font nullfont!
Missing character: There is no f in font nullfont!
Missing character: There is no q in font nullfont!
Missing character: There is no u in font nullfont!
Missing character: There is no a in font nullfont!
Missing character: There is no n in font nullfont!
Missing character: There is no t in font nullfont!
Missing character: There is no u in font nullfont!
Missing character: There is no m in font nullfont!
Missing character: There is no c in font nullfont!
Missing character: There is no o in font nullfont!
Missing character: There is no n in font nullfont!
Missing character: There is no s in font nullfont!
Missing character: There is no t in font nullfont!
Missing character: There is no i in font nullfont!
Missing character: There is no t in font nullfont!
Missing character: There is no u in font nullfont!
Missing character: There is no e in font nullfont!
Missing character: There is no n in font nullfont!
Missing character: There is no t in font nullfont!
Missing character: There is no s in font nullfont!
Missing character: There is no . in font nullfont!
Missing character: There is no D in font nullfont!
Missing character: There is no e in font nullfont!
Missing character: There is no s in font nullfont!
Missing character: There is no p in font nullfont!
Missing character: There is no i in font nullfont!
Missing character: There is no t in font nullfont!
Missing character: There is no e in font nullfont!
Missing character: There is no t in font nullfont!
Missing character: There is no h in font nullfont!
Missing character: There is no e in font nullfont!
Missing character: There is no r in font nullfont!
Missing character: There is no e in font nullfont!
Missing character: There is no l in font nullfont!
Missing character: There is no a in font nullfont!
Missing character: There is no t in font nullfont!
Missing character: There is no i in font nullfont!
Missing character: There is no v in font nullfont!
Missing character: There is no e in font nullfont!
Missing character: There is no s in font nullfont!
Missing character: There is no i in font nullfont!
Missing character: There is no m in font nullfont!
Missing character: There is no p in font nullfont!
Missing character: There is no l in font nullfont!
Missing character: There is no i in font nullfont!
Missing character: There is no c in font nullfont!
Missing character: There is no i in font nullfont!
Missing character: There is no t in font nullfont!
Missing character: There is no y in font nullfont!
Missing character: There is no o in font nullfont!
Missing character: There is no f in font nullfont!
Missing character: There is no t in font nullfont!
Missing character: There is no h in font nullfont!
Missing character: There is no e in font nullfont!
Missing character: There is no o in font nullfont!
Missing character: There is no n in font nullfont!
Missing character: There is no e in font nullfont!
Missing character: There is no - in font nullfont!
Missing character: There is no p in font nullfont!
Missing character: There is no a in font nullfont!
Missing character: There is no r in font nullfont!
Missing character: There is no t in font nullfont!
Missing character: There is no i in font nullfont!
Missing character: There is no c in font nullfont!
Missing character: There is no l in font nullfont!
Missing character: There is no e in font nullfont!
Missing character: There is no S in font nullfont!
Missing character: There is no c in font nullfont!
Missing character: There is no h in font nullfont!
Missing character: There is no r in font nullfont!
LaTeX Font Info:    Trying to load font information for +cmr on input line 2.
LaTeX Font Info:    No file cmr.fd. on input line 2.

LaTeX Font Warning: Font shape `/cmr/m/n' undefined
(Font)              using `/cmr/m/n' instead on input line 2.

! Corrupted NFSS tables.
wrong@fontshape ...message {Corrupted NFSS tables}
                                                  error@fontshape else let f...
l.2 ...tive simplicity of the one-particle Schr\"o
                                                  dinger equation the expone...
This error message was generated by an \errmessage
command, so I can't give any explicit help.
Pretend that you're Hercule Poirot: Examine all clues,
and deduce the truth by order and method.


LaTeX Font Warning: Font shape `/cmr/m/n' undefined
(Font)              using `OT1/cmr/m/n' instead on input line 2.

Missing character: There is no d in font nullfont!
Missing character: There is no i in font nullfont!
Missing character: There is no n in font nullfont!
Missing character: There is no g in font nullfont!
Missing character: There is no e in font nullfont!
Missing character: There is no r in font nullfont!
Missing character: There is no e in font nullfont!
Missing character: There is no q in font nullfont!
Missing character: There is no u in font nullfont!
Missing character: There is no a in font nullfont!
Missing character: There is no t in font nullfont!
Missing character: There is no i in font nullfont!
Missing character: There is no o in font nullfont!
Missing character: There is no n in font nullfont!
Missing character: There is no t in font nullfont!
Missing character: There is no h in font nullfont!
Missing character: There is no e in font nullfont!
Missing character: There is no e in font nullfont!
Missing character: There is no x in font nullfont!
Missing character: There is no p in font nullfont!
Missing character: There is no o in font nullfont!
Missing character: There is no n in font nullfont!
Missing character: There is no e in font nullfont!
Missing character: There is no n in font nullfont!
Missing character: There is no t in font nullfont!
Missing character: There is no i in font nullfont!
Missing character: There is no a in font nullfont!
Missing character: There is no l in font nullfont!
Missing character: There is no g in font nullfont!
Missing character: There is no r in font nullfont!
Missing character: There is no o in font nullfont!
Missing character: There is no w in font nullfont!
Missing character: There is no t in font nullfont!
Missing character: There is no h in font nullfont!
Missing character: There is no o in font nullfont!
Missing character: There is no f in font nullfont!
Missing character: There is no t in font nullfont!
Missing character: There is no h in font nullfont!
Missing character: There is no e in font nullfont!
Missing character: There is no m in font nullfont!
Missing character: There is no a in font nullfont!
Missing character: There is no n in font nullfont!
Missing character: There is no y in font nullfont!
Missing character: There is no - in font nullfont!
Missing character: There is no b in font nullfont!
Missing character: There is no o in font nullfont!
Missing character: There is no d in font nullfont!
Missing character: There is no y in font nullfont!
Missing character: There is no H in font nullfont!
Missing character: There is no i in font nullfont!
Missing character: There is no l in font nullfont!
Missing character: There is no b in font nullfont!
Missing character: There is no e in font nullfont!
Missing character: There is no r in font nullfont!
Missing character: There is no t in font nullfont!
Missing character: There is no s in font nullfont!
Missing character: There is no p in font nullfont!
Missing character: There is no a in font nullfont!
Missing character: There is no c in font nullfont!
Missing character: There is no e in font nullfont!
Missing character: There is no p in font nullfont!
Missing character: There is no o in font nullfont!
Missing character: There is no s in font nullfont!
Missing character: There is no e in font nullfont!
Missing character: There is no s in font nullfont!
Missing character: There is no a in font nullfont!
Missing character: There is no f in font nullfont!
Missing character: There is no u in font nullfont!
Missing character: There is no n in font nullfont!
Missing character: There is no d in font nullfont!
Missing character: There is no a in font nullfont!
Missing character: There is no m in font nullfont!
Missing character: There is no e in font nullfont!
Missing character: There is no n in font nullfont!
Missing character: There is no t in font nullfont!
Missing character: There is no a in font nullfont!
Missing character: There is no l in font nullfont!
Missing character: There is no c in font nullfont!
Missing character: There is no h in font nullfont!
Missing character: There is no a in font nullfont!
Missing character: There is no l in font nullfont!
Missing character: There is no l in font nullfont!
Missing character: There is no e in font nullfont!
Missing character: There is no n in font nullfont!
Missing character: There is no g in font nullfont!
Missing character: There is no e in font nullfont!
Missing character: There is no t in font nullfont!
Missing character: There is no o in font nullfont!
Missing character: There is no a in font nullfont!
Missing character: There is no n in font nullfont!
Missing character: There is no a in font nullfont!
Missing character: There is no l in font nullfont!
Missing character: There is no y in font nullfont!
Missing character: There is no t in font nullfont!
Missing character: There is no i in font nullfont!
Missing character: There is no c in font nullfont!
Missing character: There is no a in font nullfont!
Missing character: There is no l in font nullfont!
Missing character: There is no a in font nullfont!
Missing character: There is no n in font nullfont!
Missing character: There is no d in font nullfont!
Missing character: There is no c in font nullfont!
Missing character: There is no o in font nullfont!
Missing character: There is no m in font nullfont!
Missing character: There is no p in font nullfont!
Missing character: There is no u in font nullfont!
Missing character: There is no t in font nullfont!
Missing character: There is no a in font nullfont!
Missing character: There is no t in font nullfont!
Missing character: There is no i in font nullfont!
Missing character: There is no o in font nullfont!
Missing character: There is no n in font nullfont!
Missing character: There is no a in font nullfont!
Missing character: There is no l in font nullfont!
Missing character: There is no a in font nullfont!
Missing character: There is no p in font nullfont!
Missing character: There is no p in font nullfont!
Missing character: There is no r in font nullfont!
Missing character: There is no o in font nullfont!
Missing character: There is no a in font nullfont!
Missing character: There is no c in font nullfont!
Missing character: There is no h in font nullfont!
Missing character: There is no e in font nullfont!
Missing character: There is no s in font nullfont!
Missing character: There is no . in font nullfont!

Overfull \hbox (20.0pt too wide) in paragraph at lines 1--3
[][]
 []


Overfull \hbox (10.00003pt too wide) in paragraph at lines 1--3
\/cmr/m/n/10 ^^?o
 []


! LaTeX Error: Missing \begin{document}.

See the LaTeX manual or LaTeX Companion for explanation.
Type  H <return>  for immediate help.
 ...                                              
                                                  
l.4 T
     he significance of the many-body problem can hardly be overstated.
You're in trouble here.  Try typing  <return>  to proceed.
If that doesn't work, type  X <return>  to quit.

Missing character: There is no T in font nullfont!
Missing character: There is no h in font nullfont!
Missing character: There is no e in font nullfont!
Missing character: There is no s in font nullfont!
Missing character: There is no i in font nullfont!
Missing character: There is no g in font nullfont!
Missing character: There is no n in font nullfont!
Missing character: There is no i in font nullfont!
Missing character: There is no f in font nullfont!
Missing character: There is no i in font nullfont!
Missing character: There is no c in font nullfont!
Missing character: There is no a in font nullfont!
Missing character: There is no n in font nullfont!
Missing character: There is no c in font nullfont!
Missing character: There is no e in font nullfont!
Missing character: There is no o in font nullfont!
Missing character: There is no f in font nullfont!
Missing character: There is no t in font nullfont!
Missing character: There is no h in font nullfont!
Missing character: There is no e in font nullfont!
Missing character: There is no m in font nullfont!
Missing character: There is no a in font nullfont!
Missing character: There is no n in font nullfont!
Missing character: There is no y in font nullfont!
Missing character: There is no - in font nullfont!
Missing character: There is no b in font nullfont!
Missing character: There is no o in font nullfont!
Missing character: There is no d in font nullfont!
Missing character: There is no y in font nullfont!
Missing character: There is no p in font nullfont!
Missing character: There is no r in font nullfont!
Missing character: There is no o in font nullfont!
Missing character: There is no b in font nullfont!
Missing character: There is no l in font nullfont!
Missing character: There is no e in font nullfont!
Missing character: There is no m in font nullfont!
Missing character: There is no c in font nullfont!
Missing character: There is no a in font nullfont!
Missing character: There is no n in font nullfont!
Missing character: There is no h in font nullfont!
Missing character: There is no a in font nullfont!
Missing character: There is no r in font nullfont!
Missing character: There is no d in font nullfont!
Missing character: There is no l in font nullfont!
Missing character: There is no y in font nullfont!
Missing character: There is no b in font nullfont!
Missing character: There is no e in font nullfont!
Missing character: There is no o in font nullfont!
Missing character: There is no v in font nullfont!
Missing character: There is no e in font nullfont!
Missing character: There is no r in font nullfont!
Missing character: There is no s in font nullfont!
Missing character: There is no t in font nullfont!
Missing character: There is no a in font nullfont!
Missing character: There is no t in font nullfont!
Missing character: There is no e in font nullfont!
Missing character: There is no d in font nullfont!
Missing character: There is no . in font nullfont!

Overfull \hbox (20.0pt too wide) in paragraph at lines 4--5
[]
 []

! Undefined control sequence.
l.6 \section
            {The exponential wall}
The control sequence at the end of the top line
of your error message was never \def'ed. If you have
misspelled it (e.g., `\hobx'), type `I' and the correct
spelling (e.g., `I\hbox'). Otherwise just continue,
and I'll forget about whatever was undefined.


! LaTeX Error: Missing \begin{document}.

See the LaTeX manual or LaTeX Companion for explanation.
Type  H <return>  for immediate help.
 ...                                              
                                                  
l.6 \section{T
              he exponential wall}
You're in trouble here.  Try typing  <return>  to proceed.
If that doesn't work, type  X <return>  to quit.

Missing character: There is no T in font nullfont!
Missing character: There is no h in font nullfont!
Missing character: There is no e in font nullfont!
Missing character: There is no e in font nullfont!
Missing character: There is no x in font nullfont!
Missing character: There is no p in font nullfont!
Missing character: There is no o in font nullfont!
Missing character: There is no n in font nullfont!
Missing character: There is no e in font nullfont!
Missing character: There is no n in font nullfont!
Missing character: There is no t in font nullfont!
Missing character: There is no i in font nullfont!
Missing character: There is no a in font nullfont!
Missing character: There is no l in font nullfont!
Missing character: There is no w in font nullfont!
Missing character: There is no a in font nullfont!
Missing character: There is no l in font nullfont!
Missing character: There is no l in font nullfont!
Missing character: There is no T in font nullfont!
Missing character: There is no h in font nullfont!
Missing character: There is no e in font nullfont!
Missing character: There is no h in font nullfont!
Missing character: There is no a in font nullfont!
Missing character: There is no l in font nullfont!
Missing character: There is no l in font nullfont!
Missing character: There is no m in font nullfont!
Missing character: There is no a in font nullfont!
Missing character: There is no r in font nullfont!
Missing character: There is no k in font nullfont!
Missing character: There is no o in font nullfont!
Missing character: There is no f in font nullfont!
Missing character: There is no a in font nullfont!
Missing character: There is no q in font nullfont!
Missing character: There is no u in font nullfont!
Missing character: There is no a in font nullfont!
Missing character: There is no n in font nullfont!
Missing character: There is no t in font nullfont!
Missing character: There is no u in font nullfont!
Missing character: There is no m in font nullfont!
Missing character: There is no m in font nullfont!
Missing character: There is no a in font nullfont!
Missing character: There is no n in font nullfont!
Missing character: There is no y in font nullfont!
Missing character: There is no - in font nullfont!
Missing character: There is no b in font nullfont!
Missing character: There is no o in font nullfont!
Missing character: There is no d in font nullfont!
Missing character: There is no y in font nullfont!
Missing character: There is no s in font nullfont!
Missing character: There is no y in font nullfont!
Missing character: There is no s in font nullfont!
Missing character: There is no t in font nullfont!
Missing character: There is no e in font nullfont!
Missing character: There is no m in font nullfont!
Missing character: There is no i in font nullfont!
Missing character: There is no s in font nullfont!
Missing character: There is no t in font nullfont!
Missing character: There is no h in font nullfont!
Missing character: There is no e in font nullfont!
Missing character: There is no t in font nullfont!
Missing character: There is no e in font nullfont!
Missing character: There is no n in font nullfont!
Missing character: There is no s in font nullfont!
Missing character: There is no o in font nullfont!
Missing character: There is no r in font nullfont!
Missing character: There is no p in font nullfont!
Missing character: There is no r in font nullfont!
Missing character: There is no o in font nullfont!
Missing character: There is no d in font nullfont!
Missing character: There is no u in font nullfont!
Missing character: There is no c in font nullfont!
Missing character: There is no t in font nullfont!
Missing character: There is no s in font nullfont!
Missing character: There is no t in font nullfont!
Missing character: There is no r in font nullfont!
Missing character: There is no u in font nullfont!
Missing character: There is no c in font nullfont!
Missing character: There is no t in font nullfont!
Missing character: There is no u in font nullfont!
Missing character: There is no r in font nullfont!
Missing character: There is no e in font nullfont!
Missing character: There is no o in font nullfont!
Missing character: There is no f in font nullfont!
Missing character: There is no i in font nullfont!
Missing character: There is no t in font nullfont!
Missing character: There is no s in font nullfont!
Missing character: There is no H in font nullfont!
Missing character: There is no i in font nullfont!
Missing character: There is no l in font nullfont!
Missing character: There is no b in font nullfont!
Missing character: There is no e in font nullfont!
Missing character: There is no r in font nullfont!
Missing character: There is no t in font nullfont!
Missing character: There is no s in font nullfont!
Missing character: There is no p in font nullfont!
Missing character: There is no a in font nullfont!
Missing character: There is no c in font nullfont!
Missing character: There is no e in font nullfont!
Missing character: There is no . in font nullfont!
Missing character: There is no B in font nullfont!
Missing character: There is no y in font nullfont!
Missing character: There is no t in font nullfont!
Missing character: There is no h in font nullfont!
Missing character: There is no i in font nullfont!
Missing character: There is no s in font nullfont!
Missing character: There is no i in font nullfont!
Missing character: There is no t in font nullfont!
Missing character: There is no i in font nullfont!
Missing character: There is no s in font nullfont!
Missing character: There is no m in font nullfont!
Missing character: There is no e in font nullfont!
Missing character: There is no a in font nullfont!
Missing character: There is no n in font nullfont!
Missing character: There is no t in font nullfont!
Missing character: There is no t in font nullfont!
Missing character: There is no h in font nullfont!
Missing character: There is no a in font nullfont!
Missing character: There is no t in font nullfont!
Missing character: There is no t in font nullfont!
Missing character: There is no h in font nullfont!
Missing character: There is no e in font nullfont!
Missing character: There is no f in font nullfont!
Missing character: There is no u in font nullfont!
Missing character: There is no l in font nullfont!
Missing character: There is no l in font nullfont!
Missing character: There is no m in font nullfont!
Missing character: There is no a in font nullfont!
Missing character: There is no n in font nullfont!
Missing character: There is no y in font nullfont!
Missing character: There is no - in font nullfont!
Missing character: There is no b in font nullfont!
Missing character: There is no o in font nullfont!
Missing character: There is no d in font nullfont!
Missing character: There is no y in font nullfont!
Missing character: There is no H in font nullfont!
Missing character: There is no i in font nullfont!
Missing character: There is no l in font nullfont!
Missing character: There is no b in font nullfont!
Missing character: There is no e in font nullfont!
Missing character: There is no r in font nullfont!
Missing character: There is no t in font nullfont!
Missing character: There is no s in font nullfont!
Missing character: There is no p in font nullfont!
Missing character: There is no a in font nullfont!
Missing character: There is no c in font nullfont!
Missing character: There is no e in font nullfont!
LaTeX Font Info:    External font `cmex10' loaded for size
(Font)              <7> on input line 7.
LaTeX Font Info:    External font `cmex10' loaded for size
(Font)              <5> on input line 7.
! Undefined control sequence.
<recently read> \mc 
                    
l.7 ... that the full many-body Hilbert space $\mc
                                                   H$ can be written as a te...
The control sequence at the end of the top line
of your error message was never \def'ed. If you have
misspelled it (e.g., `\hobx'), type `I' and the correct
spelling (e.g., `I\hbox'). Otherwise just continue,
and I'll forget about whatever was undefined.

Missing character: There is no c in font nullfont!
Missing character: There is no a in font nullfont!
Missing character: There is no n in font nullfont!
Missing character: There is no b in font nullfont!
Missing character: There is no e in font nullfont!
Missing character: There is no w in font nullfont!
Missing character: There is no r in font nullfont!
Missing character: There is no i in font nullfont!
Missing character: There is no t in font nullfont!
Missing character: There is no t in font nullfont!
Missing character: There is no e in font nullfont!
Missing character: There is no n in font nullfont!
Missing character: There is no a in font nullfont!
Missing character: There is no s in font nullfont!
Missing character: There is no a in font nullfont!
Missing character: There is no t in font nullfont!
Missing character: There is no e in font nullfont!
Missing character: There is no n in font nullfont!
Missing character: There is no s in font nullfont!
Missing character: There is no o in font nullfont!
Missing character: There is no r in font nullfont!
Missing character: There is no p in font nullfont!
Missing character: There is no r in font nullfont!
Missing character: There is no o in font nullfont!
Missing character: There is no d in font nullfont!
Missing character: There is no u in font nullfont!
Missing character: There is no c in font nullfont!
Missing character: There is no t in font nullfont!
Missing character: There is no o in font nullfont!
Missing character: There is no f in font nullfont!
Missing character: There is no c in font nullfont!
Missing character: There is no o in font nullfont!
Missing character: There is no n in font nullfont!
Missing character: There is no s in font nullfont!
Missing character: There is no t in font nullfont!
Missing character: There is no i in font nullfont!
Missing character: There is no t in font nullfont!
Missing character: There is no u in font nullfont!
Missing character: There is no e in font nullfont!
Missing character: There is no n in font nullfont!
Missing character: There is no t in font nullfont!
Missing character: There is no s in font nullfont!
Missing character: There is no p in font nullfont!
Missing character: There is no a in font nullfont!
Missing character: There is no c in font nullfont!
Missing character: There is no e in font nullfont!
Missing character: There is no s in font nullfont!
Missing character: There is no h in font nullfont!
Missing character: There is no o in font nullfont!
Missing character: There is no s in font nullfont!
Missing character: There is no t in font nullfont!
Missing character: There is no i in font nullfont!
Missing character: There is no n in font nullfont!
Missing character: There is no g in font nullfont!
Missing character: There is no l in font nullfont!
Missing character: There is no o in font nullfont!
Missing character: There is no c in font nullfont!
Missing character: There is no a in font nullfont!
Missing character: There is no l in font nullfont!
Missing character: There is no i in font nullfont!
Missing character: There is no s in font nullfont!
Missing character: There is no e in font nullfont!
Missing character: There is no d in font nullfont!
Missing character: There is no q in font nullfont!
Missing character: There is no u in font nullfont!
Missing character: There is no a in font nullfont!
Missing character: There is no n in font nullfont!
Missing character: There is no t in font nullfont!
Missing character: There is no u in font nullfont!
Missing character: There is no m in font nullfont!
Missing character: There is no m in font nullfont!
Missing character: There is no o in font nullfont!
Missing character: There is no d in font nullfont!
Missing character: There is no e in font nullfont!
Missing character: There is no s in font nullfont!
Missing character: There is no o in font nullfont!
Missing character: There is no r in font nullfont!
Missing character: There is no p in font nullfont!
Missing character: There is no a in font nullfont!
Missing character: There is no r in font nullfont!
Missing character: There is no t in font nullfont!
Missing character: There is no i in font nullfont!
Missing character: There is no c in font nullfont!
Missing character: There is no l in font nullfont!
Missing character: There is no e in font nullfont!
Missing character: There is no s in font nullfont!
Missing character: There is no : in font nullfont!

Overfull \hbox (20.0pt too wide) in paragraph at lines 6--8
[]
 []


Overfull \hbox (9.12497pt too wide) in paragraph at lines 6--8
\OML/cmm/m/it/10 H$
 []

! Undefined control sequence.
l.9 	\mc
         H = \bigotimes_{\msf i=1}^N \mc H_\msf i.
The control sequence at the end of the top line
of your error message was never \def'ed. If you have
misspelled it (e.g., `\hobx'), type `I' and the correct
spelling (e.g., `I\hbox'). Otherwise just continue,
and I'll forget about whatever was undefined.

! Undefined control sequence.
l.9 	\mc H = \bigotimes_{\msf
                              i=1}^N \mc H_\msf i.
The control sequence at the end of the top line
of your error message was never \def'ed. If you have
misspelled it (e.g., `\hobx'), type `I' and the correct
spelling (e.g., `I\hbox'). Otherwise just continue,
and I'll forget about whatever was undefined.

! Undefined control sequence.
l.9 	\mc H = \bigotimes_{\msf i=1}^N \mc
                                         H_\msf i.
The control sequence at the end of the top line
of your error message was never \def'ed. If you have
misspelled it (e.g., `\hobx'), type `I' and the correct
spelling (e.g., `I\hbox'). Otherwise just continue,
and I'll forget about whatever was undefined.

! Undefined control sequence.
l.9 	\mc H = \bigotimes_{\msf i=1}^N \mc H_\msf
                                                i.
The control sequence at the end of the top line
of your error message was never \def'ed. If you have
misspelled it (e.g., `\hobx'), type `I' and the correct
spelling (e.g., `I\hbox'). Otherwise just continue,
and I'll forget about whatever was undefined.


Overfull \hbox (53.65555pt too wide) detected at line 10
[]\OML/cmm/m/it/10 H \/cmr/m/n/10 = [] \OML/cmm/m/it/10 H[]:
 []

Missing character: There is no T in font nullfont!
Missing character: There is no h in font nullfont!
Missing character: There is no r in font nullfont!
Missing character: There is no o in font nullfont!
Missing character: There is no u in font nullfont!
Missing character: There is no g in font nullfont!
Missing character: There is no h in font nullfont!
Missing character: There is no o in font nullfont!
Missing character: There is no u in font nullfont!
Missing character: There is no t in font nullfont!
Missing character: There is no , in font nullfont!
Missing character: There is no w in font nullfont!
Missing character: There is no e in font nullfont!
Missing character: There is no w in font nullfont!
Missing character: There is no i in font nullfont!
Missing character: There is no l in font nullfont!
Missing character: There is no l in font nullfont!
Missing character: There is no a in font nullfont!
Missing character: There is no s in font nullfont!
Missing character: There is no s in font nullfont!
Missing character: There is no u in font nullfont!
Missing character: There is no m in font nullfont!
Missing character: There is no e in font nullfont!
Missing character: There is no t in font nullfont!
Missing character: There is no h in font nullfont!
Missing character: There is no e in font nullfont!
Missing character: There is no l in font nullfont!
Missing character: There is no o in font nullfont!
Missing character: There is no c in font nullfont!
Missing character: There is no a in font nullfont!
Missing character: There is no l in font nullfont!
Missing character: There is no H in font nullfont!
Missing character: There is no i in font nullfont!
Missing character: There is no l in font nullfont!
Missing character: There is no b in font nullfont!
Missing character: There is no e in font nullfont!
Missing character: There is no r in font nullfont!
Missing character: There is no t in font nullfont!
Missing character: There is no s in font nullfont!
Missing character: There is no p in font nullfont!
Missing character: There is no a in font nullfont!
Missing character: There is no c in font nullfont!
Missing character: There is no e in font nullfont!
Missing character: There is no d in font nullfont!
Missing character: There is no i in font nullfont!
Missing character: There is no m in font nullfont!
Missing character: There is no e in font nullfont!
Missing character: There is no n in font nullfont!
Missing character: There is no s in font nullfont!
Missing character: There is no i in font nullfont!
Missing character: There is no o in font nullfont!
Missing character: There is no n in font nullfont!
! Undefined control sequence.
l.11 ...the local Hilbert space dimension $\dim\mc
                                                   H_\msf i$ to be finite, w...
The control sequence at the end of the top line
of your error message was never \def'ed. If you have
misspelled it (e.g., `\hobx'), type `I' and the correct
spelling (e.g., `I\hbox'). Otherwise just continue,
and I'll forget about whatever was undefined.

! Undefined control sequence.
l.11 ...al Hilbert space dimension $\dim\mc H_\msf
                                                   i$ to be finite, which is...
The control sequence at the end of the top line
of your error message was never \def'ed. If you have
misspelled it (e.g., `\hobx'), type `I' and the correct
spelling (e.g., `I\hbox'). Otherwise just continue,
and I'll forget about whatever was undefined.

Missing character: There is no t in font nullfont!
Missing character: There is no o in font nullfont!
Missing character: There is no b in font nullfont!
Missing character: There is no e in font nullfont!
Missing character: There is no f in font nullfont!
Missing character: There is no i in font nullfont!
Missing character: There is no n in font nullfont!
Missing character: There is no i in font nullfont!
Missing character: There is no t in font nullfont!
Missing character: There is no e in font nullfont!
Missing character: There is no , in font nullfont!
Missing character: There is no w in font nullfont!
Missing character: There is no h in font nullfont!
Missing character: There is no i in font nullfont!
Missing character: There is no c in font nullfont!
Missing character: There is no h in font nullfont!
Missing character: There is no i in font nullfont!
Missing character: There is no s in font nullfont!
Missing character: There is no n in font nullfont!
Missing character: There is no a in font nullfont!
Missing character: There is no t in font nullfont!
Missing character: There is no u in font nullfont!
Missing character: There is no r in font nullfont!
Missing character: There is no a in font nullfont!
Missing character: There is no l in font nullfont!
Missing character: There is no l in font nullfont!
Missing character: There is no y in font nullfont!
Missing character: There is no t in font nullfont!
Missing character: There is no r in font nullfont!
Missing character: There is no u in font nullfont!
Missing character: There is no e in font nullfont!
Missing character: There is no i in font nullfont!
Missing character: There is no n in font nullfont!
Missing character: There is no m in font nullfont!
Missing character: There is no a in font nullfont!
Missing character: There is no n in font nullfont!
Missing character: There is no y in font nullfont!
Missing character: There is no c in font nullfont!
Missing character: There is no a in font nullfont!
Missing character: There is no s in font nullfont!
Missing character: There is no e in font nullfont!
Missing character: There is no s in font nullfont!
Missing character: There is no o in font nullfont!
Missing character: There is no f in font nullfont!
Missing character: There is no i in font nullfont!
Missing character: There is no n in font nullfont!
Missing character: There is no t in font nullfont!
Missing character: There is no e in font nullfont!
Missing character: There is no r in font nullfont!
Missing character: There is no e in font nullfont!
Missing character: There is no s in font nullfont!
Missing character: There is no t in font nullfont!
Missing character: There is no f in font nullfont!
Missing character: There is no o in font nullfont!
Missing character: There is no r in font nullfont!
Missing character: There is no e in font nullfont!
Missing character: There is no x in font nullfont!
Missing character: There is no a in font nullfont!
Missing character: There is no m in font nullfont!
Missing character: There is no p in font nullfont!
Missing character: There is no l in font nullfont!
Missing character: There is no e in font nullfont!
Missing character: There is no w in font nullfont!
Missing character: There is no h in font nullfont!
Missing character: There is no e in font nullfont!
Missing character: There is no n in font nullfont!
! Undefined control sequence.
<recently read> \mc 
                    
l.11 ...ny cases of interest for example when $\mc
                                                   H_\msf i$ is the Hilbert ...
The control sequence at the end of the top line
of your error message was never \def'ed. If you have
misspelled it (e.g., `\hobx'), type `I' and the correct
spelling (e.g., `I\hbox'). Otherwise just continue,
and I'll forget about whatever was undefined.

! Undefined control sequence.
l.11 ...s of interest for example when $\mc H_\msf
                                                   i$ is the Hilbert space o...
The control sequence at the end of the top line
of your error message was never \def'ed. If you have
misspelled it (e.g., `\hobx'), type `I' and the correct
spelling (e.g., `I\hbox'). Otherwise just continue,
and I'll forget about whatever was undefined.

Missing character: There is no i in font nullfont!
Missing character: There is no s in font nullfont!
Missing character: There is no t in font nullfont!
Missing character: There is no h in font nullfont!
Missing character: There is no e in font nullfont!
Missing character: There is no H in font nullfont!
Missing character: There is no i in font nullfont!
Missing character: There is no l in font nullfont!
Missing character: There is no b in font nullfont!
Missing character: There is no e in font nullfont!
Missing character: There is no r in font nullfont!
Missing character: There is no t in font nullfont!
Missing character: There is no s in font nullfont!
Missing character: There is no p in font nullfont!
Missing character: There is no a in font nullfont!
Missing character: There is no c in font nullfont!
Missing character: There is no e in font nullfont!
Missing character: There is no o in font nullfont!
Missing character: There is no f in font nullfont!
Missing character: There is no a in font nullfont!
Missing character: There is no q in font nullfont!
Missing character: There is no u in font nullfont!
Missing character: There is no b in font nullfont!
Missing character: There is no i in font nullfont!
Missing character: There is no t in font nullfont!
! Undefined control sequence.
<recently read> \mbb 
                     
l.11 ...f i$ is the Hilbert space of a qubit $\mbb
                                                   C^2$. Even when $\mc H_\m...
The control sequence at the end of the top line
of your error message was never \def'ed. If you have
misspelled it (e.g., `\hobx'), type `I' and the correct
spelling (e.g., `I\hbox'). Otherwise just continue,
and I'll forget about whatever was undefined.

Missing character: There is no . in font nullfont!
Missing character: There is no E in font nullfont!
Missing character: There is no v in font nullfont!
Missing character: There is no e in font nullfont!
Missing character: There is no n in font nullfont!
Missing character: There is no w in font nullfont!
Missing character: There is no h in font nullfont!
Missing character: There is no e in font nullfont!
Missing character: There is no n in font nullfont!
! Undefined control sequence.
<recently read> \mc 
                    
l.11 ...pace of a qubit $\mbb C^2$. Even when $\mc
                                                   H_\msf i$ is inherently i...
The control sequence at the end of the top line
of your error message was never \def'ed. If you have
misspelled it (e.g., `\hobx'), type `I' and the correct
spelling (e.g., `I\hbox'). Otherwise just continue,
and I'll forget about whatever was undefined.

! Undefined control sequence.
l.11 ... a qubit $\mbb C^2$. Even when $\mc H_\msf
                                                   i$ is inherently infinite...
The control sequence at the end of the top line
of your error message was never \def'ed. If you have
misspelled it (e.g., `\hobx'), type `I' and the correct
spelling (e.g., `I\hbox'). Otherwise just continue,
and I'll forget about whatever was undefined.

Missing character: There is no i in font nullfont!
Missing character: There is no s in font nullfont!
Missing character: There is no i in font nullfont!
Missing character: There is no n in font nullfont!
Missing character: There is no h in font nullfont!
Missing character: There is no e in font nullfont!
Missing character: There is no r in font nullfont!
Missing character: There is no e in font nullfont!
Missing character: There is no n in font nullfont!
Missing character: There is no t in font nullfont!
Missing character: There is no l in font nullfont!
Missing character: There is no y in font nullfont!
Missing character: There is no i in font nullfont!
Missing character: There is no n in font nullfont!
Missing character: There is no f in font nullfont!
Missing character: There is no i in font nullfont!
Missing character: There is no n in font nullfont!
Missing character: There is no i in font nullfont!
Missing character: There is no t in font nullfont!
Missing character: There is no e in font nullfont!
Missing character: There is no - in font nullfont!
Missing character: There is no d in font nullfont!
Missing character: There is no i in font nullfont!
Missing character: There is no m in font nullfont!
Missing character: There is no e in font nullfont!
Missing character: There is no n in font nullfont!
Missing character: There is no s in font nullfont!
Missing character: There is no i in font nullfont!
Missing character: There is no o in font nullfont!
Missing character: There is no n in font nullfont!
Missing character: There is no a in font nullfont!
Missing character: There is no l in font nullfont!
Missing character: There is no s in font nullfont!
Missing character: There is no u in font nullfont!
Missing character: There is no c in font nullfont!
Missing character: There is no h in font nullfont!
Missing character: There is no a in font nullfont!
Missing character: There is no s in font nullfont!
Missing character: There is no i in font nullfont!
Missing character: There is no n in font nullfont!
Missing character: There is no t in font nullfont!
Missing character: There is no h in font nullfont!
Missing character: There is no e in font nullfont!
Missing character: There is no c in font nullfont!
Missing character: There is no a in font nullfont!
Missing character: There is no s in font nullfont!
Missing character: There is no e in font nullfont!
Missing character: There is no o in font nullfont!
Missing character: There is no f in font nullfont!
Missing character: There is no b in font nullfont!
Missing character: There is no o in font nullfont!
Missing character: There is no s in font nullfont!
Missing character: There is no o in font nullfont!
Missing character: There is no n in font nullfont!
Missing character: There is no i in font nullfont!
Missing character: There is no c in font nullfont!
Missing character: There is no m in font nullfont!
Missing character: There is no o in font nullfont!
Missing character: There is no d in font nullfont!
Missing character: There is no e in font nullfont!
Missing character: There is no s in font nullfont!
Missing character: There is no , in font nullfont!
Missing character: There is no a in font nullfont!
Missing character: There is no t in font nullfont!
Missing character: There is no r in font nullfont!
Missing character: There is no u in font nullfont!
Missing character: There is no n in font nullfont!
Missing character: There is no c in font nullfont!
Missing character: There is no a in font nullfont!
Missing character: There is no t in font nullfont!
Missing character: There is no i in font nullfont!
Missing character: There is no o in font nullfont!
Missing character: There is no n in font nullfont!
Missing character: There is no o in font nullfont!
Missing character: There is no f in font nullfont!
Missing character: There is no t in font nullfont!
Missing character: There is no h in font nullfont!
Missing character: There is no e in font nullfont!
Missing character: There is no l in font nullfont!
Missing character: There is no o in font nullfont!
Missing character: There is no c in font nullfont!
Missing character: There is no a in font nullfont!
Missing character: There is no l in font nullfont!
Missing character: There is no b in font nullfont!
Missing character: There is no a in font nullfont!
Missing character: There is no s in font nullfont!
Missing character: There is no i in font nullfont!
Missing character: There is no s in font nullfont!
Missing character: There is no i in font nullfont!
Missing character: There is no s in font nullfont!
Missing character: There is no o in font nullfont!
Missing character: There is no f in font nullfont!
Missing character: There is no t in font nullfont!
Missing character: There is no e in font nullfont!
Missing character: There is no n in font nullfont!
Missing character: There is no p in font nullfont!
Missing character: There is no e in font nullfont!
Missing character: There is no r in font nullfont!
Missing character: There is no m in font nullfont!
Missing character: There is no i in font nullfont!
Missing character: There is no t in font nullfont!
Missing character: There is no t in font nullfont!
Missing character: There is no e in font nullfont!
Missing character: There is no d in font nullfont!
Missing character: There is no f in font nullfont!
Missing character: There is no o in font nullfont!
Missing character: There is no r in font nullfont!
Missing character: There is no m in font nullfont!
Missing character: There is no a in font nullfont!
Missing character: There is no n in font nullfont!
Missing character: There is no y in font nullfont!
Missing character: There is no p in font nullfont!
Missing character: There is no h in font nullfont!
Missing character: There is no y in font nullfont!
Missing character: There is no s in font nullfont!
Missing character: There is no i in font nullfont!
Missing character: There is no c in font nullfont!
Missing character: There is no a in font nullfont!
Missing character: There is no l in font nullfont!
Missing character: There is no l in font nullfont!
Missing character: There is no y in font nullfont!
Missing character: There is no r in font nullfont!
Missing character: There is no e in font nullfont!
Missing character: There is no l in font nullfont!
Missing character: There is no e in font nullfont!
Missing character: There is no v in font nullfont!
Missing character: There is no a in font nullfont!
Missing character: There is no n in font nullfont!
Missing character: There is no t in font nullfont!
Missing character: There is no s in font nullfont!
Missing character: There is no y in font nullfont!
Missing character: There is no s in font nullfont!
Missing character: There is no t in font nullfont!
Missing character: There is no e in font nullfont!
Missing character: There is no m in font nullfont!
Missing character: There is no s in font nullfont!
Missing character: There is no . in font nullfont!

Overfull \hbox (29.97513pt too wide) in paragraph at lines 10--12
         $[] \OML/cmm/m/it/10 H[]$
 []


Overfull \hbox (11.64178pt too wide) in paragraph at lines 10--12
\OML/cmm/m/it/10 H[]$
 []


Overfull \hbox (12.34862pt too wide) in paragraph at lines 10--12
\OML/cmm/m/it/10 C[]$
 []


Overfull \hbox (11.64178pt too wide) in paragraph at lines 10--12
\OML/cmm/m/it/10 H[]$
 []


! LaTeX Error: Missing \begin{document}.

See the LaTeX manual or LaTeX Companion for explanation.
Type  H <return>  for immediate help.
 ...                                              
                                                  
l.13 P
      rovided an (orthonormal) basis for the local modes, $\mc H_\msf i:= {\...

You're in trouble here.  Try typing  <return>  to proceed.
If that doesn't work, type  X <return>  to quit.

Missing character: There is no P in font nullfont!
Missing character: There is no r in font nullfont!
Missing character: There is no o in font nullfont!
Missing character: There is no v in font nullfont!
Missing character: There is no i in font nullfont!
Missing character: There is no d in font nullfont!
Missing character: There is no e in font nullfont!
Missing character: There is no d in font nullfont!
Missing character: There is no a in font nullfont!
Missing character: There is no n in font nullfont!
Missing character: There is no ( in font nullfont!
Missing character: There is no o in font nullfont!
Missing character: There is no r in font nullfont!
Missing character: There is no t in font nullfont!
Missing character: There is no h in font nullfont!
Missing character: There is no o in font nullfont!
Missing character: There is no n in font nullfont!
Missing character: There is no o in font nullfont!
Missing character: There is no r in font nullfont!
Missing character: There is no m in font nullfont!
Missing character: There is no a in font nullfont!
Missing character: There is no l in font nullfont!
Missing character: There is no ) in font nullfont!
Missing character: There is no b in font nullfont!
Missing character: There is no a in font nullfont!
Missing character: There is no s in font nullfont!
Missing character: There is no i in font nullfont!
Missing character: There is no s in font nullfont!
Missing character: There is no f in font nullfont!
Missing character: There is no o in font nullfont!
Missing character: There is no r in font nullfont!
Missing character: There is no t in font nullfont!
Missing character: There is no h in font nullfont!
Missing character: There is no e in font nullfont!
Missing character: There is no l in font nullfont!
Missing character: There is no o in font nullfont!
Missing character: There is no c in font nullfont!
Missing character: There is no a in font nullfont!
Missing character: There is no l in font nullfont!
Missing character: There is no m in font nullfont!
Missing character: There is no o in font nullfont!
Missing character: There is no d in font nullfont!
Missing character: There is no e in font nullfont!
Missing character: There is no s in font nullfont!
Missing character: There is no , in font nullfont!
! Undefined control sequence.
<recently read> \mc 
                    
l.13 ...thonormal) basis for the local modes, $\mc
                                                   H_\msf i:= {\rm Span}_{\m...
The control sequence at the end of the top line
of your error message was never \def'ed. If you have
misspelled it (e.g., `\hobx'), type `I' and the correct
spelling (e.g., `I\hbox'). Otherwise just continue,
and I'll forget about whatever was undefined.

! Undefined control sequence.
l.13 ...al) basis for the local modes, $\mc H_\msf
                                                   i:= {\rm Span}_{\mbb C}\{...
The control sequence at the end of the top line
of your error message was never \def'ed. If you have
misspelled it (e.g., `\hobx'), type `I' and the correct
spelling (e.g., `I\hbox'). Otherwise just continue,
and I'll forget about whatever was undefined.

! Undefined control sequence.
l.13 ... for the local modes, $\mc H_\msf i:= {\rm
                                                   Span}_{\mbb C}\{ | i\ra _...
The control sequence at the end of the top line
of your error message was never \def'ed. If you have
misspelled it (e.g., `\hobx'), type `I' and the correct
spelling (e.g., `I\hbox'). Otherwise just continue,
and I'll forget about whatever was undefined.

! Undefined control sequence.
l.13 ...al modes, $\mc H_\msf i:= {\rm Span}_{\mbb
                                                   C}\{ | i\ra _{\msf i} \ |...
The control sequence at the end of the top line
of your error message was never \def'ed. If you have
misspelled it (e.g., `\hobx'), type `I' and the correct
spelling (e.g., `I\hbox'). Otherwise just continue,
and I'll forget about whatever was undefined.

! Undefined control sequence.
l.13 ...mc H_\msf i:= {\rm Span}_{\mbb C}\{ | i\ra
                                                   _{\msf i} \ |\  i=1,2,\do...
The control sequence at the end of the top line
of your error message was never \def'ed. If you have
misspelled it (e.g., `\hobx'), type `I' and the correct
spelling (e.g., `I\hbox'). Otherwise just continue,
and I'll forget about whatever was undefined.

! Undefined control sequence.
l.13 ...sf i:= {\rm Span}_{\mbb C}\{ | i\ra _{\msf
                                                   i} \ |\  i=1,2,\dots, d_\...
The control sequence at the end of the top line
of your error message was never \def'ed. If you have
misspelled it (e.g., `\hobx'), type `I' and the correct
spelling (e.g., `I\hbox'). Otherwise just continue,
and I'll forget about whatever was undefined.

! Undefined control sequence.
l.13 ...| i\ra _{\msf i} \ |\  i=1,2,\dots, d_\msf
                                                   i \}$, let us consider th...
The control sequence at the end of the top line
of your error message was never \def'ed. If you have
misspelled it (e.g., `\hobx'), type `I' and the correct
spelling (e.g., `I\hbox'). Otherwise just continue,
and I'll forget about whatever was undefined.

Missing character: There is no , in font nullfont!
Missing character: There is no l in font nullfont!
Missing character: There is no e in font nullfont!
Missing character: There is no t in font nullfont!
Missing character: There is no u in font nullfont!
Missing character: There is no s in font nullfont!
Missing character: There is no c in font nullfont!
Missing character: There is no o in font nullfont!
Missing character: There is no n in font nullfont!
Missing character: There is no s in font nullfont!
Missing character: There is no i in font nullfont!
Missing character: There is no d in font nullfont!
Missing character: There is no e in font nullfont!
Missing character: There is no r in font nullfont!
Missing character: There is no t in font nullfont!
Missing character: There is no h in font nullfont!
Missing character: There is no e in font nullfont!
Missing character: There is no ( in font nullfont!
Missing character: There is no o in font nullfont!
Missing character: There is no r in font nullfont!
Missing character: There is no t in font nullfont!
Missing character: There is no h in font nullfont!
Missing character: There is no o in font nullfont!
Missing character: There is no n in font nullfont!
Missing character: There is no o in font nullfont!
Missing character: There is no r in font nullfont!
Missing character: There is no m in font nullfont!
Missing character: There is no a in font nullfont!
Missing character: There is no l in font nullfont!
Missing character: There is no ) in font nullfont!
Missing character: There is no t in font nullfont!
Missing character: There is no e in font nullfont!
Missing character: There is no n in font nullfont!
Missing character: There is no s in font nullfont!
Missing character: There is no o in font nullfont!
Missing character: There is no r in font nullfont!
Missing character: There is no p in font nullfont!
Missing character: There is no r in font nullfont!
Missing character: There is no o in font nullfont!
Missing character: There is no d in font nullfont!
Missing character: There is no u in font nullfont!
Missing character: There is no c in font nullfont!
Missing character: There is no t in font nullfont!
Missing character: There is no b in font nullfont!
Missing character: There is no a in font nullfont!
Missing character: There is no s in font nullfont!
Missing character: There is no i in font nullfont!
Missing character: There is no s in font nullfont!
Missing character: There is no f in font nullfont!
Missing character: There is no o in font nullfont!
Missing character: There is no r in font nullfont!
! Undefined control sequence.
<recently read> \mc 
                    
l.13 ...orthonormal) tensor product basis for $\mc
                                                   H$ denoted by
The control sequence at the end of the top line
of your error message was never \def'ed. If you have
misspelled it (e.g., `\hobx'), type `I' and the correct
spelling (e.g., `I\hbox'). Otherwise just continue,
and I'll forget about whatever was undefined.

Missing character: There is no d in font nullfont!
Missing character: There is no e in font nullfont!
Missing character: There is no n in font nullfont!
Missing character: There is no o in font nullfont!
Missing character: There is no t in font nullfont!
Missing character: There is no e in font nullfont!
Missing character: There is no d in font nullfont!
Missing character: There is no b in font nullfont!
Missing character: There is no y in font nullfont!

Overfull \hbox (20.0pt too wide) in paragraph at lines 13--14
[]
 []


Overfull \hbox (24.97508pt too wide) in paragraph at lines 13--14
\OML/cmm/m/it/10 H[] \/cmr/m/n/10 :=
 []


Overfull \hbox (61.08443pt too wide) in paragraph at lines 13--14
[][]\OMS/cmsy/m/n/10 fj\OML/cmm/m/it/10 i[] \OMS/cmsy/m/n/10 j \OML/cmm/m/it/10
 i \/cmr/m/n/10 =
 []


Overfull \hbox (50.20067pt too wide) in paragraph at lines 13--14
\/cmr/m/n/10 1\OML/cmm/m/it/10 ; \/cmr/m/n/10 2\OML/cmm/m/it/10 ; [] ; d[]\OMS/
cmsy/m/n/10 g$
 []


Overfull \hbox (9.12497pt too wide) in paragraph at lines 13--14
\OML/cmm/m/it/10 H$
 []

! Undefined control sequence.
l.15 	| i_1, i_2, \dots , i_N \ra
                                  := | i_1 \ra \otimes | i_2 \ra \otimes \do...
The control sequence at the end of the top line
of your error message was never \def'ed. If you have
misspelled it (e.g., `\hobx'), type `I' and the correct
spelling (e.g., `I\hbox'). Otherwise just continue,
and I'll forget about whatever was undefined.

! Undefined control sequence.
l.15 	| i_1, i_2, \dots , i_N \ra := | i_1 \ra
                                               \otimes | i_2 \ra \otimes \do...
The control sequence at the end of the top line
of your error message was never \def'ed. If you have
misspelled it (e.g., `\hobx'), type `I' and the correct
spelling (e.g., `I\hbox'). Otherwise just continue,
and I'll forget about whatever was undefined.

! Undefined control sequence.
l.15 ...s , i_N \ra := | i_1 \ra \otimes | i_2 \ra
                                                   \otimes \dots \otimes | i...
The control sequence at the end of the top line
of your error message was never \def'ed. If you have
misspelled it (e.g., `\hobx'), type `I' and the correct
spelling (e.g., `I\hbox'). Otherwise just continue,
and I'll forget about whatever was undefined.

! Undefined control sequence.
l.15 ... | i_2 \ra \otimes \dots \otimes | i_N \ra
                                                  .
The control sequence at the end of the top line
of your error message was never \def'ed. If you have
misspelled it (e.g., `\hobx'), type `I' and the correct
spelling (e.g., `I\hbox'). Otherwise just continue,
and I'll forget about whatever was undefined.


Overfull \hbox (145.45119pt too wide) detected at line 16
\OMS/cmsy/m/n/10 j\OML/cmm/m/it/10 i[]; i[]; [] ; i[] \/cmr/m/n/10 := \OMS/cmsy
/m/n/10 j\OML/cmm/m/it/10 i[] \OMS/cmsy/m/n/10 
 j\OML/cmm/m/it/10 i[] \OMS/cmsy/m/n/10 
 [] 
 j\OML/cmm/m/it/10 i[]:
 []

Missing character: There is no I in font nullfont!
Missing character: There is no n in font nullfont!
Missing character: There is no t in font nullfont!
Missing character: There is no h in font nullfont!
Missing character: There is no i in font nullfont!
Missing character: There is no s in font nullfont!
Missing character: There is no b in font nullfont!
Missing character: There is no a in font nullfont!
Missing character: There is no s in font nullfont!
Missing character: There is no i in font nullfont!
Missing character: There is no s in font nullfont!
Missing character: There is no , in font nullfont!
Missing character: There is no a in font nullfont!
Missing character: There is no m in font nullfont!
Missing character: There is no a in font nullfont!
Missing character: There is no n in font nullfont!
Missing character: There is no y in font nullfont!
Missing character: There is no - in font nullfont!
Missing character: There is no b in font nullfont!
Missing character: There is no o in font nullfont!
Missing character: There is no d in font nullfont!
Missing character: There is no y in font nullfont!
Missing character: There is no w in font nullfont!
Missing character: There is no a in font nullfont!
Missing character: There is no v in font nullfont!
Missing character: There is no e in font nullfont!
Missing character: There is no f in font nullfont!
Missing character: There is no u in font nullfont!
Missing character: There is no n in font nullfont!
Missing character: There is no c in font nullfont!
Missing character: There is no t in font nullfont!
Missing character: There is no i in font nullfont!
Missing character: There is no o in font nullfont!
Missing character: There is no n in font nullfont!
! Undefined control sequence.
l.17 ...basis, a many-body wave function $|\Psi\ra
                                                  $ can be expressed as
The control sequence at the end of the top line
of your error message was never \def'ed. If you have
misspelled it (e.g., `\hobx'), type `I' and the correct
spelling (e.g., `I\hbox'). Otherwise just continue,
and I'll forget about whatever was undefined.

Missing character: There is no c in font nullfont!
Missing character: There is no a in font nullfont!
Missing character: There is no n in font nullfont!
Missing character: There is no b in font nullfont!
Missing character: There is no e in font nullfont!
Missing character: There is no e in font nullfont!
Missing character: There is no x in font nullfont!
Missing character: There is no p in font nullfont!
Missing character: There is no r in font nullfont!
Missing character: There is no e in font nullfont!
Missing character: There is no s in font nullfont!
Missing character: There is no s in font nullfont!
Missing character: There is no e in font nullfont!
Missing character: There is no d in font nullfont!
Missing character: There is no a in font nullfont!
Missing character: There is no s in font nullfont!

Overfull \hbox (10.55559pt too wide) in paragraph at lines 16--18
       $\OMS/cmsy/m/n/10 j\/cmr/m/n/10 	$
 []

! Undefined control sequence.
l.19 	| \Psi \ra
                 = \sum_{ \{i_j\} } \Psi_{i_1,i_2,\dots,i_N} | i_1, i_2, \do...
The control sequence at the end of the top line
of your error message was never \def'ed. If you have
misspelled it (e.g., `\hobx'), type `I' and the correct
spelling (e.g., `I\hbox'). Otherwise just continue,
and I'll forget about whatever was undefined.

! Undefined control sequence.
l.19 ...i_2,\dots,i_N} | i_1, i_2, \dots , i_N \ra
                                                  ,
The control sequence at the end of the top line
of your error message was never \def'ed. If you have
misspelled it (e.g., `\hobx'), type `I' and the correct
spelling (e.g., `I\hbox'). Otherwise just continue,
and I'll forget about whatever was undefined.


Overfull \hbox (144.67444pt too wide) detected at line 20
\OMS/cmsy/m/n/10 j\/cmr/m/n/10 	 = [] 	[]\OMS/cmsy/m/n/10 j\OML/cmm/m/it/10 i[]
; i[]; [] ; i[];
 []

Missing character: There is no w in font nullfont!
Missing character: There is no i in font nullfont!
Missing character: There is no t in font nullfont!
Missing character: There is no h in font nullfont!
Missing character: There is no a in font nullfont!
Missing character: There is no m in font nullfont!
Missing character: There is no p in font nullfont!
Missing character: There is no l in font nullfont!
Missing character: There is no i in font nullfont!
Missing character: There is no t in font nullfont!
Missing character: There is no u in font nullfont!
Missing character: There is no d in font nullfont!
Missing character: There is no e in font nullfont!
Missing character: There is no s in font nullfont!
! Undefined control sequence.
l.21 ... amplitudes $\Psi_{i_1,i_2,\dots,i_N}:=\la
                                                   i_1, i_2, \dots , i_N | \...
The control sequence at the end of the top line
of your error message was never \def'ed. If you have
misspelled it (e.g., `\hobx'), type `I' and the correct
spelling (e.g., `I\hbox'). Otherwise just continue,
and I'll forget about whatever was undefined.

! Undefined control sequence.
l.21 ...i_N}:=\la i_1, i_2, \dots , i_N | \Psi \ra
                                                   $. Notably, a generic wav...
The control sequence at the end of the top line
of your error message was never \def'ed. If you have
misspelled it (e.g., `\hobx'), type `I' and the correct
spelling (e.g., `I\hbox'). Otherwise just continue,
and I'll forget about whatever was undefined.

Missing character: There is no . in font nullfont!
Missing character: There is no N in font nullfont!
Missing character: There is no o in font nullfont!
Missing character: There is no t in font nullfont!
Missing character: There is no a in font nullfont!
Missing character: There is no b in font nullfont!
Missing character: There is no l in font nullfont!
Missing character: There is no y in font nullfont!
Missing character: There is no , in font nullfont!
Missing character: There is no a in font nullfont!
Missing character: There is no g in font nullfont!
Missing character: There is no e in font nullfont!
Missing character: There is no n in font nullfont!
Missing character: There is no e in font nullfont!
Missing character: There is no r in font nullfont!
Missing character: There is no i in font nullfont!
Missing character: There is no c in font nullfont!
Missing character: There is no w in font nullfont!
Missing character: There is no a in font nullfont!
Missing character: There is no v in font nullfont!
Missing character: There is no e in font nullfont!
Missing character: There is no f in font nullfont!
Missing character: There is no u in font nullfont!
Missing character: There is no n in font nullfont!
Missing character: There is no c in font nullfont!
Missing character: There is no t in font nullfont!
Missing character: There is no i in font nullfont!
Missing character: There is no o in font nullfont!
Missing character: There is no n in font nullfont!
Missing character: There is no i in font nullfont!
Missing character: There is no s in font nullfont!
Missing character: There is no s in font nullfont!
Missing character: There is no p in font nullfont!
Missing character: There is no e in font nullfont!
Missing character: There is no c in font nullfont!
Missing character: There is no i in font nullfont!
Missing character: There is no f in font nullfont!
Missing character: There is no i in font nullfont!
Missing character: There is no e in font nullfont!
Missing character: There is no d in font nullfont!
Missing character: There is no b in font nullfont!
Missing character: There is no y in font nullfont!
Missing character: There is no a in font nullfont!
Missing character: There is no n in font nullfont!
Missing character: There is no u in font nullfont!
Missing character: There is no m in font nullfont!
Missing character: There is no b in font nullfont!
Missing character: There is no e in font nullfont!
Missing character: There is no r in font nullfont!
Missing character: There is no o in font nullfont!
Missing character: There is no f in font nullfont!
Missing character: There is no c in font nullfont!
Missing character: There is no o in font nullfont!
Missing character: There is no m in font nullfont!
Missing character: There is no p in font nullfont!
Missing character: There is no l in font nullfont!
Missing character: There is no e in font nullfont!
Missing character: There is no x in font nullfont!
Missing character: There is no c in font nullfont!
Missing character: There is no o in font nullfont!
Missing character: There is no e in font nullfont!
Missing character: There is no f in font nullfont!
Missing character: There is no f in font nullfont!
Missing character: There is no i in font nullfont!
Missing character: There is no c in font nullfont!
Missing character: There is no i in font nullfont!
Missing character: There is no e in font nullfont!
Missing character: There is no n in font nullfont!
Missing character: There is no t in font nullfont!
Missing character: There is no s in font nullfont!
Missing character: There is no t in font nullfont!
Missing character: There is no h in font nullfont!
Missing character: There is no a in font nullfont!
Missing character: There is no t in font nullfont!
Missing character: There is no s in font nullfont!
Missing character: There is no c in font nullfont!
Missing character: There is no a in font nullfont!
Missing character: There is no l in font nullfont!
Missing character: There is no e in font nullfont!
Missing character: There is no s in font nullfont!
Missing character: There is no i in font nullfont!
Missing character: There is no n in font nullfont!
Missing character: There is no t in font nullfont!
Missing character: There is no h in font nullfont!
Missing character: There is no e in font nullfont!
Missing character: There is no n in font nullfont!
Missing character: There is no u in font nullfont!
Missing character: There is no m in font nullfont!
Missing character: There is no b in font nullfont!
Missing character: There is no e in font nullfont!
Missing character: There is no r in font nullfont!
Missing character: There is no o in font nullfont!
Missing character: There is no f in font nullfont!
Missing character: There is no c in font nullfont!
Missing character: There is no o in font nullfont!
Missing character: There is no n in font nullfont!
Missing character: There is no s in font nullfont!
Missing character: There is no t in font nullfont!
Missing character: There is no i in font nullfont!
Missing character: There is no t in font nullfont!
Missing character: There is no u in font nullfont!
Missing character: There is no e in font nullfont!
Missing character: There is no n in font nullfont!
Missing character: There is no t in font nullfont!
Missing character: There is no p in font nullfont!
Missing character: There is no a in font nullfont!
Missing character: There is no r in font nullfont!
Missing character: There is no t in font nullfont!
Missing character: There is no i in font nullfont!
Missing character: There is no c in font nullfont!
Missing character: There is no l in font nullfont!
Missing character: There is no e in font nullfont!
Missing character: There is no s in font nullfont!
Missing character: There is no . in font nullfont!
Missing character: There is no T in font nullfont!
Missing character: There is no h in font nullfont!
Missing character: There is no i in font nullfont!
Missing character: There is no s in font nullfont!
Missing character: There is no d in font nullfont!
Missing character: There is no r in font nullfont!
Missing character: There is no a in font nullfont!
Missing character: There is no m in font nullfont!
Missing character: There is no a in font nullfont!
Missing character: There is no t in font nullfont!
Missing character: There is no i in font nullfont!
Missing character: There is no c in font nullfont!
Missing character: There is no s in font nullfont!
Missing character: There is no c in font nullfont!
Missing character: There is no a in font nullfont!
Missing character: There is no l in font nullfont!
Missing character: There is no i in font nullfont!
Missing character: There is no n in font nullfont!
Missing character: There is no g in font nullfont!
Missing character: There is no i in font nullfont!
Missing character: There is no s in font nullfont!
Missing character: There is no r in font nullfont!
Missing character: There is no e in font nullfont!
Missing character: There is no m in font nullfont!
Missing character: There is no i in font nullfont!
Missing character: There is no n in font nullfont!
Missing character: There is no i in font nullfont!
Missing character: There is no s in font nullfont!
Missing character: There is no c in font nullfont!
Missing character: There is no e in font nullfont!
Missing character: There is no n in font nullfont!
Missing character: There is no t in font nullfont!
Missing character: There is no o in font nullfont!
Missing character: There is no f in font nullfont!
Missing character: There is no h in font nullfont!
Missing character: There is no o in font nullfont!
Missing character: There is no w in font nullfont!
Missing character: There is no i in font nullfont!
Missing character: There is no n in font nullfont!
Missing character: There is no c in font nullfont!
Missing character: There is no l in font nullfont!
Missing character: There is no a in font nullfont!
Missing character: There is no s in font nullfont!
Missing character: There is no s in font nullfont!
Missing character: There is no i in font nullfont!
Missing character: There is no c in font nullfont!
Missing character: There is no a in font nullfont!
Missing character: There is no l in font nullfont!
Missing character: There is no i in font nullfont!
Missing character: There is no n in font nullfont!
Missing character: There is no f in font nullfont!
Missing character: There is no o in font nullfont!
Missing character: There is no r in font nullfont!
Missing character: There is no m in font nullfont!
Missing character: There is no a in font nullfont!
Missing character: There is no t in font nullfont!
Missing character: There is no i in font nullfont!
Missing character: There is no o in font nullfont!
Missing character: There is no n in font nullfont!
Missing character: There is no t in font nullfont!
Missing character: There is no h in font nullfont!
Missing character: There is no e in font nullfont!
Missing character: There is no o in font nullfont!
Missing character: There is no r in font nullfont!
Missing character: There is no y in font nullfont!
Missing character: There is no t in font nullfont!
Missing character: There is no h in font nullfont!
Missing character: There is no e in font nullfont!
Missing character: There is no n in font nullfont!
Missing character: There is no u in font nullfont!
Missing character: There is no m in font nullfont!
Missing character: There is no b in font nullfont!
Missing character: There is no e in font nullfont!
Missing character: There is no r in font nullfont!
Missing character: There is no o in font nullfont!
Missing character: There is no f in font nullfont!
Missing character: There is no c in font nullfont!
Missing character: There is no l in font nullfont!
Missing character: There is no a in font nullfont!
Missing character: There is no s in font nullfont!
Missing character: There is no s in font nullfont!
Missing character: There is no i in font nullfont!
Missing character: There is no c in font nullfont!
Missing character: There is no a in font nullfont!
Missing character: There is no l in font nullfont!
Missing character: There is no s in font nullfont!
Missing character: There is no t in font nullfont!
Missing character: There is no r in font nullfont!
Missing character: There is no i in font nullfont!
Missing character: There is no n in font nullfont!
Missing character: There is no g in font nullfont!
Missing character: There is no s in font nullfont!
Missing character: There is no s in font nullfont!
Missing character: There is no c in font nullfont!
Missing character: There is no a in font nullfont!
Missing character: There is no l in font nullfont!
Missing character: There is no e in font nullfont!
Missing character: There is no s in font nullfont!
Missing character: There is no e in font nullfont!
Missing character: There is no x in font nullfont!
Missing character: There is no p in font nullfont!
Missing character: There is no o in font nullfont!
Missing character: There is no n in font nullfont!
Missing character: There is no e in font nullfont!
Missing character: There is no n in font nullfont!
Missing character: There is no t in font nullfont!
Missing character: There is no i in font nullfont!
Missing character: There is no a in font nullfont!
Missing character: There is no l in font nullfont!
Missing character: There is no l in font nullfont!
Missing character: There is no y in font nullfont!
Missing character: There is no i in font nullfont!
Missing character: There is no n in font nullfont!
Missing character: There is no t in font nullfont!
Missing character: There is no h in font nullfont!
Missing character: There is no e in font nullfont!
Missing character: There is no n in font nullfont!
Missing character: There is no u in font nullfont!
Missing character: There is no m in font nullfont!
Missing character: There is no b in font nullfont!
Missing character: There is no e in font nullfont!
Missing character: There is no r in font nullfont!
Missing character: There is no o in font nullfont!
Missing character: There is no f in font nullfont!
Missing character: There is no b in font nullfont!
Missing character: There is no i in font nullfont!
Missing character: There is no t in font nullfont!
Missing character: There is no s in font nullfont!
Missing character: There is no . in font nullfont!
Missing character: There is no H in font nullfont!
Missing character: There is no o in font nullfont!
Missing character: There is no w in font nullfont!
Missing character: There is no e in font nullfont!
Missing character: There is no v in font nullfont!
Missing character: There is no e in font nullfont!
Missing character: There is no r in font nullfont!
Missing character: There is no , in font nullfont!
Missing character: There is no c in font nullfont!
Missing character: There is no o in font nullfont!
Missing character: There is no n in font nullfont!
Missing character: There is no t in font nullfont!
Missing character: There is no r in font nullfont!
Missing character: There is no a in font nullfont!
Missing character: There is no r in font nullfont!
Missing character: There is no y in font nullfont!
Missing character: There is no t in font nullfont!
Missing character: There is no o in font nullfont!
Missing character: There is no t in font nullfont!
Missing character: There is no h in font nullfont!
Missing character: There is no e in font nullfont!
Missing character: There is no c in font nullfont!
Missing character: There is no l in font nullfont!
Missing character: There is no a in font nullfont!
Missing character: There is no s in font nullfont!
Missing character: There is no s in font nullfont!
Missing character: There is no i in font nullfont!
Missing character: There is no c in font nullfont!
Missing character: There is no a in font nullfont!
Missing character: There is no l in font nullfont!
Missing character: There is no c in font nullfont!
Missing character: There is no a in font nullfont!
Missing character: There is no s in font nullfont!
Missing character: There is no e in font nullfont!
Missing character: There is no , in font nullfont!
Missing character: There is no m in font nullfont!
Missing character: There is no o in font nullfont!
Missing character: There is no s in font nullfont!
Missing character: There is no t in font nullfont!
Missing character: There is no m in font nullfont!
Missing character: There is no a in font nullfont!
Missing character: There is no n in font nullfont!
Missing character: There is no y in font nullfont!
Missing character: There is no - in font nullfont!
Missing character: There is no b in font nullfont!
Missing character: There is no o in font nullfont!
Missing character: There is no d in font nullfont!
Missing character: There is no y in font nullfont!
Missing character: There is no s in font nullfont!
Missing character: There is no t in font nullfont!
Missing character: There is no a in font nullfont!
Missing character: There is no t in font nullfont!
Missing character: There is no e in font nullfont!
Missing character: There is no s in font nullfont!
Missing character: There is no c in font nullfont!
Missing character: There is no a in font nullfont!
Missing character: There is no n in font nullfont!
Missing character: There is no n in font nullfont!
Missing character: There is no o in font nullfont!
Missing character: There is no t in font nullfont!
Missing character: There is no b in font nullfont!
Missing character: There is no e in font nullfont!
Missing character: There is no c in font nullfont!
Missing character: There is no r in font nullfont!
Missing character: There is no e in font nullfont!
Missing character: There is no a in font nullfont!
Missing character: There is no t in font nullfont!
Missing character: There is no e in font nullfont!
Missing character: There is no d in font nullfont!
Missing character: There is no b in font nullfont!
Missing character: There is no y in font nullfont!
Missing character: There is no a in font nullfont!
Missing character: There is no n in font nullfont!
Missing character: There is no y in font nullfont!
Missing character: There is no r in font nullfont!
Missing character: There is no e in font nullfont!
Missing character: There is no a in font nullfont!
Missing character: There is no s in font nullfont!
Missing character: There is no o in font nullfont!
Missing character: There is no n in font nullfont!
Missing character: There is no a in font nullfont!
Missing character: There is no b in font nullfont!
Missing character: There is no l in font nullfont!
Missing character: There is no e in font nullfont!
Missing character: There is no p in font nullfont!
Missing character: There is no h in font nullfont!
Missing character: There is no y in font nullfont!
Missing character: There is no s in font nullfont!
Missing character: There is no i in font nullfont!
Missing character: There is no c in font nullfont!
Missing character: There is no a in font nullfont!
Missing character: There is no l in font nullfont!
Missing character: There is no m in font nullfont!
Missing character: There is no e in font nullfont!
Missing character: There is no c in font nullfont!
Missing character: There is no h in font nullfont!
Missing character: There is no a in font nullfont!
Missing character: There is no n in font nullfont!
Missing character: There is no i in font nullfont!
Missing character: There is no s in font nullfont!
Missing character: There is no m in font nullfont!
Missing character: There is no d in font nullfont!
Missing character: There is no u in font nullfont!
Missing character: There is no e in font nullfont!
Missing character: There is no t in font nullfont!
Missing character: There is no o in font nullfont!
Missing character: There is no t in font nullfont!
Missing character: There is no h in font nullfont!
Missing character: There is no e in font nullfont!
Missing character: There is no o in font nullfont!
Missing character: There is no f in font nullfont!
Missing character: There is no q in font nullfont!
Missing character: There is no u in font nullfont!
Missing character: There is no a in font nullfont!
Missing character: There is no n in font nullfont!
Missing character: There is no t in font nullfont!
Missing character: There is no u in font nullfont!
Missing character: There is no m in font nullfont!
Missing character: There is no m in font nullfont!
Missing character: There is no e in font nullfont!
Missing character: There is no c in font nullfont!
Missing character: There is no h in font nullfont!
Missing character: There is no a in font nullfont!
Missing character: There is no n in font nullfont!
Missing character: There is no i in font nullfont!
Missing character: There is no c in font nullfont!
Missing character: There is no s in font nullfont!
Missing character: There is no . in font nullfont!
Missing character: There is no T in font nullfont!
Missing character: There is no h in font nullfont!
Missing character: There is no i in font nullfont!
Missing character: There is no s in font nullfont!
Missing character: There is no i in font nullfont!
Missing character: There is no s in font nullfont!
Missing character: There is no d in font nullfont!
Missing character: There is no u in font nullfont!
Missing character: There is no e in font nullfont!
Missing character: There is no t in font nullfont!
Missing character: There is no o in font nullfont!
Missing character: There is no t in font nullfont!
Missing character: There is no h in font nullfont!
Missing character: There is no e in font nullfont!
Missing character: There is no f in font nullfont!
Missing character: There is no a in font nullfont!
Missing character: There is no c in font nullfont!
Missing character: There is no t in font nullfont!
Missing character: There is no t in font nullfont!
Missing character: There is no h in font nullfont!
Missing character: There is no a in font nullfont!
Missing character: There is no t in font nullfont!
Missing character: There is no m in font nullfont!
Missing character: There is no o in font nullfont!
Missing character: There is no s in font nullfont!
Missing character: There is no t in font nullfont!
Missing character: There is no s in font nullfont!
Missing character: There is no t in font nullfont!
Missing character: There is no a in font nullfont!
Missing character: There is no t in font nullfont!
Missing character: There is no e in font nullfont!
Missing character: There is no s in font nullfont!
Missing character: There is no i in font nullfont!
Missing character: There is no n in font nullfont!
Missing character: There is no t in font nullfont!
Missing character: There is no h in font nullfont!
Missing character: There is no e in font nullfont!
Missing character: There is no e in font nullfont!
Missing character: There is no x in font nullfont!
Missing character: There is no p in font nullfont!
Missing character: There is no o in font nullfont!
Missing character: There is no n in font nullfont!
Missing character: There is no e in font nullfont!
Missing character: There is no n in font nullfont!
Missing character: There is no t in font nullfont!
Missing character: There is no i in font nullfont!
Missing character: There is no a in font nullfont!
Missing character: There is no l in font nullfont!
Missing character: There is no l in font nullfont!
Missing character: There is no y in font nullfont!
Missing character: There is no l in font nullfont!
Missing character: There is no a in font nullfont!
Missing character: There is no r in font nullfont!
Missing character: There is no g in font nullfont!
Missing character: There is no e in font nullfont!
Missing character: There is no H in font nullfont!
Missing character: There is no i in font nullfont!
Missing character: There is no l in font nullfont!
Missing character: There is no b in font nullfont!
Missing character: There is no e in font nullfont!
Missing character: There is no r in font nullfont!
Missing character: There is no t in font nullfont!
Missing character: There is no s in font nullfont!
Missing character: There is no p in font nullfont!
Missing character: There is no a in font nullfont!
Missing character: There is no c in font nullfont!
Missing character: There is no e in font nullfont!
Missing character: There is no a in font nullfont!
Missing character: There is no r in font nullfont!
Missing character: There is no e in font nullfont!
Missing character: There is no h in font nullfont!
Missing character: There is no i in font nullfont!
Missing character: There is no g in font nullfont!
Missing character: There is no h in font nullfont!
Missing character: There is no l in font nullfont!
Missing character: There is no y in font nullfont!
Missing character: There is no . in font nullfont!
Missing character: There is no C in font nullfont!
Missing character: There is no o in font nullfont!
Missing character: There is no n in font nullfont!
Missing character: There is no s in font nullfont!
Missing character: There is no e in font nullfont!
Missing character: There is no q in font nullfont!
Missing character: There is no u in font nullfont!
Missing character: There is no e in font nullfont!
Missing character: There is no n in font nullfont!
Missing character: There is no t in font nullfont!
Missing character: There is no l in font nullfont!
Missing character: There is no y in font nullfont!
Missing character: There is no , in font nullfont!
Missing character: There is no t in font nullfont!
Missing character: There is no h in font nullfont!
Missing character: There is no e in font nullfont!
Missing character: There is no e in font nullfont!
Missing character: There is no x in font nullfont!
Missing character: There is no a in font nullfont!
Missing character: There is no c in font nullfont!
Missing character: There is no t in font nullfont!
Missing character: There is no t in font nullfont!
Missing character: There is no r in font nullfont!
Missing character: There is no e in font nullfont!
Missing character: There is no a in font nullfont!
Missing character: There is no t in font nullfont!
Missing character: There is no m in font nullfont!
Missing character: There is no e in font nullfont!
Missing character: There is no n in font nullfont!
Missing character: There is no t in font nullfont!
Missing character: There is no o in font nullfont!
Missing character: There is no f in font nullfont!
Missing character: There is no e in font nullfont!
Missing character: There is no v in font nullfont!
Missing character: There is no e in font nullfont!
Missing character: There is no n in font nullfont!
Missing character: There is no a in font nullfont!
Missing character: There is no m in font nullfont!
Missing character: There is no o in font nullfont!
Missing character: There is no d in font nullfont!
Missing character: There is no e in font nullfont!
Missing character: There is no r in font nullfont!
Missing character: There is no a in font nullfont!
Missing character: There is no t in font nullfont!
Missing character: There is no e in font nullfont!
Missing character: There is no a in font nullfont!
Missing character: There is no m in font nullfont!
Missing character: There is no o in font nullfont!
Missing character: There is no u in font nullfont!
Missing character: There is no n in font nullfont!
Missing character: There is no t in font nullfont!
Missing character: There is no o in font nullfont!
Missing character: There is no f in font nullfont!
Missing character: There is no q in font nullfont!
Missing character: There is no u in font nullfont!
Missing character: There is no b in font nullfont!
Missing character: There is no i in font nullfont!
Missing character: There is no t in font nullfont!
Missing character: There is no s in font nullfont!
Missing character: There is no v in font nullfont!
Missing character: There is no e in font nullfont!
Missing character: There is no r in font nullfont!
Missing character: There is no y in font nullfont!
Missing character: There is no q in font nullfont!
Missing character: There is no u in font nullfont!
Missing character: There is no i in font nullfont!
Missing character: There is no c in font nullfont!
Missing character: There is no k in font nullfont!
Missing character: There is no l in font nullfont!
Missing character: There is no y in font nullfont!
Missing character: There is no b in font nullfont!
Missing character: There is no e in font nullfont!
Missing character: There is no c in font nullfont!
Missing character: There is no o in font nullfont!
Missing character: There is no m in font nullfont!
Missing character: There is no e in font nullfont!
Missing character: There is no s in font nullfont!
Missing character: There is no c in font nullfont!
Missing character: There is no o in font nullfont!
Missing character: There is no m in font nullfont!
Missing character: There is no p in font nullfont!
Missing character: There is no u in font nullfont!
Missing character: There is no t in font nullfont!
Missing character: There is no a in font nullfont!
Missing character: There is no t in font nullfont!
Missing character: There is no i in font nullfont!
Missing character: There is no o in font nullfont!
Missing character: There is no n in font nullfont!
Missing character: There is no a in font nullfont!
Missing character: There is no l in font nullfont!
Missing character: There is no l in font nullfont!
Missing character: There is no y in font nullfont!
Missing character: There is no i in font nullfont!
Missing character: There is no n in font nullfont!
Missing character: There is no t in font nullfont!
Missing character: There is no r in font nullfont!
Missing character: There is no a in font nullfont!
Missing character: There is no c in font nullfont!
Missing character: There is no t in font nullfont!
Missing character: There is no a in font nullfont!
Missing character: There is no b in font nullfont!
Missing character: There is no l in font nullfont!
Missing character: There is no e in font nullfont!
Missing character: There is no . in font nullfont!

Overfull \hbox (58.57828pt too wide) in paragraph at lines 20--22
  $\/cmr/m/n/10 	[] :=
 []


Overfull \hbox (64.11444pt too wide) in paragraph at lines 20--22
\OML/cmm/m/it/10 i[]; i[]; [] ; i[]\OMS/cmsy/m/n/10 j\/cmr/m/n/10 	$
 []


Overfull \hbox (45.24498pt too wide) in paragraph at lines 20--22
\/cmr/m/n/10 	[]$
 []


Overfull \hbox (12.81657pt too wide) in paragraph at lines 20--22
\OT1/cmr/m/it/10 ex-
 []


Overfull \hbox (13.28879pt too wide) in paragraph at lines 20--22
\OT1/cmr/m/it/10 po-
 []


Overfull \hbox (19.42209pt too wide) in paragraph at lines 20--22
\OT1/cmr/m/it/10 nen-
 []


Overfull \hbox (21.97763pt too wide) in paragraph at lines 20--22
\OT1/cmr/m/it/10 tially
 []


Overfull \hbox (13.03325pt too wide) in paragraph at lines 20--22
\OT1/cmr/m/it/10 su-
 []


Overfull \hbox (16.9943pt too wide) in paragraph at lines 20--22
\OT1/cmr/m/it/10 per-
 []


Overfull \hbox (13.28879pt too wide) in paragraph at lines 20--22
\OT1/cmr/m/it/10 po-
 []


Overfull \hbox (10.73326pt too wide) in paragraph at lines 20--22
\OT1/cmr/m/it/10 si-
 []


Overfull \hbox (17.12212pt too wide) in paragraph at lines 20--22
\OT1/cmr/m/it/10 tion
 []


Overfull \hbox (21.5943pt too wide) in paragraph at lines 20--22
\OT1/cmr/m/it/10 prin-
 []


Overfull \hbox (11.24435pt too wide) in paragraph at lines 20--22
\OT1/cmr/m/it/10 ci-
 []


Overfull \hbox (12.26659pt too wide) in paragraph at lines 20--22
\OT1/cmr/m/it/10 ple
 []


Overfull \hbox (13.7999pt too wide) in paragraph at lines 20--22
\OT1/cmr/m/it/10 en-
 []


Overfull \hbox (17.63321pt too wide) in paragraph at lines 20--22
\OT1/cmr/m/it/10 tan-
 []


Overfull \hbox (16.35542pt too wide) in paragraph at lines 20--22
\OT1/cmr/m/it/10 gled
 []


! LaTeX Error: Missing \begin{document}.

See the LaTeX manual or LaTeX Companion for explanation.
Type  H <return>  for immediate help.
 ...                                              
                                                  
l.23 \bigskip\noindent
                       \comment{The notion of entanglement finds its origin ...

You're in trouble here.  Try typing  <return>  to proceed.
If that doesn't work, type  X <return>  to quit.

! Undefined control sequence.
l.23 \bigskip\noindent \comment
                               {The notion of entanglement finds its origin ...
The control sequence at the end of the top line
of your error message was never \def'ed. If you have
misspelled it (e.g., `\hobx'), type `I' and the correct
spelling (e.g., `I\hbox'). Otherwise just continue,
and I'll forget about whatever was undefined.

Missing character: There is no T in font nullfont!
Missing character: There is no h in font nullfont!
Missing character: There is no e in font nullfont!
Missing character: There is no n in font nullfont!
Missing character: There is no o in font nullfont!
Missing character: There is no t in font nullfont!
Missing character: There is no i in font nullfont!
Missing character: There is no o in font nullfont!
Missing character: There is no n in font nullfont!
Missing character: There is no o in font nullfont!
Missing character: There is no f in font nullfont!
Missing character: There is no e in font nullfont!
Missing character: There is no n in font nullfont!
Missing character: There is no t in font nullfont!
Missing character: There is no a in font nullfont!
Missing character: There is no n in font nullfont!
Missing character: There is no g in font nullfont!
Missing character: There is no l in font nullfont!
Missing character: There is no e in font nullfont!
Missing character: There is no m in font nullfont!
Missing character: There is no e in font nullfont!
Missing character: There is no n in font nullfont!
Missing character: There is no t in font nullfont!
Missing character: There is no f in font nullfont!
Missing character: There is no i in font nullfont!
Missing character: There is no n in font nullfont!
Missing character: There is no d in font nullfont!
Missing character: There is no s in font nullfont!
Missing character: There is no i in font nullfont!
Missing character: There is no t in font nullfont!
Missing character: There is no s in font nullfont!
Missing character: There is no o in font nullfont!
Missing character: There is no r in font nullfont!
Missing character: There is no i in font nullfont!
Missing character: There is no g in font nullfont!
Missing character: There is no i in font nullfont!
Missing character: There is no n in font nullfont!
Missing character: There is no i in font nullfont!
Missing character: There is no n in font nullfont!
Missing character: There is no c in font nullfont!
Missing character: There is no o in font nullfont!
Missing character: There is no r in font nullfont!
Missing character: There is no r in font nullfont!
Missing character: There is no e in font nullfont!
Missing character: There is no s in font nullfont!
Missing character: There is no p in font nullfont!
Missing character: There is no o in font nullfont!
Missing character: There is no n in font nullfont!
Missing character: There is no d in font nullfont!
Missing character: There is no e in font nullfont!
Missing character: There is no n in font nullfont!
Missing character: There is no c in font nullfont!
Missing character: There is no e in font nullfont!
Missing character: There is no f in font nullfont!
Missing character: There is no r in font nullfont!
Missing character: There is no o in font nullfont!
Missing character: There is no m in font nullfont!
Missing character: There is no S in font nullfont!
Missing character: There is no c in font nullfont!
Missing character: There is no h in font nullfont!
Missing character: There is no r in font nullfont!
Missing character: There is no d in font nullfont!
Missing character: There is no i in font nullfont!
Missing character: There is no n in font nullfont!
Missing character: There is no g in font nullfont!
Missing character: There is no e in font nullfont!
Missing character: There is no r in font nullfont!
Missing character: There is no t in font nullfont!
Missing character: There is no o in font nullfont!
Missing character: There is no E in font nullfont!
Missing character: There is no i in font nullfont!
Missing character: There is no n in font nullfont!
Missing character: There is no s in font nullfont!
Missing character: There is no t in font nullfont!
Missing character: There is no e in font nullfont!
Missing character: There is no i in font nullfont!
Missing character: There is no n in font nullfont!
Missing character: There is no a in font nullfont!
Missing character: There is no n in font nullfont!
Missing character: There is no d in font nullfont!
Missing character: There is no f in font nullfont!
Missing character: There is no o in font nullfont!
Missing character: There is no r in font nullfont!
Missing character: There is no m in font nullfont!
Missing character: There is no s in font nullfont!
Missing character: There is no t in font nullfont!
Missing character: There is no h in font nullfont!
Missing character: There is no e in font nullfont!
Missing character: There is no c in font nullfont!
Missing character: There is no e in font nullfont!
Missing character: There is no n in font nullfont!
Missing character: There is no t in font nullfont!
Missing character: There is no r in font nullfont!
Missing character: There is no a in font nullfont!
Missing character: There is no l in font nullfont!
Missing character: There is no t in font nullfont!
Missing character: There is no o in font nullfont!
Missing character: There is no p in font nullfont!
Missing character: There is no i in font nullfont!
Missing character: There is no c in font nullfont!
Missing character: There is no o in font nullfont!
Missing character: There is no f in font nullfont!
Missing character: There is no t in font nullfont!
Missing character: There is no h in font nullfont!
Missing character: There is no e in font nullfont!
Missing character: There is no f in font nullfont!
Missing character: There is no i in font nullfont!
Missing character: There is no e in font nullfont!
Missing character: There is no l in font nullfont!
Missing character: There is no d in font nullfont!
Missing character: There is no o in font nullfont!
Missing character: There is no f in font nullfont!
Missing character: There is no . in font nullfont!
Missing character: There is no A in font nullfont!
Missing character: There is no p in font nullfont!
Missing character: There is no r in font nullfont!
Missing character: There is no e in font nullfont!
Missing character: There is no c in font nullfont!
Missing character: There is no i in font nullfont!
Missing character: There is no s in font nullfont!
Missing character: There is no e in font nullfont!
Missing character: There is no m in font nullfont!
Missing character: There is no a in font nullfont!
Missing character: There is no t in font nullfont!
Missing character: There is no h in font nullfont!
Missing character: There is no e in font nullfont!
Missing character: There is no m in font nullfont!
Missing character: There is no a in font nullfont!
Missing character: There is no t in font nullfont!
Missing character: There is no i in font nullfont!
Missing character: There is no c in font nullfont!
Missing character: There is no a in font nullfont!
Missing character: There is no l in font nullfont!
Missing character: There is no c in font nullfont!
Missing character: There is no h in font nullfont!
Missing character: There is no a in font nullfont!
Missing character: There is no r in font nullfont!
Missing character: There is no a in font nullfont!
Missing character: There is no c in font nullfont!
Missing character: There is no t in font nullfont!
Missing character: There is no e in font nullfont!
Missing character: There is no r in font nullfont!
Missing character: There is no i in font nullfont!
Missing character: There is no s in font nullfont!
Missing character: There is no a in font nullfont!
Missing character: There is no t in font nullfont!
Missing character: There is no i in font nullfont!
Missing character: There is no o in font nullfont!
Missing character: There is no n in font nullfont!
Missing character: There is no o in font nullfont!
Missing character: There is no f in font nullfont!
Missing character: There is no e in font nullfont!
Missing character: There is no n in font nullfont!
Missing character: There is no t in font nullfont!
Missing character: There is no a in font nullfont!
Missing character: There is no n in font nullfont!
Missing character: There is no g in font nullfont!
Missing character: There is no l in font nullfont!
Missing character: There is no e in font nullfont!
Missing character: There is no m in font nullfont!
Missing character: There is no e in font nullfont!
Missing character: There is no n in font nullfont!
Missing character: There is no t in font nullfont!
Missing character: There is no i in font nullfont!
Missing character: There is no s in font nullfont!
Missing character: There is no a in font nullfont!
Missing character: There is no s in font nullfont!
Missing character: There is no f in font nullfont!
Missing character: There is no o in font nullfont!
Missing character: There is no l in font nullfont!
Missing character: There is no l in font nullfont!
Missing character: There is no o in font nullfont!
Missing character: There is no w in font nullfont!
Missing character: There is no s in font nullfont!
Missing character: There is no . in font nullfont!
Missing character: There is no C in font nullfont!
Missing character: There is no o in font nullfont!
Missing character: There is no n in font nullfont!
Missing character: There is no s in font nullfont!
Missing character: There is no i in font nullfont!
Missing character: There is no d in font nullfont!
Missing character: There is no e in font nullfont!
Missing character: There is no r in font nullfont!
Missing character: There is no a in font nullfont!
Missing character: There is no b in font nullfont!
Missing character: There is no i in font nullfont!
Missing character: There is no p in font nullfont!
Missing character: There is no a in font nullfont!
Missing character: There is no r in font nullfont!
Missing character: There is no t in font nullfont!
Missing character: There is no i in font nullfont!
Missing character: There is no t in font nullfont!
Missing character: There is no i in font nullfont!
Missing character: There is no o in font nullfont!
Missing character: There is no n in font nullfont!
Missing character: There is no o in font nullfont!
Missing character: There is no f in font nullfont!
Missing character: There is no t in font nullfont!
Missing character: There is no h in font nullfont!
Missing character: There is no e in font nullfont!
Missing character: There is no H in font nullfont!
Missing character: There is no i in font nullfont!
Missing character: There is no l in font nullfont!
Missing character: There is no b in font nullfont!
Missing character: There is no e in font nullfont!
Missing character: There is no r in font nullfont!
Missing character: There is no t in font nullfont!
Missing character: There is no s in font nullfont!
Missing character: There is no p in font nullfont!
Missing character: There is no a in font nullfont!
Missing character: There is no c in font nullfont!
Missing character: There is no e in font nullfont!
Missing character: There is no i in font nullfont!
Missing character: There is no n in font nullfont!
Missing character: There is no a in font nullfont!
Missing character: There is no s in font nullfont!
Missing character: There is no u in font nullfont!
Missing character: There is no b in font nullfont!
Missing character: There is no s in font nullfont!
Missing character: There is no y in font nullfont!
Missing character: There is no s in font nullfont!
Missing character: There is no t in font nullfont!
Missing character: There is no e in font nullfont!
Missing character: There is no m in font nullfont!
Missing character: There is no a in font nullfont!
Missing character: There is no n in font nullfont!
Missing character: There is no d in font nullfont!
Missing character: There is no i in font nullfont!
Missing character: There is no t in font nullfont!
Missing character: There is no s in font nullfont!
Missing character: There is no c in font nullfont!
Missing character: There is no o in font nullfont!
Missing character: There is no m in font nullfont!
Missing character: There is no p in font nullfont!
Missing character: There is no l in font nullfont!
Missing character: There is no e in font nullfont!
Missing character: There is no m in font nullfont!
Missing character: There is no e in font nullfont!
Missing character: There is no n in font nullfont!
Missing character: There is no t in font nullfont!
Missing character: There is no , in font nullfont!
Missing character: There is no i in font nullfont!
Missing character: There is no . in font nullfont!
Missing character: There is no e in font nullfont!
Missing character: There is no . in font nullfont!
! Undefined control sequence.
<recently read> \mc 
                    
l.24 ...$A$ and its complement $\bar A$, i.e. $\mc
                                                   H=\mc H_A\otimes \mc H_{\...
The control sequence at the end of the top line
of your error message was never \def'ed. If you have
misspelled it (e.g., `\hobx'), type `I' and the correct
spelling (e.g., `I\hbox'). Otherwise just continue,
and I'll forget about whatever was undefined.

! Undefined control sequence.
l.24 ...d its complement $\bar A$, i.e. $\mc H=\mc
                                                   H_A\otimes \mc H_{\bar{A}...
The control sequence at the end of the top line
of your error message was never \def'ed. If you have
misspelled it (e.g., `\hobx'), type `I' and the correct
spelling (e.g., `I\hbox'). Otherwise just continue,
and I'll forget about whatever was undefined.

! Undefined control sequence.
l.24 ...t $\bar A$, i.e. $\mc H=\mc H_A\otimes \mc
                                                   H_{\bar{A}}$, and write $...
The control sequence at the end of the top line
of your error message was never \def'ed. If you have
misspelled it (e.g., `\hobx'), type `I' and the correct
spelling (e.g., `I\hbox'). Otherwise just continue,
and I'll forget about whatever was undefined.

Missing character: There is no , in font nullfont!
Missing character: There is no a in font nullfont!
Missing character: There is no n in font nullfont!
Missing character: There is no d in font nullfont!
Missing character: There is no w in font nullfont!
Missing character: There is no r in font nullfont!
Missing character: There is no i in font nullfont!
Missing character: There is no t in font nullfont!
Missing character: There is no e in font nullfont!
! Undefined control sequence.
l.24 ... \mc H_{\bar{A}}$, and write $d_A=\dim(\mc
                                                   H_A), d_{\bar{A}}=\dim(\m...
The control sequence at the end of the top line
of your error message was never \def'ed. If you have
misspelled it (e.g., `\hobx'), type `I' and the correct
spelling (e.g., `I\hbox'). Otherwise just continue,
and I'll forget about whatever was undefined.

! Undefined control sequence.
l.24 ...e $d_A=\dim(\mc H_A), d_{\bar{A}}=\dim(\mc
                                                   H_{\bar{A}})$. By the \em...
The control sequence at the end of the top line
of your error message was never \def'ed. If you have
misspelled it (e.g., `\hobx'), type `I' and the correct
spelling (e.g., `I\hbox'). Otherwise just continue,
and I'll forget about whatever was undefined.

Missing character: There is no . in font nullfont!
Missing character: There is no B in font nullfont!
Missing character: There is no y in font nullfont!
Missing character: There is no t in font nullfont!
Missing character: There is no h in font nullfont!
Missing character: There is no e in font nullfont!
Missing character: There is no ( in font nullfont!
Missing character: There is no S in font nullfont!
Missing character: There is no V in font nullfont!
Missing character: There is no D in font nullfont!
Missing character: There is no ) in font nullfont!
Missing character: There is no , in font nullfont!
Missing character: There is no a in font nullfont!
Missing character: There is no n in font nullfont!
Missing character: There is no y in font nullfont!
Missing character: There is no s in font nullfont!
Missing character: There is no t in font nullfont!
Missing character: There is no a in font nullfont!
Missing character: There is no t in font nullfont!
Missing character: There is no e in font nullfont!
Missing character: There is no i in font nullfont!
Missing character: There is no n in font nullfont!
! Undefined control sequence.
<recently read> \mc 
                    
l.24 ...ue decomposition} (SVD), any state in $\mc
                                                   H$ can be written in the ...
The control sequence at the end of the top line
of your error message was never \def'ed. If you have
misspelled it (e.g., `\hobx'), type `I' and the correct
spelling (e.g., `I\hbox'). Otherwise just continue,
and I'll forget about whatever was undefined.

Missing character: There is no c in font nullfont!
Missing character: There is no a in font nullfont!
Missing character: There is no n in font nullfont!
Missing character: There is no b in font nullfont!
Missing character: There is no e in font nullfont!
Missing character: There is no w in font nullfont!
Missing character: There is no r in font nullfont!
Missing character: There is no i in font nullfont!
Missing character: There is no t in font nullfont!
Missing character: There is no t in font nullfont!
Missing character: There is no e in font nullfont!
Missing character: There is no n in font nullfont!
Missing character: There is no i in font nullfont!
Missing character: There is no n in font nullfont!
Missing character: There is no t in font nullfont!
Missing character: There is no h in font nullfont!
Missing character: There is no e in font nullfont!
Missing character: There is no f in font nullfont!
Missing character: There is no o in font nullfont!
Missing character: There is no r in font nullfont!
Missing character: There is no m in font nullfont!

Overfull \hbox (5.00002pt too wide) in paragraph at lines 23--25
          \/cmr/m/n/10 ^^?o
 []


Overfull \hbox (24.27762pt too wide) in paragraph at lines 23--25
\OT1/cmr/m/it/10 quan-
 []


Overfull \hbox (16.86656pt too wide) in paragraph at lines 23--25
\OT1/cmr/m/it/10 tum
 []


Overfull \hbox (12.26659pt too wide) in paragraph at lines 23--25
\OT1/cmr/m/it/10 in-
 []


Overfull \hbox (15.9721pt too wide) in paragraph at lines 23--25
\OT1/cmr/m/it/10 for-
 []


Overfull \hbox (16.86656pt too wide) in paragraph at lines 23--25
\OT1/cmr/m/it/10 ma-
 []


Overfull \hbox (17.12212pt too wide) in paragraph at lines 23--25
\OT1/cmr/m/it/10 tion
 []


Overfull \hbox (16.61098pt too wide) in paragraph at lines 23--25
\OT1/cmr/m/it/10 the-
 []


Overfull \hbox (14.18323pt too wide) in paragraph at lines 23--25
\OT1/cmr/m/it/10 ory
 []


Overfull \hbox (7.50002pt too wide) in paragraph at lines 23--25
\OML/cmm/m/it/10 A$
 []


Overfull \hbox (7.50002pt too wide) in paragraph at lines 23--25
[]$
 []


Overfull \hbox (19.68048pt too wide) in paragraph at lines 23--25
\OML/cmm/m/it/10 H \/cmr/m/n/10 =
 []


Overfull \hbox (22.60422pt too wide) in paragraph at lines 23--25
\OML/cmm/m/it/10 H[] \OMS/cmsy/m/n/10 

 []


Overfull \hbox (14.82642pt too wide) in paragraph at lines 23--25
\OML/cmm/m/it/10 H[]$
 []


Overfull \hbox (22.27429pt too wide) in paragraph at lines 23--25
\OML/cmm/m/it/10 d[] \/cmr/m/n/10 =
 []


Overfull \hbox (65.98964pt too wide) in paragraph at lines 23--25
[]\/cmr/m/n/10 (\OML/cmm/m/it/10 H[]\/cmr/m/n/10 )\OML/cmm/m/it/10 ; d[] \/cmr/
m/n/10 =
 []


Overfull \hbox (39.27094pt too wide) in paragraph at lines 23--25
[]\/cmr/m/n/10 (\OML/cmm/m/it/10 H[]\/cmr/m/n/10 )$
 []


Overfull \hbox (16.35545pt too wide) in paragraph at lines 23--25
\OT1/cmr/m/it/10 sin-
 []


Overfull \hbox (13.54434pt too wide) in paragraph at lines 23--25
\OT1/cmr/m/it/10 gu-
 []


Overfull \hbox (11.88326pt too wide) in paragraph at lines 23--25
\OT1/cmr/m/it/10 lar
 []


Overfull \hbox (22.23318pt too wide) in paragraph at lines 23--25
\OT1/cmr/m/it/10 value
 []


Overfull \hbox (13.28879pt too wide) in paragraph at lines 23--25
\OT1/cmr/m/it/10 de-
 []


Overfull \hbox (20.9554pt too wide) in paragraph at lines 23--25
\OT1/cmr/m/it/10 com-
 []


Overfull \hbox (13.28879pt too wide) in paragraph at lines 23--25
\OT1/cmr/m/it/10 po-
 []


Overfull \hbox (10.73326pt too wide) in paragraph at lines 23--25
\OT1/cmr/m/it/10 si-
 []


Overfull \hbox (17.12212pt too wide) in paragraph at lines 23--25
\OT1/cmr/m/it/10 tion
 []


Overfull \hbox (9.12497pt too wide) in paragraph at lines 23--25
\OML/cmm/m/it/10 H$
 []

! Undefined control sequence.
l.26 	\ket
          {\Psi} = \sum_{k=1}^r s_k | \psi_k^A \ra \otimes | \psi_k^{\bar{A}...
The control sequence at the end of the top line
of your error message was never \def'ed. If you have
misspelled it (e.g., `\hobx'), type `I' and the correct
spelling (e.g., `I\hbox'). Otherwise just continue,
and I'll forget about whatever was undefined.

! Undefined control sequence.
l.26 	\ket{\Psi} = \sum_{k=1}^r s_k | \psi_k^A \ra
                                                   \otimes | \psi_k^{\bar{A}...
The control sequence at the end of the top line
of your error message was never \def'ed. If you have
misspelled it (e.g., `\hobx'), type `I' and the correct
spelling (e.g., `I\hbox'). Otherwise just continue,
and I'll forget about whatever was undefined.

! Undefined control sequence.
l.26 ...psi_k^A \ra \otimes | \psi_k^{\bar{A}} \ra
                                                  ,
The control sequence at the end of the top line
of your error message was never \def'ed. If you have
misspelled it (e.g., `\hobx'), type `I' and the correct
spelling (e.g., `I\hbox'). Otherwise just continue,
and I'll forget about whatever was undefined.


Overfull \hbox (89.81491pt too wide) detected at line 27
[]\/cmr/m/n/10 	 = [] \OML/cmm/m/it/10 s[]\OMS/cmsy/m/n/10 j\OML/cmm/m/it/10  [
] \OMS/cmsy/m/n/10 
 j\OML/cmm/m/it/10  [];
 []

Missing character: There is no w in font nullfont!
Missing character: There is no h in font nullfont!
Missing character: There is no e in font nullfont!
Missing character: There is no r in font nullfont!
Missing character: There is no e in font nullfont!
! Undefined control sequence.
l.28 where $| \psi_k^A \ra
                          $ and $| \psi_k^{\bar{A}} \ra$, $r\leq\min(d_A,d_{...
The control sequence at the end of the top line
of your error message was never \def'ed. If you have
misspelled it (e.g., `\hobx'), type `I' and the correct
spelling (e.g., `I\hbox'). Otherwise just continue,
and I'll forget about whatever was undefined.

Missing character: There is no a in font nullfont!
Missing character: There is no n in font nullfont!
Missing character: There is no d in font nullfont!
! Undefined control sequence.
l.28 ... \psi_k^A \ra$ and $| \psi_k^{\bar{A}} \ra
                                                  $, $r\leq\min(d_A,d_{\bar{...
The control sequence at the end of the top line
of your error message was never \def'ed. If you have
misspelled it (e.g., `\hobx'), type `I' and the correct
spelling (e.g., `I\hbox'). Otherwise just continue,
and I'll forget about whatever was undefined.

Missing character: There is no , in font nullfont!
Missing character: There is no , in font nullfont!
Missing character: There is no a in font nullfont!
Missing character: There is no r in font nullfont!
Missing character: There is no e in font nullfont!
Missing character: There is no o in font nullfont!
Missing character: There is no r in font nullfont!
Missing character: There is no t in font nullfont!
Missing character: There is no h in font nullfont!
Missing character: There is no o in font nullfont!
Missing character: There is no n in font nullfont!
Missing character: There is no o in font nullfont!
Missing character: There is no r in font nullfont!
Missing character: There is no m in font nullfont!
Missing character: There is no a in font nullfont!
Missing character: There is no l in font nullfont!
Missing character: There is no b in font nullfont!
Missing character: There is no a in font nullfont!
Missing character: There is no s in font nullfont!
Missing character: There is no e in font nullfont!
Missing character: There is no s in font nullfont!
Missing character: There is no f in font nullfont!
Missing character: There is no o in font nullfont!
Missing character: There is no r in font nullfont!
! Undefined control sequence.
<recently read> \mc 
                    
l.28 ...\bar{A}})$, are orthonormal bases for $\mc
                                                   H_A$ and $\mc H_{\bar{A}}...
The control sequence at the end of the top line
of your error message was never \def'ed. If you have
misspelled it (e.g., `\hobx'), type `I' and the correct
spelling (e.g., `I\hbox'). Otherwise just continue,
and I'll forget about whatever was undefined.

Missing character: There is no a in font nullfont!
Missing character: There is no n in font nullfont!
Missing character: There is no d in font nullfont!
! Undefined control sequence.
<recently read> \mc 
                    
l.28 ...e orthonormal bases for $\mc H_A$ and $\mc
                                                   H_{\bar{A}}$ respectively...
The control sequence at the end of the top line
of your error message was never \def'ed. If you have
misspelled it (e.g., `\hobx'), type `I' and the correct
spelling (e.g., `I\hbox'). Otherwise just continue,
and I'll forget about whatever was undefined.

Missing character: There is no r in font nullfont!
Missing character: There is no e in font nullfont!
Missing character: There is no s in font nullfont!
Missing character: There is no p in font nullfont!
Missing character: There is no e in font nullfont!
Missing character: There is no c in font nullfont!
Missing character: There is no t in font nullfont!
Missing character: There is no i in font nullfont!
Missing character: There is no v in font nullfont!
Missing character: There is no e in font nullfont!
Missing character: There is no l in font nullfont!
Missing character: There is no y in font nullfont!
Missing character: There is no . in font nullfont!
Missing character: There is no T in font nullfont!
Missing character: There is no h in font nullfont!
Missing character: There is no e in font nullfont!
Missing character: There is no n in font nullfont!
Missing character: There is no o in font nullfont!
Missing character: There is no n in font nullfont!
Missing character: There is no - in font nullfont!
Missing character: There is no n in font nullfont!
Missing character: There is no e in font nullfont!
Missing character: There is no g in font nullfont!
Missing character: There is no a in font nullfont!
Missing character: There is no t in font nullfont!
Missing character: There is no i in font nullfont!
Missing character: There is no v in font nullfont!
Missing character: There is no e in font nullfont!
Missing character: There is no n in font nullfont!
Missing character: There is no u in font nullfont!
Missing character: There is no m in font nullfont!
Missing character: There is no b in font nullfont!
Missing character: There is no e in font nullfont!
Missing character: There is no r in font nullfont!
Missing character: There is no s in font nullfont!
Missing character: There is no f in font nullfont!
Missing character: There is no o in font nullfont!
Missing character: There is no r in font nullfont!
Missing character: There is no a in font nullfont!
Missing character: There is no r in font nullfont!
Missing character: There is no e in font nullfont!
Missing character: There is no c in font nullfont!
Missing character: There is no a in font nullfont!
Missing character: There is no l in font nullfont!
Missing character: There is no l in font nullfont!
Missing character: There is no e in font nullfont!
Missing character: There is no d in font nullfont!
Missing character: There is no o in font nullfont!
Missing character: There is no r in font nullfont!
Missing character: There is no . in font nullfont!
Missing character: There is no T in font nullfont!
Missing character: There is no h in font nullfont!
Missing character: There is no e in font nullfont!
Missing character: There is no s in font nullfont!
Missing character: There is no t in font nullfont!
Missing character: There is no a in font nullfont!
Missing character: There is no t in font nullfont!
Missing character: There is no e in font nullfont!
! Undefined control sequence.
l.28 ...ph{Schmidt numbers}. The state $| \Psi \ra
                                                  $ is said to be \emph{enta...
The control sequence at the end of the top line
of your error message was never \def'ed. If you have
misspelled it (e.g., `\hobx'), type `I' and the correct
spelling (e.g., `I\hbox'). Otherwise just continue,
and I'll forget about whatever was undefined.

Missing character: There is no i in font nullfont!
Missing character: There is no s in font nullfont!
Missing character: There is no s in font nullfont!
Missing character: There is no a in font nullfont!
Missing character: There is no i in font nullfont!
Missing character: There is no d in font nullfont!
Missing character: There is no t in font nullfont!
Missing character: There is no o in font nullfont!
Missing character: There is no b in font nullfont!
Missing character: There is no e in font nullfont!
Missing character: There is no a in font nullfont!
Missing character: There is no m in font nullfont!
Missing character: There is no o in font nullfont!
Missing character: There is no n in font nullfont!
Missing character: There is no g in font nullfont!
Missing character: There is no t in font nullfont!
Missing character: There is no h in font nullfont!
Missing character: There is no e in font nullfont!
Missing character: There is no p in font nullfont!
Missing character: There is no a in font nullfont!
Missing character: There is no r in font nullfont!
Missing character: There is no t in font nullfont!
Missing character: There is no i in font nullfont!
Missing character: There is no e in font nullfont!
Missing character: There is no s in font nullfont!
Missing character: There is no a in font nullfont!
Missing character: There is no n in font nullfont!
Missing character: There is no d in font nullfont!
Missing character: There is no w in font nullfont!
Missing character: There is no h in font nullfont!
Missing character: There is no e in font nullfont!
Missing character: There is no n in font nullfont!
Missing character: There is no t in font nullfont!
Missing character: There is no h in font nullfont!
Missing character: There is no e in font nullfont!
Missing character: There is no S in font nullfont!
Missing character: There is no c in font nullfont!
Missing character: There is no h in font nullfont!
Missing character: There is no m in font nullfont!
Missing character: There is no i in font nullfont!
Missing character: There is no d in font nullfont!
Missing character: There is no t in font nullfont!
Missing character: There is no r in font nullfont!
Missing character: There is no a in font nullfont!
Missing character: There is no n in font nullfont!
Missing character: There is no k in font nullfont!
Missing character: There is no i in font nullfont!
Missing character: There is no s in font nullfont!
Missing character: There is no s in font nullfont!
Missing character: There is no t in font nullfont!
Missing character: There is no r in font nullfont!
Missing character: There is no i in font nullfont!
Missing character: There is no c in font nullfont!
Missing character: There is no t in font nullfont!
Missing character: There is no l in font nullfont!
Missing character: There is no y in font nullfont!
Missing character: There is no l in font nullfont!
Missing character: There is no a in font nullfont!
Missing character: There is no r in font nullfont!
Missing character: There is no g in font nullfont!
Missing character: There is no e in font nullfont!
Missing character: There is no r in font nullfont!
Missing character: There is no t in font nullfont!
Missing character: There is no h in font nullfont!
Missing character: There is no a in font nullfont!
Missing character: There is no n in font nullfont!
Missing character: There is no , in font nullfont!
Missing character: There is no a in font nullfont!
Missing character: There is no n in font nullfont!
Missing character: There is no d in font nullfont!
Missing character: There is no t in font nullfont!
Missing character: There is no o in font nullfont!
Missing character: There is no b in font nullfont!
Missing character: There is no e in font nullfont!
Missing character: There is no w in font nullfont!
Missing character: There is no h in font nullfont!
Missing character: There is no e in font nullfont!
Missing character: There is no n in font nullfont!
Missing character: There is no a in font nullfont!
Missing character: There is no l in font nullfont!
Missing character: There is no l in font nullfont!
Missing character: There is no s in font nullfont!
Missing character: There is no i in font nullfont!
Missing character: There is no n in font nullfont!
Missing character: There is no g in font nullfont!
Missing character: There is no u in font nullfont!
Missing character: There is no l in font nullfont!
Missing character: There is no a in font nullfont!
Missing character: There is no r in font nullfont!
Missing character: There is no v in font nullfont!
Missing character: There is no a in font nullfont!
Missing character: There is no l in font nullfont!
Missing character: There is no u in font nullfont!
Missing character: There is no e in font nullfont!
Missing character: There is no s in font nullfont!
Missing character: There is no a in font nullfont!
Missing character: There is no r in font nullfont!
Missing character: There is no e in font nullfont!
Missing character: There is no e in font nullfont!
Missing character: There is no q in font nullfont!
Missing character: There is no u in font nullfont!
Missing character: There is no a in font nullfont!
Missing character: There is no l in font nullfont!
Missing character: There is no ( in font nullfont!
Missing character: There is no a in font nullfont!
Missing character: There is no n in font nullfont!
Missing character: There is no d in font nullfont!
Missing character: There is no n in font nullfont!
Missing character: There is no o in font nullfont!
Missing character: There is no n in font nullfont!
Missing character: There is no - in font nullfont!
Missing character: There is no z in font nullfont!
Missing character: There is no e in font nullfont!
Missing character: There is no r in font nullfont!
Missing character: There is no o in font nullfont!
Missing character: There is no ) in font nullfont!
Missing character: There is no . in font nullfont!
Missing character: There is no T in font nullfont!
Missing character: There is no h in font nullfont!
Missing character: There is no e in font nullfont!
Missing character: There is no s in font nullfont!
Missing character: There is no t in font nullfont!
Missing character: There is no a in font nullfont!
Missing character: There is no t in font nullfont!
Missing character: There is no e in font nullfont!
! Undefined control sequence.
l.28 ...qual (and non-zero). The state $| \Psi \ra
                                                  $ is thus \emph{unentangle...
The control sequence at the end of the top line
of your error message was never \def'ed. If you have
misspelled it (e.g., `\hobx'), type `I' and the correct
spelling (e.g., `I\hbox'). Otherwise just continue,
and I'll forget about whatever was undefined.

Missing character: There is no i in font nullfont!
Missing character: There is no s in font nullfont!
Missing character: There is no t in font nullfont!
Missing character: There is no h in font nullfont!
Missing character: There is no u in font nullfont!
Missing character: There is no s in font nullfont!
Missing character: There is no i in font nullfont!
Missing character: There is no f in font nullfont!
Missing character: There is no a in font nullfont!
Missing character: There is no n in font nullfont!
Missing character: There is no d in font nullfont!
Missing character: There is no o in font nullfont!
Missing character: There is no n in font nullfont!
Missing character: There is no l in font nullfont!
Missing character: There is no y in font nullfont!
Missing character: There is no i in font nullfont!
Missing character: There is no f in font nullfont!
Missing character: There is no i in font nullfont!
Missing character: There is no t in font nullfont!
Missing character: There is no i in font nullfont!
Missing character: There is no s in font nullfont!
Missing character: There is no a in font nullfont!
Missing character: There is no ( in font nullfont!
Missing character: There is no t in font nullfont!
Missing character: There is no e in font nullfont!
Missing character: There is no n in font nullfont!
Missing character: There is no s in font nullfont!
Missing character: There is no o in font nullfont!
Missing character: There is no r in font nullfont!
Missing character: There is no ) in font nullfont!
Missing character: There is no p in font nullfont!
Missing character: There is no r in font nullfont!
Missing character: There is no o in font nullfont!
Missing character: There is no d in font nullfont!
Missing character: There is no u in font nullfont!
Missing character: There is no c in font nullfont!
Missing character: There is no t in font nullfont!
Missing character: There is no s in font nullfont!
Missing character: There is no t in font nullfont!
Missing character: There is no a in font nullfont!
Missing character: There is no t in font nullfont!
Missing character: There is no e in font nullfont!
! Undefined control sequence.
l.28 ...it is a (tensor) product state $| \Psi \ra
                                                   = | \psi^A \ra \otimes | ...
The control sequence at the end of the top line
of your error message was never \def'ed. If you have
misspelled it (e.g., `\hobx'), type `I' and the correct
spelling (e.g., `I\hbox'). Otherwise just continue,
and I'll forget about whatever was undefined.

! Undefined control sequence.
l.28 ...) product state $| \Psi \ra = | \psi^A \ra
                                                   \otimes | \psi^{\bar A} \...
The control sequence at the end of the top line
of your error message was never \def'ed. If you have
misspelled it (e.g., `\hobx'), type `I' and the correct
spelling (e.g., `I\hbox'). Otherwise just continue,
and I'll forget about whatever was undefined.

! Undefined control sequence.
l.28 ...= | \psi^A \ra \otimes | \psi^{\bar A} \ra
                                                  $.
The control sequence at the end of the top line
of your error message was never \def'ed. If you have
misspelled it (e.g., `\hobx'), type `I' and the correct
spelling (e.g., `I\hbox'). Otherwise just continue,
and I'll forget about whatever was undefined.

Missing character: There is no . in font nullfont!

Overfull \hbox (16.1644pt too wide) in paragraph at lines 27--29
 $\OMS/cmsy/m/n/10 j\OML/cmm/m/it/10  []$
 []


Overfull \hbox (16.1644pt too wide) in paragraph at lines 27--29
\OMS/cmsy/m/n/10 j\OML/cmm/m/it/10  []$
 []


Overfull \hbox (15.34488pt too wide) in paragraph at lines 27--29
\OML/cmm/m/it/10 r \OMS/cmsy/m/n/10 ^^T
 []


Overfull \hbox (52.32649pt too wide) in paragraph at lines 27--29
[]\/cmr/m/n/10 (\OML/cmm/m/it/10 d[]; d[]\/cmr/m/n/10 )$
 []


Overfull \hbox (14.82642pt too wide) in paragraph at lines 27--29
\OML/cmm/m/it/10 H[]$
 []


Overfull \hbox (14.82642pt too wide) in paragraph at lines 27--29
\OML/cmm/m/it/10 H[]$
 []


Overfull \hbox (9.60767pt too wide) in paragraph at lines 27--29
\OML/cmm/m/it/10 s[]$
 []


Overfull \hbox (16.07635pt too wide) in paragraph at lines 27--29
\OML/cmm/m/it/10 k \/cmr/m/n/10 =
 []


Overfull \hbox (36.456pt too wide) in paragraph at lines 27--29
\/cmr/m/n/10 1\OML/cmm/m/it/10 ; \/cmr/m/n/10 2\OML/cmm/m/it/10 ; :::; r$
 []


Overfull \hbox (16.35545pt too wide) in paragraph at lines 27--29
\OT1/cmr/m/it/10 sin-
 []


Overfull \hbox (13.54434pt too wide) in paragraph at lines 27--29
\OT1/cmr/m/it/10 gu-
 []


Overfull \hbox (11.88326pt too wide) in paragraph at lines 27--29
\OT1/cmr/m/it/10 lar
 []


Overfull \hbox (15.84433pt too wide) in paragraph at lines 27--29
\OT1/cmr/m/it/10 val-
 []


Overfull \hbox (14.05547pt too wide) in paragraph at lines 27--29
\OT1/cmr/m/it/10 ues
 []


Overfull \hbox (35.0109pt too wide) in paragraph at lines 27--29
\OT1/cmr/m/it/10 Schmidt
 []


Overfull \hbox (22.74431pt too wide) in paragraph at lines 27--29
\OT1/cmr/m/it/10 num-
 []


Overfull \hbox (16.9943pt too wide) in paragraph at lines 27--29
\OT1/cmr/m/it/10 bers
 []


Overfull \hbox (10.55559pt too wide) in paragraph at lines 27--29
\OMS/cmsy/m/n/10 j\/cmr/m/n/10 	$
 []


Overfull \hbox (13.7999pt too wide) in paragraph at lines 27--29
\OT1/cmr/m/it/10 en-
 []


Overfull \hbox (17.63321pt too wide) in paragraph at lines 27--29
\OT1/cmr/m/it/10 tan-
 []


Overfull \hbox (16.35542pt too wide) in paragraph at lines 27--29
\OT1/cmr/m/it/10 gled
 []


Overfull \hbox (7.50002pt too wide) in paragraph at lines 27--29
\OML/cmm/m/it/10 A$
 []


Overfull \hbox (7.50002pt too wide) in paragraph at lines 27--29
[]$
 []


Overfull \hbox (4.78937pt too wide) in paragraph at lines 27--29
\OML/cmm/m/it/10 r$
 []


Overfull \hbox (5.00002pt too wide) in paragraph at lines 27--29
\/cmr/m/n/10 1$
 []


Overfull \hbox (21.50543pt too wide) in paragraph at lines 27--29
\OT1/cmr/m/it/10 max-
 []


Overfull \hbox (6.6444pt too wide) in paragraph at lines 27--29
\OT1/cmr/m/it/10 i-
 []


Overfull \hbox (23.76653pt too wide) in paragraph at lines 27--29
\OT1/cmr/m/it/10 mally
 []


Overfull \hbox (13.7999pt too wide) in paragraph at lines 27--29
\OT1/cmr/m/it/10 en-
 []


Overfull \hbox (17.63321pt too wide) in paragraph at lines 27--29
\OT1/cmr/m/it/10 tan-
 []


Overfull \hbox (16.35542pt too wide) in paragraph at lines 27--29
\OT1/cmr/m/it/10 gled
 []


Overfull \hbox (10.55559pt too wide) in paragraph at lines 27--29
\OMS/cmsy/m/n/10 j\/cmr/m/n/10 	$
 []


Overfull \hbox (14.56657pt too wide) in paragraph at lines 27--29
\OT1/cmr/m/it/10 un-
 []


Overfull \hbox (13.7999pt too wide) in paragraph at lines 27--29
\OT1/cmr/m/it/10 en-
 []


Overfull \hbox (17.63321pt too wide) in paragraph at lines 27--29
\OT1/cmr/m/it/10 tan-
 []


Overfull \hbox (16.35542pt too wide) in paragraph at lines 27--29
\OT1/cmr/m/it/10 gled
 []


Overfull \hbox (21.1111pt too wide) in paragraph at lines 27--29
\OMS/cmsy/m/n/10 j\/cmr/m/n/10 	 =
 []


Overfull \hbox (23.9422pt too wide) in paragraph at lines 27--29
\OMS/cmsy/m/n/10 j\OML/cmm/m/it/10  [] \OMS/cmsy/m/n/10 

 []


Overfull \hbox (16.1644pt too wide) in paragraph at lines 27--29
\OMS/cmsy/m/n/10 j\OML/cmm/m/it/10  []$ 
 []


! LaTeX Error: Missing \begin{document}.

See the LaTeX manual or LaTeX Companion for explanation.
Type  H <return>  for immediate help.
 ...                                              
                                                  
l.30 I
      nformation about the entanglement can also be compressed into one numb...

You're in trouble here.  Try typing  <return>  to proceed.
If that doesn't work, type  X <return>  to quit.

Missing character: There is no I in font nullfont!
Missing character: There is no n in font nullfont!
Missing character: There is no f in font nullfont!
Missing character: There is no o in font nullfont!
Missing character: There is no r in font nullfont!
Missing character: There is no m in font nullfont!
Missing character: There is no a in font nullfont!
Missing character: There is no t in font nullfont!
Missing character: There is no i in font nullfont!
Missing character: There is no o in font nullfont!
Missing character: There is no n in font nullfont!
Missing character: There is no a in font nullfont!
Missing character: There is no b in font nullfont!
Missing character: There is no o in font nullfont!
Missing character: There is no u in font nullfont!
Missing character: There is no t in font nullfont!
Missing character: There is no t in font nullfont!
Missing character: There is no h in font nullfont!
Missing character: There is no e in font nullfont!
Missing character: There is no e in font nullfont!
Missing character: There is no n in font nullfont!
Missing character: There is no t in font nullfont!
Missing character: There is no a in font nullfont!
Missing character: There is no n in font nullfont!
Missing character: There is no g in font nullfont!
Missing character: There is no l in font nullfont!
Missing character: There is no e in font nullfont!
Missing character: There is no m in font nullfont!
Missing character: There is no e in font nullfont!
Missing character: There is no n in font nullfont!
Missing character: There is no t in font nullfont!
Missing character: There is no c in font nullfont!
Missing character: There is no a in font nullfont!
Missing character: There is no n in font nullfont!
Missing character: There is no a in font nullfont!
Missing character: There is no l in font nullfont!
Missing character: There is no s in font nullfont!
Missing character: There is no o in font nullfont!
Missing character: There is no b in font nullfont!
Missing character: There is no e in font nullfont!
Missing character: There is no c in font nullfont!
Missing character: There is no o in font nullfont!
Missing character: There is no m in font nullfont!
Missing character: There is no p in font nullfont!
Missing character: There is no r in font nullfont!
Missing character: There is no e in font nullfont!
Missing character: There is no s in font nullfont!
Missing character: There is no s in font nullfont!
Missing character: There is no e in font nullfont!
Missing character: There is no d in font nullfont!
Missing character: There is no i in font nullfont!
Missing character: There is no n in font nullfont!
Missing character: There is no t in font nullfont!
Missing character: There is no o in font nullfont!
Missing character: There is no o in font nullfont!
Missing character: There is no n in font nullfont!
Missing character: There is no e in font nullfont!
Missing character: There is no n in font nullfont!
Missing character: There is no u in font nullfont!
Missing character: There is no m in font nullfont!
Missing character: There is no b in font nullfont!
Missing character: There is no e in font nullfont!
Missing character: There is no r in font nullfont!
Missing character: There is no , in font nullfont!
Missing character: There is no t in font nullfont!
Missing character: There is no h in font nullfont!
Missing character: There is no e in font nullfont!
Missing character: There is no , in font nullfont!
Missing character: There is no w in font nullfont!
Missing character: There is no h in font nullfont!
Missing character: There is no i in font nullfont!
Missing character: There is no c in font nullfont!
Missing character: There is no h in font nullfont!
Missing character: There is no i in font nullfont!
Missing character: There is no s in font nullfont!
Missing character: There is no d in font nullfont!
Missing character: There is no e in font nullfont!
Missing character: There is no f in font nullfont!
Missing character: There is no i in font nullfont!
Missing character: There is no n in font nullfont!
Missing character: There is no e in font nullfont!
Missing character: There is no d in font nullfont!
Missing character: There is no a in font nullfont!
Missing character: There is no s in font nullfont!
Missing character: There is no t in font nullfont!
Missing character: There is no h in font nullfont!
Missing character: There is no e in font nullfont!
Missing character: There is no o in font nullfont!
Missing character: There is no f in font nullfont!
Missing character: There is no t in font nullfont!
Missing character: There is no h in font nullfont!
Missing character: There is no e in font nullfont!
Missing character: There is no r in font nullfont!
Missing character: There is no e in font nullfont!
Missing character: There is no d in font nullfont!
Missing character: There is no u in font nullfont!
Missing character: There is no c in font nullfont!
Missing character: There is no e in font nullfont!
Missing character: There is no d in font nullfont!
Missing character: There is no d in font nullfont!
Missing character: There is no e in font nullfont!
Missing character: There is no n in font nullfont!
Missing character: There is no s in font nullfont!
Missing character: There is no i in font nullfont!
Missing character: There is no t in font nullfont!
Missing character: There is no y in font nullfont!
Missing character: There is no m in font nullfont!
Missing character: There is no a in font nullfont!
Missing character: There is no t in font nullfont!
Missing character: There is no r in font nullfont!
Missing character: There is no i in font nullfont!
Missing character: There is no x in font nullfont!
Missing character: There is no ( in font nullfont!
Missing character: There is no o in font nullfont!
Missing character: There is no r in font nullfont!
Missing character: There is no e in font nullfont!
Missing character: There is no q in font nullfont!
Missing character: There is no u in font nullfont!
Missing character: There is no i in font nullfont!
Missing character: There is no v in font nullfont!
Missing character: There is no a in font nullfont!
Missing character: There is no l in font nullfont!
Missing character: There is no e in font nullfont!
Missing character: There is no n in font nullfont!
Missing character: There is no t in font nullfont!
Missing character: There is no l in font nullfont!
Missing character: There is no y in font nullfont!
Missing character: There is no ) in font nullfont!
Missing character: There is no , in font nullfont!
Missing character: There is no a in font nullfont!
Missing character: There is no n in font nullfont!
Missing character: There is no d in font nullfont!
Missing character: There is no w in font nullfont!
Missing character: There is no h in font nullfont!
Missing character: There is no i in font nullfont!
Missing character: There is no c in font nullfont!
Missing character: There is no h in font nullfont!
Missing character: There is no c in font nullfont!
Missing character: There is no a in font nullfont!
Missing character: There is no n in font nullfont!
Missing character: There is no s in font nullfont!
Missing character: There is no i in font nullfont!
Missing character: There is no m in font nullfont!
Missing character: There is no p in font nullfont!
Missing character: There is no l in font nullfont!
Missing character: There is no y in font nullfont!
Missing character: There is no b in font nullfont!
Missing character: There is no e in font nullfont!
Missing character: There is no e in font nullfont!
Missing character: There is no x in font nullfont!
Missing character: There is no p in font nullfont!
Missing character: There is no r in font nullfont!
Missing character: There is no e in font nullfont!
Missing character: There is no s in font nullfont!
Missing character: There is no s in font nullfont!
Missing character: There is no e in font nullfont!
Missing character: There is no d in font nullfont!
Missing character: There is no a in font nullfont!
Missing character: There is no s in font nullfont!
Missing character: There is no : in font nullfont!

Overfull \hbox (20.0pt too wide) in paragraph at lines 30--31
[]
 []


Overfull \hbox (13.7999pt too wide) in paragraph at lines 30--31
\OT1/cmr/m/it/10 en-
 []


Overfull \hbox (17.63321pt too wide) in paragraph at lines 30--31
\OT1/cmr/m/it/10 tan-
 []


Overfull \hbox (15.3332pt too wide) in paragraph at lines 30--31
\OT1/cmr/m/it/10 gle-
 []


Overfull \hbox (21.72208pt too wide) in paragraph at lines 30--31
\OT1/cmr/m/it/10 ment
 []


Overfull \hbox (13.7999pt too wide) in paragraph at lines 30--31
\OT1/cmr/m/it/10 en-
 []


Overfull \hbox (22.10538pt too wide) in paragraph at lines 30--31
\OT1/cmr/m/it/10 tropy
 []


Overfull \hbox (12.64586pt too wide) in paragraph at lines 30--31
\OML/cmm/m/it/10 S[]$
 []


Overfull \hbox (17.3999pt too wide) in paragraph at lines 30--31
\OT1/cmr/m/it/10 Von
 []


Overfull \hbox (20.97763pt too wide) in paragraph at lines 30--31
\OT1/cmr/m/it/10 Neu-
 []


Overfull \hbox (24.5332pt too wide) in paragraph at lines 30--31
\OT1/cmr/m/it/10 mann
 []


Overfull \hbox (13.7999pt too wide) in paragraph at lines 30--31
\OT1/cmr/m/it/10 en-
 []


Overfull \hbox (22.10538pt too wide) in paragraph at lines 30--31
\OT1/cmr/m/it/10 tropy
 []


Overfull \hbox (11.68407pt too wide) in paragraph at lines 30--31
\OML/cmm/m/it/10 ^^Z[]$
 []


Overfull \hbox (12.05315pt too wide) in paragraph at lines 30--31
\OML/cmm/m/it/10 ^^Z[]$
 []

! Undefined control sequence.
l.32 	\rho_A = {\rm
                    Tr}_{\bar A}(| \Psi \ra\la \Psi |) = \sum_k s_k^2 | \psi...
The control sequence at the end of the top line
of your error message was never \def'ed. If you have
misspelled it (e.g., `\hobx'), type `I' and the correct
spelling (e.g., `I\hbox'). Otherwise just continue,
and I'll forget about whatever was undefined.

! Undefined control sequence.
l.32 	\rho_A = {\rm Tr}_{\bar A}(| \Psi \ra
                                           \la \Psi |) = \sum_k s_k^2 | \psi...
The control sequence at the end of the top line
of your error message was never \def'ed. If you have
misspelled it (e.g., `\hobx'), type `I' and the correct
spelling (e.g., `I\hbox'). Otherwise just continue,
and I'll forget about whatever was undefined.

! Undefined control sequence.
l.32 	\rho_A = {\rm Tr}_{\bar A}(| \Psi \ra\la
                                               \Psi |) = \sum_k s_k^2 | \psi...
The control sequence at the end of the top line
of your error message was never \def'ed. If you have
misspelled it (e.g., `\hobx'), type `I' and the correct
spelling (e.g., `I\hbox'). Otherwise just continue,
and I'll forget about whatever was undefined.

! Undefined control sequence.
l.32 ...a\la \Psi |) = \sum_k s_k^2 | \psi_k^A \ra
                                                  \la \psi_k^A |,
The control sequence at the end of the top line
of your error message was never \def'ed. If you have
misspelled it (e.g., `\hobx'), type `I' and the correct
spelling (e.g., `I\hbox'). Otherwise just continue,
and I'll forget about whatever was undefined.

! Undefined control sequence.
l.32 ...a \Psi |) = \sum_k s_k^2 | \psi_k^A \ra\la
                                                   \psi_k^A |,
The control sequence at the end of the top line
of your error message was never \def'ed. If you have
misspelled it (e.g., `\hobx'), type `I' and the correct
spelling (e.g., `I\hbox'). Otherwise just continue,
and I'll forget about whatever was undefined.


Overfull \hbox (146.60077pt too wide) detected at line 33
[]\OML/cmm/m/it/10 ^^Z[] \/cmr/m/n/10 = [][](\OMS/cmsy/m/n/10 j\/cmr/m/n/10 		\
OMS/cmsy/m/n/10 j\/cmr/m/n/10 ) = [] \OML/cmm/m/it/10 s[]\OMS/cmsy/m/n/10 j\OML
/cmm/m/it/10  [] []\OMS/cmsy/m/n/10 j\OML/cmm/m/it/10 ;
 []

Missing character: There is no s in font nullfont!
Missing character: There is no u in font nullfont!
Missing character: There is no c in font nullfont!
Missing character: There is no h in font nullfont!
Missing character: There is no t in font nullfont!
Missing character: There is no h in font nullfont!
Missing character: There is no a in font nullfont!
Missing character: There is no t in font nullfont!
Missing character: There is no : in font nullfont!
! Undefined control sequence.
l.36 	S_A = -{\rm
                  Tr}(\rho_A\log(\rho_A)) = -\sum_k s_k^2 \log(s_k^2).
The control sequence at the end of the top line
of your error message was never \def'ed. If you have
misspelled it (e.g., `\hobx'), type `I' and the correct
spelling (e.g., `I\hbox'). Otherwise just continue,
and I'll forget about whatever was undefined.


Overfull \hbox (182.52893pt too wide) detected at line 37
\OML/cmm/m/it/10 S[] \/cmr/m/n/10 = \OMS/cmsy/m/n/10 ^^@[]\/cmr/m/n/10 (\OML/cm
m/m/it/10 ^^Z[] []\/cmr/m/n/10 (\OML/cmm/m/it/10 ^^Z[]\/cmr/m/n/10 )) = \OMS/cm
sy/m/n/10 ^^@ [] \OML/cmm/m/it/10 s[] []\/cmr/m/n/10 (\OML/cmm/m/it/10 s[]\/cmr
/m/n/10 )\OML/cmm/m/it/10 :
 []


! LaTeX Error: The font size command \normalsize is not defined:
               there is probably something wrong with the class file.

See the LaTeX manual or LaTeX Companion for explanation.
Type  H <return>  for immediate help.
 ...                                              
                                                  
l.37 \end{equation}
                   
Your command was ignored.
Type  I <command> <return>  to replace it with another command,
or  <return>  to continue without it.

[1
! Undefined control sequence.
<write> \newlabel{chap:introduction}{{}{\thepage 
                                                 }}
l.37 \end{equation}
                   
The control sequence at the end of the top line
of your error message was never \def'ed. If you have
misspelled it (e.g., `\hobx'), type `I' and the correct
spelling (e.g., `I\hbox'). Otherwise just continue,
and I'll forget about whatever was undefined.

\newlabel{chap:introduction}{{}{}}
{/var/lib/texmf/fonts/map/pdftex/updmap/pdftex.map}
! Undefined control sequence.
<write> \newlabel{eq:HilbertSpace}{{1}{\thepage 
                                                }}
l.37 \end{equation}
                   
The control sequence at the end of the top line
of your error message was never \def'ed. If you have
misspelled it (e.g., `\hobx'), type `I' and the correct
spelling (e.g., `I\hbox'). Otherwise just continue,
and I'll forget about whatever was undefined.

\newlabel{eq:HilbertSpace}{{1}{}}
! Undefined control sequence.
<write> \newlabel{eq:SchmidtState}{{4}{\thepage 
                                                }}
l.37 \end{equation}
                   
The control sequence at the end of the top line
of your error message was never \def'ed. If you have
misspelled it (e.g., `\hobx'), type `I' and the correct
spelling (e.g., `I\hbox'). Otherwise just continue,
and I'll forget about whatever was undefined.

\newlabel{eq:SchmidtState}{{4}{}}
! Undefined control sequence.
<write> \newlabel{eq:ReducedRho}{{5}{\thepage 
                                              }}
l.37 \end{equation}
                   
The control sequence at the end of the top line
of your error message was never \def'ed. If you have
misspelled it (e.g., `\hobx'), type `I' and the correct
spelling (e.g., `I\hbox'). Otherwise just continue,
and I'll forget about whatever was undefined.

\newlabel{eq:ReducedRho}{{5}{}}
]
Missing character: There is no M in font nullfont!
Missing character: There is no o in font nullfont!
Missing character: There is no r in font nullfont!
Missing character: There is no e in font nullfont!
Missing character: There is no r in font nullfont!
Missing character: There is no e in font nullfont!
Missing character: There is no f in font nullfont!
Missing character: There is no i in font nullfont!
Missing character: There is no n in font nullfont!
Missing character: There is no e in font nullfont!
Missing character: There is no d in font nullfont!
Missing character: There is no i in font nullfont!
Missing character: There is no n in font nullfont!
Missing character: There is no f in font nullfont!
Missing character: There is no o in font nullfont!
Missing character: There is no r in font nullfont!
Missing character: There is no m in font nullfont!
Missing character: There is no a in font nullfont!
Missing character: There is no t in font nullfont!
Missing character: There is no i in font nullfont!
Missing character: There is no o in font nullfont!
Missing character: There is no n in font nullfont!
Missing character: There is no a in font nullfont!
Missing character: There is no b in font nullfont!
Missing character: There is no o in font nullfont!
Missing character: There is no u in font nullfont!
Missing character: There is no t in font nullfont!
Missing character: There is no t in font nullfont!
Missing character: There is no h in font nullfont!
Missing character: There is no e in font nullfont!
Missing character: There is no e in font nullfont!
Missing character: There is no n in font nullfont!
Missing character: There is no t in font nullfont!
Missing character: There is no a in font nullfont!
Missing character: There is no n in font nullfont!
Missing character: There is no g in font nullfont!
Missing character: There is no l in font nullfont!
Missing character: There is no e in font nullfont!
Missing character: There is no m in font nullfont!
Missing character: There is no e in font nullfont!
Missing character: There is no n in font nullfont!
Missing character: There is no t in font nullfont!
Missing character: There is no s in font nullfont!
Missing character: There is no t in font nullfont!
Missing character: There is no r in font nullfont!
Missing character: There is no u in font nullfont!
Missing character: There is no c in font nullfont!
Missing character: There is no t in font nullfont!
Missing character: There is no u in font nullfont!
Missing character: There is no r in font nullfont!
Missing character: There is no e in font nullfont!
Missing character: There is no o in font nullfont!
Missing character: There is no f in font nullfont!
Missing character: There is no t in font nullfont!
Missing character: There is no h in font nullfont!
Missing character: There is no e in font nullfont!
Missing character: There is no s in font nullfont!
Missing character: There is no t in font nullfont!
Missing character: There is no a in font nullfont!
Missing character: There is no t in font nullfont!
Missing character: There is no e in font nullfont!
Missing character: There is no i in font nullfont!
Missing character: There is no s in font nullfont!
Missing character: There is no e in font nullfont!
Missing character: There is no n in font nullfont!
Missing character: There is no c in font nullfont!
Missing character: There is no o in font nullfont!
Missing character: There is no d in font nullfont!
Missing character: There is no e in font nullfont!
Missing character: There is no d in font nullfont!
Missing character: There is no i in font nullfont!
Missing character: There is no n in font nullfont!
Missing character: There is no t in font nullfont!
Missing character: There is no o in font nullfont!
Missing character: There is no t in font nullfont!
Missing character: There is no h in font nullfont!
Missing character: There is no e in font nullfont!
Missing character: There is no o in font nullfont!
Missing character: There is no f in font nullfont!
Missing character: There is no t in font nullfont!
Missing character: There is no h in font nullfont!
Missing character: There is no e in font nullfont!
Missing character: There is no s in font nullfont!
Missing character: There is no t in font nullfont!
Missing character: There is no a in font nullfont!
Missing character: There is no t in font nullfont!
Missing character: There is no e in font nullfont!
Missing character: There is no , in font nullfont!
Missing character: There is no d in font nullfont!
Missing character: There is no e in font nullfont!
Missing character: There is no f in font nullfont!
Missing character: There is no i in font nullfont!
Missing character: There is no n in font nullfont!
Missing character: There is no e in font nullfont!
Missing character: There is no d in font nullfont!
Missing character: There is no a in font nullfont!
Missing character: There is no s in font nullfont!
Missing character: There is no t in font nullfont!
Missing character: There is no h in font nullfont!
Missing character: There is no e in font nullfont!
Missing character: There is no e in font nullfont!
Missing character: There is no i in font nullfont!
Missing character: There is no g in font nullfont!
Missing character: There is no e in font nullfont!
Missing character: There is no n in font nullfont!
Missing character: There is no v in font nullfont!
Missing character: There is no a in font nullfont!
Missing character: There is no l in font nullfont!
Missing character: There is no u in font nullfont!
Missing character: There is no e in font nullfont!
Missing character: There is no s in font nullfont!
Missing character: There is no o in font nullfont!
Missing character: There is no f in font nullfont!
Missing character: There is no t in font nullfont!
Missing character: There is no h in font nullfont!
Missing character: There is no e in font nullfont!
Missing character: There is no r in font nullfont!
Missing character: There is no e in font nullfont!
Missing character: There is no d in font nullfont!
Missing character: There is no u in font nullfont!
Missing character: There is no c in font nullfont!
Missing character: There is no e in font nullfont!
Missing character: There is no d in font nullfont!
Missing character: There is no d in font nullfont!
Missing character: There is no e in font nullfont!
Missing character: There is no n in font nullfont!
Missing character: There is no s in font nullfont!
Missing character: There is no i in font nullfont!
Missing character: There is no t in font nullfont!
Missing character: There is no y in font nullfont!
Missing character: There is no m in font nullfont!
Missing character: There is no a in font nullfont!
Missing character: There is no t in font nullfont!
Missing character: There is no r in font nullfont!
Missing character: There is no i in font nullfont!
Missing character: There is no x in font nullfont!
Missing character: There is no . in font nullfont!
Missing character: There is no F in font nullfont!
Missing character: There is no o in font nullfont!
Missing character: There is no r in font nullfont!
Missing character: There is no m in font nullfont!
Missing character: There is no a in font nullfont!
Missing character: There is no n in font nullfont!
Missing character: There is no y in font nullfont!
Missing character: There is no c in font nullfont!
Missing character: There is no a in font nullfont!
Missing character: There is no s in font nullfont!
Missing character: There is no e in font nullfont!
Missing character: There is no s in font nullfont!
Missing character: There is no o in font nullfont!
Missing character: There is no f in font nullfont!
Missing character: There is no i in font nullfont!
Missing character: There is no n in font nullfont!
Missing character: There is no t in font nullfont!
Missing character: There is no e in font nullfont!
Missing character: There is no r in font nullfont!
Missing character: There is no e in font nullfont!
Missing character: There is no s in font nullfont!
Missing character: There is no t in font nullfont!
Missing character: There is no , in font nullfont!
Missing character: There is no t in font nullfont!
Missing character: There is no h in font nullfont!
Missing character: There is no e in font nullfont!
Missing character: There is no r in font nullfont!
Missing character: There is no a in font nullfont!
Missing character: There is no p in font nullfont!
Missing character: There is no i in font nullfont!
Missing character: There is no d in font nullfont!
Missing character: There is no d in font nullfont!
Missing character: There is no e in font nullfont!
Missing character: There is no c in font nullfont!
Missing character: There is no a in font nullfont!
Missing character: There is no y in font nullfont!
Missing character: There is no o in font nullfont!
Missing character: There is no f in font nullfont!
Missing character: There is no t in font nullfont!
Missing character: There is no h in font nullfont!
Missing character: There is no e in font nullfont!
Missing character: There is no e in font nullfont!
Missing character: There is no n in font nullfont!
Missing character: There is no t in font nullfont!
Missing character: There is no a in font nullfont!
Missing character: There is no n in font nullfont!
Missing character: There is no g in font nullfont!
Missing character: There is no l in font nullfont!
Missing character: There is no e in font nullfont!
Missing character: There is no m in font nullfont!
Missing character: There is no e in font nullfont!
Missing character: There is no n in font nullfont!
Missing character: There is no t in font nullfont!
Missing character: There is no s in font nullfont!
Missing character: There is no p in font nullfont!
Missing character: There is no e in font nullfont!
Missing character: There is no c in font nullfont!
Missing character: There is no t in font nullfont!
Missing character: There is no r in font nullfont!
Missing character: There is no u in font nullfont!
Missing character: There is no m in font nullfont!
Missing character: There is no i in font nullfont!
Missing character: There is no s in font nullfont!
Missing character: There is no p in font nullfont!
Missing character: There is no r in font nullfont!
Missing character: There is no e in font nullfont!
Missing character: There is no c in font nullfont!
Missing character: There is no i in font nullfont!
Missing character: There is no s in font nullfont!
Missing character: There is no e in font nullfont!
Missing character: There is no l in font nullfont!
Missing character: There is no y in font nullfont!
Missing character: There is no w in font nullfont!
Missing character: There is no h in font nullfont!
Missing character: There is no a in font nullfont!
Missing character: There is no t in font nullfont!
Missing character: There is no p in font nullfont!
Missing character: There is no e in font nullfont!
Missing character: There is no r in font nullfont!
Missing character: There is no m in font nullfont!
Missing character: There is no i in font nullfont!
Missing character: There is no t in font nullfont!
Missing character: There is no s in font nullfont!
Missing character: There is no a in font nullfont!
Missing character: There is no n in font nullfont!
Missing character: There is no e in font nullfont!
Missing character: There is no f in font nullfont!
Missing character: There is no f in font nullfont!
Missing character: There is no i in font nullfont!
Missing character: There is no c in font nullfont!
Missing character: There is no i in font nullfont!
Missing character: There is no e in font nullfont!
Missing character: There is no n in font nullfont!
Missing character: There is no t in font nullfont!
Missing character: There is no p in font nullfont!
Missing character: There is no a in font nullfont!
Missing character: There is no r in font nullfont!
Missing character: There is no a in font nullfont!
Missing character: There is no m in font nullfont!
Missing character: There is no e in font nullfont!
Missing character: There is no t in font nullfont!
Missing character: There is no r in font nullfont!
Missing character: There is no i in font nullfont!
Missing character: There is no s in font nullfont!
Missing character: There is no a in font nullfont!
Missing character: There is no t in font nullfont!
Missing character: There is no i in font nullfont!
Missing character: There is no o in font nullfont!
Missing character: There is no n in font nullfont!
Missing character: There is no o in font nullfont!
Missing character: There is no f in font nullfont!
Missing character: There is no t in font nullfont!
Missing character: There is no h in font nullfont!
Missing character: There is no e in font nullfont!
Missing character: There is no s in font nullfont!
Missing character: There is no t in font nullfont!
Missing character: There is no a in font nullfont!
Missing character: There is no t in font nullfont!
Missing character: There is no e in font nullfont!
! Undefined control sequence.
l.38 ...} parametrisation of the state $| \Psi \ra
                                                  $ --- as they form the tec...
The control sequence at the end of the top line
of your error message was never \def'ed. If you have
misspelled it (e.g., `\hobx'), type `I' and the correct
spelling (e.g., `I\hbox'). Otherwise just continue,
and I'll forget about whatever was undefined.

Missing character: There is no - in font nullfont!
Missing character: There is no - in font nullfont!
Missing character: There is no - in font nullfont!
Missing character: There is no a in font nullfont!
Missing character: There is no s in font nullfont!
Missing character: There is no t in font nullfont!
Missing character: There is no h in font nullfont!
Missing character: There is no e in font nullfont!
Missing character: There is no y in font nullfont!
Missing character: There is no f in font nullfont!
Missing character: There is no o in font nullfont!
Missing character: There is no r in font nullfont!
Missing character: There is no m in font nullfont!
Missing character: There is no t in font nullfont!
Missing character: There is no h in font nullfont!
Missing character: There is no e in font nullfont!
Missing character: There is no t in font nullfont!
Missing character: There is no e in font nullfont!
Missing character: There is no c in font nullfont!
Missing character: There is no h in font nullfont!
Missing character: There is no n in font nullfont!
Missing character: There is no i in font nullfont!
Missing character: There is no c in font nullfont!
Missing character: There is no a in font nullfont!
Missing character: There is no l in font nullfont!
Missing character: There is no b in font nullfont!
Missing character: There is no e in font nullfont!
Missing character: There is no d in font nullfont!
Missing character: There is no r in font nullfont!
Missing character: There is no o in font nullfont!
Missing character: There is no c in font nullfont!
Missing character: There is no k in font nullfont!
Missing character: There is no o in font nullfont!
Missing character: There is no f in font nullfont!
Missing character: There is no t in font nullfont!
Missing character: There is no h in font nullfont!
Missing character: There is no i in font nullfont!
Missing character: There is no s in font nullfont!
Missing character: There is no t in font nullfont!
Missing character: There is no h in font nullfont!
Missing character: There is no e in font nullfont!
Missing character: There is no s in font nullfont!
Missing character: There is no i in font nullfont!
Missing character: There is no s in font nullfont!
Missing character: There is no , in font nullfont!
! Undefined control sequence.
l.38 ...he technical bedrock of this thesis, \cref
                                                  {ch:TN} is devoted to intr...
The control sequence at the end of the top line
of your error message was never \def'ed. If you have
misspelled it (e.g., `\hobx'), type `I' and the correct
spelling (e.g., `I\hbox'). Otherwise just continue,
and I'll forget about whatever was undefined.

Missing character: There is no c in font nullfont!
Missing character: There is no h in font nullfont!
Missing character: There is no : in font nullfont!
Missing character: There is no T in font nullfont!
Missing character: There is no N in font nullfont!
Missing character: There is no i in font nullfont!
Missing character: There is no s in font nullfont!
Missing character: There is no d in font nullfont!
Missing character: There is no e in font nullfont!
Missing character: There is no v in font nullfont!
Missing character: There is no o in font nullfont!
Missing character: There is no t in font nullfont!
Missing character: There is no e in font nullfont!
Missing character: There is no d in font nullfont!
Missing character: There is no t in font nullfont!
Missing character: There is no o in font nullfont!
Missing character: There is no i in font nullfont!
Missing character: There is no n in font nullfont!
Missing character: There is no t in font nullfont!
Missing character: There is no r in font nullfont!
Missing character: There is no o in font nullfont!
Missing character: There is no d in font nullfont!
Missing character: There is no u in font nullfont!
Missing character: There is no c in font nullfont!
Missing character: There is no e in font nullfont!
Missing character: There is no t in font nullfont!
Missing character: There is no h in font nullfont!
Missing character: There is no e in font nullfont!
Missing character: There is no m in font nullfont!
Missing character: There is no . in font nullfont!

Overfull \hbox (13.7999pt too wide) in paragraph at lines 37--39
              \OT1/cmr/m/it/10 en-
 []


Overfull \hbox (17.63321pt too wide) in paragraph at lines 37--39
\OT1/cmr/m/it/10 tan-
 []


Overfull \hbox (15.3332pt too wide) in paragraph at lines 37--39
\OT1/cmr/m/it/10 gle-
 []


Overfull \hbox (21.72208pt too wide) in paragraph at lines 37--39
\OT1/cmr/m/it/10 ment
 []


Overfull \hbox (20.95537pt too wide) in paragraph at lines 37--39
\OT1/cmr/m/it/10 spec-
 []


Overfull \hbox (21.08319pt too wide) in paragraph at lines 37--39
\OT1/cmr/m/it/10 trum
 []


Overfull \hbox (24.52786pt too wide) in paragraph at lines 37--39
\OMS/cmsy/m/n/10 f\OML/cmm/m/it/10 s[]\OMS/cmsy/m/n/10 g[]$
 []


Overfull \hbox (11.68407pt too wide) in paragraph at lines 37--39
\OML/cmm/m/it/10 ^^Z[]$
 []


Overfull \hbox (17.12209pt too wide) in paragraph at lines 37--39
\OT1/cmr/m/it/10 ten-
 []


Overfull \hbox (13.41658pt too wide) in paragraph at lines 37--39
\OT1/cmr/m/it/10 sor
 []


Overfull \hbox (17.12209pt too wide) in paragraph at lines 37--39
\OT1/cmr/m/it/10 net-
 []


Overfull \hbox (20.57208pt too wide) in paragraph at lines 37--39
\OT1/cmr/m/it/10 work
 []


Overfull \hbox (10.55559pt too wide) in paragraph at lines 37--39
\OMS/cmsy/m/n/10 j\/cmr/m/n/10 	$
 []

! Undefined control sequence.
l.40 \Bram
          {this feels out of place}Two of the central results in entanglemen...
The control sequence at the end of the top line
of your error message was never \def'ed. If you have
misspelled it (e.g., `\hobx'), type `I' and the correct
spelling (e.g., `I\hbox'). Otherwise just continue,
and I'll forget about whatever was undefined.


! LaTeX Error: Missing \begin{document}.

See the LaTeX manual or LaTeX Companion for explanation.
Type  H <return>  for immediate help.
 ...                                              
                                                  
l.40 \Bram{t
            his feels out of place}Two of the central results in entanglemen...

You're in trouble here.  Try typing  <return>  to proceed.
If that doesn't work, type  X <return>  to quit.

Missing character: There is no t in font nullfont!
Missing character: There is no h in font nullfont!
Missing character: There is no i in font nullfont!
Missing character: There is no s in font nullfont!
Missing character: There is no f in font nullfont!
Missing character: There is no e in font nullfont!
Missing character: There is no e in font nullfont!
Missing character: There is no l in font nullfont!
Missing character: There is no s in font nullfont!
Missing character: There is no o in font nullfont!
Missing character: There is no u in font nullfont!
Missing character: There is no t in font nullfont!
Missing character: There is no o in font nullfont!
Missing character: There is no f in font nullfont!
Missing character: There is no p in font nullfont!
Missing character: There is no l in font nullfont!
Missing character: There is no a in font nullfont!
Missing character: There is no c in font nullfont!
Missing character: There is no e in font nullfont!
Missing character: There is no T in font nullfont!
Missing character: There is no w in font nullfont!
Missing character: There is no o in font nullfont!
Missing character: There is no o in font nullfont!
Missing character: There is no f in font nullfont!
Missing character: There is no t in font nullfont!
Missing character: There is no h in font nullfont!
Missing character: There is no e in font nullfont!
Missing character: There is no c in font nullfont!
Missing character: There is no e in font nullfont!
Missing character: There is no n in font nullfont!
Missing character: There is no t in font nullfont!
Missing character: There is no r in font nullfont!
Missing character: There is no a in font nullfont!
Missing character: There is no l in font nullfont!
Missing character: There is no r in font nullfont!
Missing character: There is no e in font nullfont!
Missing character: There is no s in font nullfont!
Missing character: There is no u in font nullfont!
Missing character: There is no l in font nullfont!
Missing character: There is no t in font nullfont!
Missing character: There is no s in font nullfont!
Missing character: There is no i in font nullfont!
Missing character: There is no n in font nullfont!
Missing character: There is no e in font nullfont!
Missing character: There is no n in font nullfont!
Missing character: There is no t in font nullfont!
Missing character: There is no a in font nullfont!
Missing character: There is no n in font nullfont!
Missing character: There is no g in font nullfont!
Missing character: There is no l in font nullfont!
Missing character: There is no e in font nullfont!
Missing character: There is no m in font nullfont!
Missing character: There is no e in font nullfont!
Missing character: There is no n in font nullfont!
Missing character: There is no t in font nullfont!
Missing character: There is no t in font nullfont!
Missing character: There is no h in font nullfont!
Missing character: There is no e in font nullfont!
Missing character: There is no o in font nullfont!
Missing character: There is no r in font nullfont!
Missing character: There is no y in font nullfont!
Missing character: There is no s in font nullfont!
Missing character: There is no t in font nullfont!
Missing character: There is no a in font nullfont!
Missing character: There is no t in font nullfont!
Missing character: There is no e in font nullfont!
Missing character: There is no t in font nullfont!
Missing character: There is no h in font nullfont!
Missing character: There is no a in font nullfont!
Missing character: There is no t in font nullfont!
Missing character: There is no a in font nullfont!
Missing character: There is no n in font nullfont!
Missing character: There is no y in font nullfont!
Missing character: There is no p in font nullfont!
Missing character: There is no a in font nullfont!
Missing character: There is no i in font nullfont!
Missing character: There is no r in font nullfont!
Missing character: There is no o in font nullfont!
Missing character: There is no f in font nullfont!
Missing character: There is no b in font nullfont!
Missing character: There is no i in font nullfont!
Missing character: There is no p in font nullfont!
Missing character: There is no a in font nullfont!
Missing character: There is no r in font nullfont!
Missing character: There is no t in font nullfont!
Missing character: There is no i in font nullfont!
Missing character: There is no t in font nullfont!
Missing character: There is no e in font nullfont!
Missing character: There is no s in font nullfont!
Missing character: There is no t in font nullfont!
Missing character: There is no a in font nullfont!
Missing character: There is no t in font nullfont!
Missing character: There is no e in font nullfont!
Missing character: There is no s in font nullfont!
Missing character: There is no w in font nullfont!
Missing character: There is no h in font nullfont!
Missing character: There is no i in font nullfont!
Missing character: There is no c in font nullfont!
Missing character: There is no h in font nullfont!
Missing character: There is no h in font nullfont!
Missing character: There is no a in font nullfont!
Missing character: There is no v in font nullfont!
Missing character: There is no e in font nullfont!
Missing character: There is no t in font nullfont!
Missing character: There is no h in font nullfont!
Missing character: There is no e in font nullfont!
Missing character: There is no s in font nullfont!
Missing character: There is no a in font nullfont!
Missing character: There is no m in font nullfont!
Missing character: There is no e in font nullfont!
Missing character: There is no a in font nullfont!
Missing character: There is no m in font nullfont!
Missing character: There is no o in font nullfont!
Missing character: There is no u in font nullfont!
Missing character: There is no n in font nullfont!
Missing character: There is no t in font nullfont!
Missing character: There is no o in font nullfont!
Missing character: There is no f in font nullfont!
Missing character: There is no e in font nullfont!
Missing character: There is no n in font nullfont!
Missing character: There is no t in font nullfont!
Missing character: There is no a in font nullfont!
Missing character: There is no n in font nullfont!
Missing character: There is no g in font nullfont!
Missing character: There is no l in font nullfont!
Missing character: There is no e in font nullfont!
Missing character: There is no m in font nullfont!
Missing character: There is no e in font nullfont!
Missing character: There is no n in font nullfont!
Missing character: There is no t in font nullfont!
Missing character: There is no , in font nullfont!
Missing character: There is no a in font nullfont!
Missing character: There is no s in font nullfont!
Missing character: There is no m in font nullfont!
Missing character: There is no e in font nullfont!
Missing character: There is no a in font nullfont!
Missing character: There is no s in font nullfont!
Missing character: There is no u in font nullfont!
Missing character: There is no r in font nullfont!
Missing character: There is no e in font nullfont!
Missing character: There is no d in font nullfont!
Missing character: There is no b in font nullfont!
Missing character: There is no y in font nullfont!
Missing character: There is no t in font nullfont!
Missing character: There is no h in font nullfont!
Missing character: There is no e in font nullfont!
Missing character: There is no e in font nullfont!
Missing character: There is no n in font nullfont!
Missing character: There is no t in font nullfont!
Missing character: There is no a in font nullfont!
Missing character: There is no n in font nullfont!
Missing character: There is no g in font nullfont!
Missing character: There is no l in font nullfont!
Missing character: There is no e in font nullfont!
Missing character: There is no m in font nullfont!
Missing character: There is no e in font nullfont!
Missing character: There is no n in font nullfont!
Missing character: There is no t in font nullfont!
Missing character: There is no e in font nullfont!
Missing character: There is no n in font nullfont!
Missing character: There is no t in font nullfont!
Missing character: There is no r in font nullfont!
Missing character: There is no o in font nullfont!
Missing character: There is no p in font nullfont!
Missing character: There is no y in font nullfont!
Missing character: There is no , in font nullfont!
Missing character: There is no c in font nullfont!
Missing character: There is no a in font nullfont!
Missing character: There is no n in font nullfont!
Missing character: There is no b in font nullfont!
Missing character: There is no e in font nullfont!
Missing character: There is no c in font nullfont!
Missing character: There is no o in font nullfont!
Missing character: There is no n in font nullfont!
Missing character: There is no v in font nullfont!
Missing character: There is no e in font nullfont!
Missing character: There is no r in font nullfont!
Missing character: There is no t in font nullfont!
Missing character: There is no e in font nullfont!
Missing character: There is no d in font nullfont!
Missing character: There is no i in font nullfont!
Missing character: There is no n in font nullfont!
Missing character: There is no t in font nullfont!
Missing character: There is no o in font nullfont!
Missing character: There is no e in font nullfont!
Missing character: There is no a in font nullfont!
Missing character: There is no c in font nullfont!
Missing character: There is no h in font nullfont!
Missing character: There is no o in font nullfont!
Missing character: There is no t in font nullfont!
Missing character: There is no h in font nullfont!
Missing character: There is no e in font nullfont!
Missing character: There is no r in font nullfont!
Missing character: There is no b in font nullfont!
Missing character: There is no y in font nullfont!
Missing character: There is no m in font nullfont!
Missing character: There is no e in font nullfont!
Missing character: There is no a in font nullfont!
Missing character: There is no n in font nullfont!
Missing character: There is no s in font nullfont!
Missing character: There is no o in font nullfont!
Missing character: There is no f in font nullfont!
Missing character: There is no o in font nullfont!
Missing character: There is no n in font nullfont!
Missing character: There is no l in font nullfont!
Missing character: There is no y in font nullfont!
Missing character: There is no l in font nullfont!
Missing character: There is no o in font nullfont!
Missing character: There is no c in font nullfont!
Missing character: There is no a in font nullfont!
Missing character: There is no l in font nullfont!
Missing character: There is no o in font nullfont!
Missing character: There is no p in font nullfont!
Missing character: There is no e in font nullfont!
Missing character: There is no r in font nullfont!
Missing character: There is no a in font nullfont!
Missing character: There is no t in font nullfont!
Missing character: There is no i in font nullfont!
Missing character: There is no o in font nullfont!
Missing character: There is no n in font nullfont!
Missing character: There is no s in font nullfont!
Missing character: There is no o in font nullfont!
Missing character: There is no n in font nullfont!
Missing character: There is no e in font nullfont!
Missing character: There is no i in font nullfont!
Missing character: There is no t in font nullfont!
Missing character: There is no h in font nullfont!
Missing character: There is no e in font nullfont!
Missing character: There is no r in font nullfont!
Missing character: There is no s in font nullfont!
Missing character: There is no u in font nullfont!
Missing character: There is no b in font nullfont!
Missing character: There is no s in font nullfont!
Missing character: There is no y in font nullfont!
Missing character: There is no s in font nullfont!
Missing character: There is no t in font nullfont!
Missing character: There is no e in font nullfont!
Missing character: There is no m in font nullfont!
Missing character: There is no , in font nullfont!
Missing character: There is no s in font nullfont!
Missing character: There is no u in font nullfont!
Missing character: There is no p in font nullfont!
Missing character: There is no p in font nullfont!
Missing character: There is no l in font nullfont!
Missing character: There is no e in font nullfont!
Missing character: There is no m in font nullfont!
Missing character: There is no e in font nullfont!
Missing character: There is no n in font nullfont!
Missing character: There is no t in font nullfont!
Missing character: There is no e in font nullfont!
Missing character: There is no d in font nullfont!
Missing character: There is no w in font nullfont!
Missing character: There is no i in font nullfont!
Missing character: There is no t in font nullfont!
Missing character: There is no h in font nullfont!
Missing character: There is no c in font nullfont!
Missing character: There is no l in font nullfont!
Missing character: There is no a in font nullfont!
Missing character: There is no s in font nullfont!
Missing character: There is no s in font nullfont!
Missing character: There is no i in font nullfont!
Missing character: There is no c in font nullfont!
Missing character: There is no a in font nullfont!
Missing character: There is no l in font nullfont!
Missing character: There is no c in font nullfont!
Missing character: There is no o in font nullfont!
Missing character: There is no m in font nullfont!
Missing character: There is no m in font nullfont!
Missing character: There is no u in font nullfont!
Missing character: There is no n in font nullfont!
Missing character: There is no i in font nullfont!
Missing character: There is no c in font nullfont!
Missing character: There is no a in font nullfont!
Missing character: There is no t in font nullfont!
Missing character: There is no i in font nullfont!
Missing character: There is no o in font nullfont!
Missing character: There is no n in font nullfont!
Missing character: There is no ; in font nullfont!
Missing character: There is no m in font nullfont!
Missing character: There is no o in font nullfont!
Missing character: There is no r in font nullfont!
Missing character: There is no e in font nullfont!
Missing character: There is no o in font nullfont!
Missing character: There is no v in font nullfont!
Missing character: There is no e in font nullfont!
Missing character: There is no r in font nullfont!
Missing character: There is no a in font nullfont!
Missing character: There is no n in font nullfont!
Missing character: There is no y in font nullfont!
Missing character: There is no ( in font nullfont!
Missing character: There is no p in font nullfont!
Missing character: There is no a in font nullfont!
Missing character: There is no r in font nullfont!
Missing character: There is no t in font nullfont!
Missing character: There is no i in font nullfont!
Missing character: There is no a in font nullfont!
Missing character: There is no l in font nullfont!
Missing character: There is no l in font nullfont!
Missing character: There is no y in font nullfont!
Missing character: There is no ) in font nullfont!
Missing character: There is no e in font nullfont!
Missing character: There is no n in font nullfont!
Missing character: There is no t in font nullfont!
Missing character: There is no a in font nullfont!
Missing character: There is no n in font nullfont!
Missing character: There is no g in font nullfont!
Missing character: There is no l in font nullfont!
Missing character: There is no e in font nullfont!
Missing character: There is no d in font nullfont!
Missing character: There is no b in font nullfont!
Missing character: There is no i in font nullfont!
Missing character: There is no p in font nullfont!
Missing character: There is no a in font nullfont!
Missing character: There is no r in font nullfont!
Missing character: There is no t in font nullfont!
Missing character: There is no i in font nullfont!
Missing character: There is no t in font nullfont!
Missing character: There is no e in font nullfont!
Missing character: There is no s in font nullfont!
Missing character: There is no t in font nullfont!
Missing character: There is no a in font nullfont!
Missing character: There is no t in font nullfont!
Missing character: There is no e in font nullfont!
Missing character: There is no c in font nullfont!
Missing character: There is no a in font nullfont!
Missing character: There is no n in font nullfont!
Missing character: There is no b in font nullfont!
Missing character: There is no e in font nullfont!
Missing character: There is no c in font nullfont!
Missing character: There is no r in font nullfont!
Missing character: There is no e in font nullfont!
Missing character: There is no a in font nullfont!
Missing character: There is no t in font nullfont!
Missing character: There is no e in font nullfont!
Missing character: There is no d in font nullfont!
Missing character: There is no f in font nullfont!
Missing character: There is no r in font nullfont!
Missing character: There is no o in font nullfont!
Missing character: There is no m in font nullfont!
Missing character: There is no a in font nullfont!
Missing character: There is no m in font nullfont!
Missing character: There is no a in font nullfont!
Missing character: There is no x in font nullfont!
Missing character: There is no i in font nullfont!
Missing character: There is no m in font nullfont!
Missing character: There is no a in font nullfont!
Missing character: There is no l in font nullfont!
Missing character: There is no l in font nullfont!
Missing character: There is no y in font nullfont!
Missing character: There is no e in font nullfont!
Missing character: There is no n in font nullfont!
Missing character: There is no t in font nullfont!
Missing character: There is no a in font nullfont!
Missing character: There is no n in font nullfont!
Missing character: There is no g in font nullfont!
Missing character: There is no l in font nullfont!
Missing character: There is no e in font nullfont!
Missing character: There is no d in font nullfont!
Missing character: There is no r in font nullfont!
Missing character: There is no e in font nullfont!
Missing character: There is no s in font nullfont!
Missing character: There is no o in font nullfont!
Missing character: There is no u in font nullfont!
Missing character: There is no r in font nullfont!
Missing character: There is no c in font nullfont!
Missing character: There is no e in font nullfont!
Missing character: There is no s in font nullfont!
Missing character: There is no t in font nullfont!
Missing character: There is no a in font nullfont!
Missing character: There is no t in font nullfont!
Missing character: There is no e in font nullfont!
Missing character: There is no s in font nullfont!
Missing character: There is no u in font nullfont!
Missing character: There is no c in font nullfont!
Missing character: There is no h in font nullfont!
Missing character: There is no a in font nullfont!
Missing character: There is no s in font nullfont!
Missing character: There is no a in font nullfont!
Missing character: There is no s in font nullfont!
Missing character: There is no p in font nullfont!
Missing character: There is no i in font nullfont!
Missing character: There is no n in font nullfont!
Missing character: There is no s in font nullfont!
Missing character: There is no i in font nullfont!
Missing character: There is no n in font nullfont!
Missing character: There is no g in font nullfont!
Missing character: There is no l in font nullfont!
Missing character: There is no e in font nullfont!
Missing character: There is no t in font nullfont!
Missing character: There is no [ in font nullfont!
\citation{Bennett1995}
! Undefined control sequence.
<write> ...: Citation `\@citeb ' on page \thepage 
                                                  \space undefined\on@line .
l.40 ... such as a spin singlet~\cite{Bennett1995}
                                                  .
The control sequence at the end of the top line
of your error message was never \def'ed. If you have
misspelled it (e.g., `\hobx'), type `I' and the correct
spelling (e.g., `I\hbox'). Otherwise just continue,
and I'll forget about whatever was undefined.


LaTeX Warning: Citation `Bennett1995' on page  undefined on input line 40.

Missing character: There is no ] in font nullfont!
Missing character: There is no . in font nullfont!

Overfull \hbox (20.0pt too wide) in paragraph at lines 40--41
[]
 []


Overfull \hbox (5.43053pt too wide) in paragraph at lines 40--41
[] 
 []


! LaTeX Error: Missing \begin{document}.

See the LaTeX manual or LaTeX Companion for explanation.
Type  H <return>  for immediate help.
 ...                                              
                                                  
l.42 F
      rom the expression \cref{eq:ReducedRho} we can also conclude that $\rh...

You're in trouble here.  Try typing  <return>  to proceed.
If that doesn't work, type  X <return>  to quit.

Missing character: There is no F in font nullfont!
Missing character: There is no r in font nullfont!
Missing character: There is no o in font nullfont!
Missing character: There is no m in font nullfont!
Missing character: There is no t in font nullfont!
Missing character: There is no h in font nullfont!
Missing character: There is no e in font nullfont!
Missing character: There is no e in font nullfont!
Missing character: There is no x in font nullfont!
Missing character: There is no p in font nullfont!
Missing character: There is no r in font nullfont!
Missing character: There is no e in font nullfont!
Missing character: There is no s in font nullfont!
Missing character: There is no s in font nullfont!
Missing character: There is no i in font nullfont!
Missing character: There is no o in font nullfont!
Missing character: There is no n in font nullfont!
! Undefined control sequence.
l.42 From the expression \cref
                              {eq:ReducedRho} we can also conclude that $\rh...
The control sequence at the end of the top line
of your error message was never \def'ed. If you have
misspelled it (e.g., `\hobx'), type `I' and the correct
spelling (e.g., `I\hbox'). Otherwise just continue,
and I'll forget about whatever was undefined.

Missing character: There is no e in font nullfont!
Missing character: There is no q in font nullfont!
Missing character: There is no : in font nullfont!
Missing character: There is no R in font nullfont!
Missing character: There is no e in font nullfont!
Missing character: There is no d in font nullfont!
Missing character: There is no u in font nullfont!
Missing character: There is no c in font nullfont!
Missing character: There is no e in font nullfont!
Missing character: There is no d in font nullfont!
Missing character: There is no R in font nullfont!
Missing character: There is no h in font nullfont!
Missing character: There is no o in font nullfont!
Missing character: There is no w in font nullfont!
Missing character: There is no e in font nullfont!
Missing character: There is no c in font nullfont!
Missing character: There is no a in font nullfont!
Missing character: There is no n in font nullfont!
Missing character: There is no a in font nullfont!
Missing character: There is no l in font nullfont!
Missing character: There is no s in font nullfont!
Missing character: There is no o in font nullfont!
Missing character: There is no c in font nullfont!
Missing character: There is no o in font nullfont!
Missing character: There is no n in font nullfont!
Missing character: There is no c in font nullfont!
Missing character: There is no l in font nullfont!
Missing character: There is no u in font nullfont!
Missing character: There is no d in font nullfont!
Missing character: There is no e in font nullfont!
Missing character: There is no t in font nullfont!
Missing character: There is no h in font nullfont!
Missing character: There is no a in font nullfont!
Missing character: There is no t in font nullfont!
Missing character: There is no o in font nullfont!
Missing character: There is no n in font nullfont!
Missing character: There is no l in font nullfont!
Missing character: There is no y in font nullfont!
Missing character: There is no d in font nullfont!
Missing character: There is no e in font nullfont!
Missing character: There is no s in font nullfont!
Missing character: There is no c in font nullfont!
Missing character: There is no r in font nullfont!
Missing character: There is no i in font nullfont!
Missing character: There is no b in font nullfont!
Missing character: There is no e in font nullfont!
Missing character: There is no s in font nullfont!
Missing character: There is no a in font nullfont!
Missing character: There is no p in font nullfont!
Missing character: There is no u in font nullfont!
Missing character: There is no r in font nullfont!
Missing character: There is no e in font nullfont!
Missing character: There is no s in font nullfont!
Missing character: There is no t in font nullfont!
Missing character: There is no a in font nullfont!
Missing character: There is no t in font nullfont!
Missing character: There is no e in font nullfont!
Missing character: There is no , in font nullfont!
Missing character: There is no i in font nullfont!
Missing character: There is no . in font nullfont!
Missing character: There is no e in font nullfont!
Missing character: There is no . in font nullfont!
! Undefined control sequence.
<recently read> \rank 
                      
l.42 ...$ only describes a pure state, i.e. $\rank
                                                  (\rho_A)=1$, when $| \Psi ...
The control sequence at the end of the top line
of your error message was never \def'ed. If you have
misspelled it (e.g., `\hobx'), type `I' and the correct
spelling (e.g., `I\hbox'). Otherwise just continue,
and I'll forget about whatever was undefined.

Missing character: There is no , in font nullfont!
Missing character: There is no w in font nullfont!
Missing character: There is no h in font nullfont!
Missing character: There is no e in font nullfont!
Missing character: There is no n in font nullfont!
! Undefined control sequence.
l.42 ..., i.e. $\rank(\rho_A)=1$, when $| \Psi \ra
                                                  $ is a product state. This...
The control sequence at the end of the top line
of your error message was never \def'ed. If you have
misspelled it (e.g., `\hobx'), type `I' and the correct
spelling (e.g., `I\hbox'). Otherwise just continue,
and I'll forget about whatever was undefined.

Missing character: There is no i in font nullfont!
Missing character: There is no s in font nullfont!
Missing character: There is no a in font nullfont!
Missing character: There is no p in font nullfont!
Missing character: There is no r in font nullfont!
Missing character: There is no o in font nullfont!
Missing character: There is no d in font nullfont!
Missing character: There is no u in font nullfont!
Missing character: There is no c in font nullfont!
Missing character: There is no t in font nullfont!
Missing character: There is no s in font nullfont!
Missing character: There is no t in font nullfont!
Missing character: There is no a in font nullfont!
Missing character: There is no t in font nullfont!
Missing character: There is no e in font nullfont!
Missing character: There is no . in font nullfont!
Missing character: There is no T in font nullfont!
Missing character: There is no h in font nullfont!
Missing character: There is no i in font nullfont!
Missing character: There is no s in font nullfont!
Missing character: There is no m in font nullfont!
Missing character: There is no a in font nullfont!
Missing character: There is no r in font nullfont!
Missing character: There is no v in font nullfont!
Missing character: There is no e in font nullfont!
Missing character: There is no l in font nullfont!
Missing character: There is no o in font nullfont!
Missing character: There is no u in font nullfont!
Missing character: There is no s in font nullfont!
Missing character: There is no l in font nullfont!
Missing character: There is no y in font nullfont!
Missing character: There is no e in font nullfont!
Missing character: There is no p in font nullfont!
Missing character: There is no i in font nullfont!
Missing character: There is no t in font nullfont!
Missing character: There is no o in font nullfont!
Missing character: There is no m in font nullfont!
Missing character: There is no i in font nullfont!
Missing character: There is no s in font nullfont!
Missing character: There is no e in font nullfont!
Missing character: There is no s in font nullfont!
Missing character: There is no t in font nullfont!
Missing character: There is no h in font nullfont!
Missing character: There is no e in font nullfont!
Missing character: There is no s in font nullfont!
Missing character: There is no t in font nullfont!
Missing character: There is no a in font nullfont!
Missing character: There is no t in font nullfont!
Missing character: There is no e in font nullfont!
Missing character: There is no m in font nullfont!
Missing character: There is no e in font nullfont!
Missing character: There is no n in font nullfont!
Missing character: There is no t in font nullfont!
Missing character: There is no t in font nullfont!
Missing character: There is no h in font nullfont!
Missing character: There is no a in font nullfont!
Missing character: There is no t in font nullfont!
Missing character: There is no . in font nullfont!
! Undefined control sequence.
l.42 ...y maximal knowledge about its parts}.\Bram
                                                  {Source?}
The control sequence at the end of the top line
of your error message was never \def'ed. If you have
misspelled it (e.g., `\hobx'), type `I' and the correct
spelling (e.g., `I\hbox'). Otherwise just continue,
and I'll forget about whatever was undefined.

Missing character: There is no S in font nullfont!
Missing character: There is no o in font nullfont!
Missing character: There is no u in font nullfont!
Missing character: There is no r in font nullfont!
Missing character: There is no c in font nullfont!
Missing character: There is no e in font nullfont!
Missing character: There is no ? in font nullfont!

Overfull \hbox (20.0pt too wide) in paragraph at lines 42--43
[]
 []


Overfull \hbox (11.68407pt too wide) in paragraph at lines 42--43
\OML/cmm/m/it/10 ^^Z[]$
 []


Overfull \hbox (30.01738pt too wide) in paragraph at lines 42--43
\/cmr/m/n/10 (\OML/cmm/m/it/10 ^^Z[]\/cmr/m/n/10 ) =
 []


Overfull \hbox (5.00002pt too wide) in paragraph at lines 42--43
\/cmr/m/n/10 1$
 []


Overfull \hbox (10.55559pt too wide) in paragraph at lines 42--43
\OMS/cmsy/m/n/10 j\/cmr/m/n/10 	$
 []


Overfull \hbox (21.50543pt too wide) in paragraph at lines 42--43
\OT1/cmr/m/it/10 max-
 []


Overfull \hbox (6.6444pt too wide) in paragraph at lines 42--43
\OT1/cmr/m/it/10 i-
 []


Overfull \hbox (15.84436pt too wide) in paragraph at lines 42--43
\OT1/cmr/m/it/10 mal
 []


Overfull \hbox (28.62204pt too wide) in paragraph at lines 42--43
\OT1/cmr/m/it/10 knowl-
 []


Overfull \hbox (18.39984pt too wide) in paragraph at lines 42--43
\OT1/cmr/m/it/10 edge
 []


Overfull \hbox (22.99983pt too wide) in paragraph at lines 42--43
\OT1/cmr/m/it/10 about
 []


Overfull \hbox (13.03323pt too wide) in paragraph at lines 42--43
\OT1/cmr/m/it/10 the
 []


Overfull \hbox (24.02208pt too wide) in paragraph at lines 42--43
\OT1/cmr/m/it/10 whole
 []


Overfull \hbox (18.39987pt too wide) in paragraph at lines 42--43
\OT1/cmr/m/it/10 does
 []


Overfull \hbox (14.05547pt too wide) in paragraph at lines 42--43
\OT1/cmr/m/it/10 not
 []


Overfull \hbox (14.82213pt too wide) in paragraph at lines 42--43
\OT1/cmr/m/it/10 im-
 []


Overfull \hbox (12.52214pt too wide) in paragraph at lines 42--43
\OT1/cmr/m/it/10 ply
 []


Overfull \hbox (21.50543pt too wide) in paragraph at lines 42--43
\OT1/cmr/m/it/10 max-
 []


Overfull \hbox (6.6444pt too wide) in paragraph at lines 42--43
\OT1/cmr/m/it/10 i-
 []


Overfull \hbox (15.84436pt too wide) in paragraph at lines 42--43
\OT1/cmr/m/it/10 mal
 []


Overfull \hbox (28.62204pt too wide) in paragraph at lines 42--43
\OT1/cmr/m/it/10 knowl-
 []


Overfull \hbox (18.39984pt too wide) in paragraph at lines 42--43
\OT1/cmr/m/it/10 edge
 []


Overfull \hbox (22.99983pt too wide) in paragraph at lines 42--43
\OT1/cmr/m/it/10 about
 []


Overfull \hbox (10.4777pt too wide) in paragraph at lines 42--43
\OT1/cmr/m/it/10 its
 []


Overfull \hbox (21.33873pt too wide) in paragraph at lines 42--43
\OT1/cmr/m/it/10 parts 
 []


! LaTeX Error: Missing \begin{document}.

See the LaTeX manual or LaTeX Companion for explanation.
Type  H <return>  for immediate help.
 ...                                              
                                                  
l.44 \bigskip\noindent
                       Having defined the notion of entanglement, we can mak...

You're in trouble here.  Try typing  <return>  to proceed.
If that doesn't work, type  X <return>  to quit.

Missing character: There is no H in font nullfont!
Missing character: There is no a in font nullfont!
Missing character: There is no v in font nullfont!
Missing character: There is no i in font nullfont!
Missing character: There is no n in font nullfont!
Missing character: There is no g in font nullfont!
Missing character: There is no d in font nullfont!
Missing character: There is no e in font nullfont!
Missing character: There is no f in font nullfont!
Missing character: There is no i in font nullfont!
Missing character: There is no n in font nullfont!
Missing character: There is no e in font nullfont!
Missing character: There is no d in font nullfont!
Missing character: There is no t in font nullfont!
Missing character: There is no h in font nullfont!
Missing character: There is no e in font nullfont!
Missing character: There is no n in font nullfont!
Missing character: There is no o in font nullfont!
Missing character: There is no t in font nullfont!
Missing character: There is no i in font nullfont!
Missing character: There is no o in font nullfont!
Missing character: There is no n in font nullfont!
Missing character: There is no o in font nullfont!
Missing character: There is no f in font nullfont!
Missing character: There is no e in font nullfont!
Missing character: There is no n in font nullfont!
Missing character: There is no t in font nullfont!
Missing character: There is no a in font nullfont!
Missing character: There is no n in font nullfont!
Missing character: There is no g in font nullfont!
Missing character: There is no l in font nullfont!
Missing character: There is no e in font nullfont!
Missing character: There is no m in font nullfont!
Missing character: There is no e in font nullfont!
Missing character: There is no n in font nullfont!
Missing character: There is no t in font nullfont!
Missing character: There is no , in font nullfont!
Missing character: There is no w in font nullfont!
Missing character: There is no e in font nullfont!
Missing character: There is no c in font nullfont!
Missing character: There is no a in font nullfont!
Missing character: There is no n in font nullfont!
Missing character: There is no m in font nullfont!
Missing character: There is no a in font nullfont!
Missing character: There is no k in font nullfont!
Missing character: There is no e in font nullfont!
Missing character: There is no p in font nullfont!
Missing character: There is no r in font nullfont!
Missing character: There is no e in font nullfont!
Missing character: There is no c in font nullfont!
Missing character: There is no i in font nullfont!
Missing character: There is no s in font nullfont!
Missing character: There is no e in font nullfont!
Missing character: There is no t in font nullfont!
Missing character: There is no h in font nullfont!
Missing character: There is no e in font nullfont!
Missing character: There is no a in font nullfont!
Missing character: There is no b in font nullfont!
Missing character: There is no o in font nullfont!
Missing character: There is no v in font nullfont!
Missing character: There is no e in font nullfont!
Missing character: There is no c in font nullfont!
Missing character: There is no l in font nullfont!
Missing character: There is no a in font nullfont!
Missing character: There is no i in font nullfont!
Missing character: There is no m in font nullfont!
Missing character: There is no t in font nullfont!
Missing character: There is no h in font nullfont!
Missing character: There is no a in font nullfont!
Missing character: There is no t in font nullfont!
Missing character: There is no m in font nullfont!
Missing character: There is no o in font nullfont!
Missing character: There is no s in font nullfont!
Missing character: There is no t in font nullfont!
Missing character: There is no s in font nullfont!
Missing character: There is no t in font nullfont!
Missing character: There is no a in font nullfont!
Missing character: There is no t in font nullfont!
Missing character: There is no e in font nullfont!
Missing character: There is no s in font nullfont!
Missing character: There is no i in font nullfont!
Missing character: There is no n in font nullfont!
Missing character: There is no t in font nullfont!
Missing character: There is no h in font nullfont!
Missing character: There is no e in font nullfont!
Missing character: There is no q in font nullfont!
Missing character: There is no u in font nullfont!
Missing character: There is no a in font nullfont!
Missing character: There is no n in font nullfont!
Missing character: There is no t in font nullfont!
Missing character: There is no u in font nullfont!
Missing character: There is no m in font nullfont!
Missing character: There is no m in font nullfont!
Missing character: There is no a in font nullfont!
Missing character: There is no n in font nullfont!
Missing character: There is no y in font nullfont!
Missing character: There is no - in font nullfont!
Missing character: There is no b in font nullfont!
Missing character: There is no o in font nullfont!
Missing character: There is no d in font nullfont!
Missing character: There is no y in font nullfont!
Missing character: There is no H in font nullfont!
Missing character: There is no i in font nullfont!
Missing character: There is no l in font nullfont!
Missing character: There is no b in font nullfont!
Missing character: There is no e in font nullfont!
Missing character: There is no r in font nullfont!
Missing character: There is no t in font nullfont!
Missing character: There is no s in font nullfont!
Missing character: There is no p in font nullfont!
Missing character: There is no a in font nullfont!
Missing character: There is no c in font nullfont!
Missing character: There is no e in font nullfont!
Missing character: There is no a in font nullfont!
Missing character: There is no r in font nullfont!
Missing character: There is no e in font nullfont!
Missing character: There is no p in font nullfont!
Missing character: There is no h in font nullfont!
Missing character: There is no y in font nullfont!
Missing character: There is no s in font nullfont!
Missing character: There is no i in font nullfont!
Missing character: There is no c in font nullfont!
Missing character: There is no a in font nullfont!
Missing character: There is no l in font nullfont!
Missing character: There is no l in font nullfont!
Missing character: There is no y in font nullfont!
Missing character: There is no i in font nullfont!
Missing character: There is no n in font nullfont!
Missing character: There is no a in font nullfont!
Missing character: There is no c in font nullfont!
Missing character: There is no c in font nullfont!
Missing character: There is no e in font nullfont!
Missing character: There is no s in font nullfont!
Missing character: There is no s in font nullfont!
Missing character: There is no i in font nullfont!
Missing character: There is no b in font nullfont!
Missing character: There is no l in font nullfont!
Missing character: There is no e in font nullfont!
Missing character: There is no . in font nullfont!
Missing character: There is no L in font nullfont!
Missing character: There is no e in font nullfont!
Missing character: There is no t in font nullfont!
Missing character: There is no u in font nullfont!
Missing character: There is no s in font nullfont!
Missing character: There is no c in font nullfont!
Missing character: There is no o in font nullfont!
Missing character: There is no n in font nullfont!
Missing character: There is no s in font nullfont!
Missing character: There is no i in font nullfont!
Missing character: There is no d in font nullfont!
Missing character: There is no e in font nullfont!
Missing character: There is no r in font nullfont!
Missing character: There is no t in font nullfont!
Missing character: There is no o in font nullfont!
Missing character: There is no t in font nullfont!
Missing character: There is no h in font nullfont!
Missing character: There is no i in font nullfont!
Missing character: There is no s in font nullfont!
Missing character: There is no e in font nullfont!
Missing character: There is no n in font nullfont!
Missing character: There is no d in font nullfont!
Missing character: There is no t in font nullfont!
Missing character: There is no h in font nullfont!
Missing character: There is no e in font nullfont!
Missing character: There is no f in font nullfont!
Missing character: There is no o in font nullfont!
Missing character: There is no l in font nullfont!
Missing character: There is no l in font nullfont!
Missing character: There is no o in font nullfont!
Missing character: There is no w in font nullfont!
Missing character: There is no i in font nullfont!
Missing character: There is no n in font nullfont!
Missing character: There is no g in font nullfont!
Missing character: There is no q in font nullfont!
Missing character: There is no u in font nullfont!
Missing character: There is no e in font nullfont!
Missing character: There is no s in font nullfont!
Missing character: There is no t in font nullfont!
Missing character: There is no i in font nullfont!
Missing character: There is no o in font nullfont!
Missing character: There is no n in font nullfont!
Missing character: There is no p in font nullfont!
Missing character: There is no u in font nullfont!
Missing character: There is no t in font nullfont!
Missing character: There is no f in font nullfont!
Missing character: There is no o in font nullfont!
Missing character: There is no r in font nullfont!
Missing character: There is no w in font nullfont!
Missing character: There is no a in font nullfont!
Missing character: There is no r in font nullfont!
Missing character: There is no d in font nullfont!
Missing character: There is no i in font nullfont!
Missing character: There is no n in font nullfont!
Missing character: There is no r in font nullfont!
Missing character: There is no e in font nullfont!
Missing character: There is no f in font nullfont!
Missing character: There is no . in font nullfont!
Missing character: There is no [ in font nullfont!
\citation{Poulin2011}
! Undefined control sequence.
<write> ...: Citation `\@citeb ' on page \thepage 
                                                  \space undefined\on@line .
l.44 ...tion put forward in ref.~\cite{Poulin2011}
                                                  : what portion of the many...
The control sequence at the end of the top line
of your error message was never \def'ed. If you have
misspelled it (e.g., `\hobx'), type `I' and the correct
spelling (e.g., `I\hbox'). Otherwise just continue,
and I'll forget about whatever was undefined.


LaTeX Warning: Citation `Poulin2011' on page  undefined on input line 44.

Missing character: There is no ] in font nullfont!
Missing character: There is no : in font nullfont!
Missing character: There is no w in font nullfont!
Missing character: There is no h in font nullfont!
Missing character: There is no a in font nullfont!
Missing character: There is no t in font nullfont!
Missing character: There is no p in font nullfont!
Missing character: There is no o in font nullfont!
Missing character: There is no r in font nullfont!
Missing character: There is no t in font nullfont!
Missing character: There is no i in font nullfont!
Missing character: There is no o in font nullfont!
Missing character: There is no n in font nullfont!
Missing character: There is no o in font nullfont!
Missing character: There is no f in font nullfont!
Missing character: There is no t in font nullfont!
Missing character: There is no h in font nullfont!
Missing character: There is no e in font nullfont!
Missing character: There is no m in font nullfont!
Missing character: There is no a in font nullfont!
Missing character: There is no n in font nullfont!
Missing character: There is no y in font nullfont!
Missing character: There is no - in font nullfont!
Missing character: There is no b in font nullfont!
Missing character: There is no o in font nullfont!
Missing character: There is no d in font nullfont!
Missing character: There is no y in font nullfont!
Missing character: There is no H in font nullfont!
Missing character: There is no i in font nullfont!
Missing character: There is no l in font nullfont!
Missing character: There is no b in font nullfont!
Missing character: There is no e in font nullfont!
Missing character: There is no r in font nullfont!
Missing character: There is no t in font nullfont!
Missing character: There is no s in font nullfont!
Missing character: There is no p in font nullfont!
Missing character: There is no a in font nullfont!
Missing character: There is no c in font nullfont!
Missing character: There is no e in font nullfont!
Missing character: There is no c in font nullfont!
Missing character: There is no a in font nullfont!
Missing character: There is no n in font nullfont!
Missing character: There is no b in font nullfont!
Missing character: There is no e in font nullfont!
Missing character: There is no p in font nullfont!
Missing character: There is no r in font nullfont!
Missing character: There is no e in font nullfont!
Missing character: There is no p in font nullfont!
Missing character: There is no a in font nullfont!
Missing character: There is no r in font nullfont!
Missing character: There is no e in font nullfont!
Missing character: There is no d in font nullfont!
Missing character: There is no a in font nullfont!
Missing character: There is no n in font nullfont!
Missing character: There is no d in font nullfont!
Missing character: There is no e in font nullfont!
Missing character: There is no x in font nullfont!
Missing character: There is no p in font nullfont!
Missing character: There is no l in font nullfont!
Missing character: There is no o in font nullfont!
Missing character: There is no r in font nullfont!
Missing character: There is no e in font nullfont!
Missing character: There is no d in font nullfont!
Missing character: There is no b in font nullfont!
Missing character: There is no y in font nullfont!
Missing character: There is no m in font nullfont!
Missing character: There is no e in font nullfont!
Missing character: There is no a in font nullfont!
Missing character: There is no n in font nullfont!
Missing character: There is no s in font nullfont!
Missing character: There is no o in font nullfont!
Missing character: There is no f in font nullfont!
Missing character: There is no p in font nullfont!
Missing character: There is no h in font nullfont!
Missing character: There is no y in font nullfont!
Missing character: There is no s in font nullfont!
Missing character: There is no i in font nullfont!
Missing character: There is no c in font nullfont!
Missing character: There is no a in font nullfont!
Missing character: There is no l in font nullfont!
Missing character: There is no m in font nullfont!
Missing character: There is no e in font nullfont!
Missing character: There is no c in font nullfont!
Missing character: There is no h in font nullfont!
Missing character: There is no a in font nullfont!
Missing character: There is no n in font nullfont!
Missing character: There is no i in font nullfont!
Missing character: There is no s in font nullfont!
Missing character: There is no m in font nullfont!
Missing character: There is no , in font nullfont!
Missing character: There is no s in font nullfont!
Missing character: There is no p in font nullfont!
Missing character: There is no e in font nullfont!
Missing character: There is no c in font nullfont!
Missing character: There is no i in font nullfont!
Missing character: There is no f in font nullfont!
Missing character: There is no i in font nullfont!
Missing character: There is no c in font nullfont!
Missing character: There is no a in font nullfont!
Missing character: There is no l in font nullfont!
Missing character: There is no l in font nullfont!
Missing character: There is no y in font nullfont!
Missing character: There is no b in font nullfont!
Missing character: There is no y in font nullfont!
Missing character: There is no t in font nullfont!
Missing character: There is no i in font nullfont!
Missing character: There is no m in font nullfont!
Missing character: There is no e in font nullfont!
Missing character: There is no - in font nullfont!
Missing character: There is no e in font nullfont!
Missing character: There is no v in font nullfont!
Missing character: There is no o in font nullfont!
Missing character: There is no l in font nullfont!
Missing character: There is no u in font nullfont!
Missing character: There is no t in font nullfont!
Missing character: There is no i in font nullfont!
Missing character: There is no o in font nullfont!
Missing character: There is no n in font nullfont!
Missing character: There is no u in font nullfont!
Missing character: There is no n in font nullfont!
Missing character: There is no d in font nullfont!
Missing character: There is no e in font nullfont!
Missing character: There is no r in font nullfont!
Missing character: There is no a in font nullfont!
Missing character: There is no l in font nullfont!
Missing character: There is no o in font nullfont!
Missing character: There is no c in font nullfont!
Missing character: There is no a in font nullfont!
Missing character: There is no l in font nullfont!
Missing character: There is no t in font nullfont!
Missing character: There is no i in font nullfont!
Missing character: There is no m in font nullfont!
Missing character: There is no e in font nullfont!
Missing character: There is no - in font nullfont!
Missing character: There is no d in font nullfont!
Missing character: There is no e in font nullfont!
Missing character: There is no p in font nullfont!
Missing character: There is no e in font nullfont!
Missing character: There is no n in font nullfont!
Missing character: There is no d in font nullfont!
Missing character: There is no e in font nullfont!
Missing character: There is no n in font nullfont!
Missing character: There is no t in font nullfont!
Missing character: There is no H in font nullfont!
Missing character: There is no a in font nullfont!
Missing character: There is no m in font nullfont!
Missing character: There is no i in font nullfont!
Missing character: There is no l in font nullfont!
Missing character: There is no t in font nullfont!
Missing character: There is no o in font nullfont!
Missing character: There is no n in font nullfont!
Missing character: There is no i in font nullfont!
Missing character: There is no a in font nullfont!
Missing character: There is no n in font nullfont!
Missing character: There is no f in font nullfont!
Missing character: There is no o in font nullfont!
Missing character: There is no r in font nullfont!
Missing character: There is no a in font nullfont!
Missing character: There is no t in font nullfont!
Missing character: There is no i in font nullfont!
Missing character: There is no m in font nullfont!
Missing character: There is no e in font nullfont!
Missing character: There is no t in font nullfont!
Missing character: There is no h in font nullfont!
Missing character: There is no a in font nullfont!
Missing character: There is no t in font nullfont!
Missing character: There is no s in font nullfont!
Missing character: There is no c in font nullfont!
Missing character: There is no a in font nullfont!
Missing character: There is no l in font nullfont!
Missing character: There is no e in font nullfont!
Missing character: There is no s in font nullfont!
Missing character: There is no a in font nullfont!
Missing character: There is no t in font nullfont!
Missing character: There is no m in font nullfont!
Missing character: There is no o in font nullfont!
Missing character: There is no s in font nullfont!
Missing character: There is no t in font nullfont!
Missing character: There is no p in font nullfont!
Missing character: There is no o in font nullfont!
Missing character: There is no l in font nullfont!
Missing character: There is no y in font nullfont!
Missing character: There is no n in font nullfont!
Missing character: There is no o in font nullfont!
Missing character: There is no m in font nullfont!
Missing character: There is no i in font nullfont!
Missing character: There is no a in font nullfont!
Missing character: There is no l in font nullfont!
Missing character: There is no l in font nullfont!
Missing character: There is no y in font nullfont!
Missing character: There is no i in font nullfont!
Missing character: There is no n in font nullfont!
Missing character: There is no t in font nullfont!
Missing character: There is no h in font nullfont!
Missing character: There is no e in font nullfont!
Missing character: There is no s in font nullfont!
Missing character: There is no y in font nullfont!
Missing character: There is no s in font nullfont!
Missing character: There is no t in font nullfont!
Missing character: There is no e in font nullfont!
Missing character: There is no m in font nullfont!
Missing character: There is no s in font nullfont!
Missing character: There is no i in font nullfont!
Missing character: There is no z in font nullfont!
Missing character: There is no e in font nullfont!
Missing character: There is no ? in font nullfont!
Missing character: There is no F in font nullfont!
Missing character: There is no o in font nullfont!
Missing character: There is no l in font nullfont!
Missing character: There is no l in font nullfont!
Missing character: There is no o in font nullfont!
Missing character: There is no w in font nullfont!
Missing character: There is no i in font nullfont!
Missing character: There is no n in font nullfont!
Missing character: There is no g in font nullfont!
Missing character: There is no r in font nullfont!
Missing character: There is no e in font nullfont!
Missing character: There is no f in font nullfont!
Missing character: There is no . in font nullfont!
Missing character: There is no [ in font nullfont!
\citation{Poulin2011}
! Undefined control sequence.
<write> ...: Citation `\@citeb ' on page \thepage 
                                                  \space undefined\on@line .
l.44 ...tem size? Following ref.~\cite{Poulin2011}
                                                  , any such Hamiltonian is ...
The control sequence at the end of the top line
of your error message was never \def'ed. If you have
misspelled it (e.g., `\hobx'), type `I' and the correct
spelling (e.g., `I\hbox'). Otherwise just continue,
and I'll forget about whatever was undefined.


LaTeX Warning: Citation `Poulin2011' on page  undefined on input line 44.

Missing character: There is no ] in font nullfont!
Missing character: There is no , in font nullfont!
Missing character: There is no a in font nullfont!
Missing character: There is no n in font nullfont!
Missing character: There is no y in font nullfont!
Missing character: There is no s in font nullfont!
Missing character: There is no u in font nullfont!
Missing character: There is no c in font nullfont!
Missing character: There is no h in font nullfont!
Missing character: There is no H in font nullfont!
Missing character: There is no a in font nullfont!
Missing character: There is no m in font nullfont!
Missing character: There is no i in font nullfont!
Missing character: There is no l in font nullfont!
Missing character: There is no t in font nullfont!
Missing character: There is no o in font nullfont!
Missing character: There is no n in font nullfont!
Missing character: There is no i in font nullfont!
Missing character: There is no a in font nullfont!
Missing character: There is no n in font nullfont!
Missing character: There is no i in font nullfont!
Missing character: There is no s in font nullfont!
Missing character: There is no a in font nullfont!
Missing character: There is no p in font nullfont!
Missing character: There is no p in font nullfont!
Missing character: There is no r in font nullfont!
Missing character: There is no o in font nullfont!
Missing character: There is no x in font nullfont!
Missing character: There is no i in font nullfont!
Missing character: There is no m in font nullfont!
Missing character: There is no a in font nullfont!
Missing character: There is no t in font nullfont!
Missing character: There is no e in font nullfont!
Missing character: There is no d in font nullfont!
Missing character: There is no t in font nullfont!
Missing character: There is no o in font nullfont!
Missing character: There is no a in font nullfont!
Missing character: There is no r in font nullfont!
Missing character: There is no b in font nullfont!
Missing character: There is no i in font nullfont!
Missing character: There is no t in font nullfont!
Missing character: There is no r in font nullfont!
Missing character: There is no a in font nullfont!
Missing character: There is no r in font nullfont!
Missing character: There is no y in font nullfont!
Missing character: There is no p in font nullfont!
Missing character: There is no r in font nullfont!
Missing character: There is no e in font nullfont!
Missing character: There is no c in font nullfont!
Missing character: There is no i in font nullfont!
Missing character: There is no s in font nullfont!
Missing character: There is no i in font nullfont!
Missing character: There is no o in font nullfont!
Missing character: There is no n in font nullfont!
Missing character: There is no b in font nullfont!
Missing character: There is no y in font nullfont!
Missing character: There is no a in font nullfont!
Missing character: There is no p in font nullfont!
Missing character: There is no o in font nullfont!
Missing character: There is no l in font nullfont!
Missing character: There is no y in font nullfont!
Missing character: There is no n in font nullfont!
Missing character: There is no o in font nullfont!
Missing character: There is no m in font nullfont!
Missing character: There is no i in font nullfont!
Missing character: There is no a in font nullfont!
Missing character: There is no l in font nullfont!
Missing character: There is no - in font nullfont!
Missing character: There is no d in font nullfont!
Missing character: There is no e in font nullfont!
Missing character: There is no p in font nullfont!
Missing character: There is no t in font nullfont!
Missing character: There is no h in font nullfont!
Missing character: There is no q in font nullfont!
Missing character: There is no u in font nullfont!
Missing character: There is no a in font nullfont!
Missing character: There is no n in font nullfont!
Missing character: There is no t in font nullfont!
Missing character: There is no u in font nullfont!
Missing character: There is no m in font nullfont!
Missing character: There is no c in font nullfont!
Missing character: There is no i in font nullfont!
Missing character: There is no r in font nullfont!
Missing character: There is no c in font nullfont!
Missing character: There is no u in font nullfont!
Missing character: There is no i in font nullfont!
Missing character: There is no t in font nullfont!
Missing character: There is no c in font nullfont!
Missing character: There is no o in font nullfont!
Missing character: There is no n in font nullfont!
Missing character: There is no s in font nullfont!
Missing character: There is no i in font nullfont!
Missing character: There is no s in font nullfont!
Missing character: There is no t in font nullfont!
Missing character: There is no i in font nullfont!
Missing character: There is no n in font nullfont!
Missing character: There is no g in font nullfont!
Missing character: There is no o in font nullfont!
Missing character: There is no f in font nullfont!
Missing character: There is no f in font nullfont!
Missing character: There is no e in font nullfont!
Missing character: There is no w in font nullfont!
Missing character: There is no - in font nullfont!
Missing character: There is no q in font nullfont!
Missing character: There is no u in font nullfont!
Missing character: There is no b in font nullfont!
Missing character: There is no i in font nullfont!
Missing character: There is no t in font nullfont!
Missing character: There is no g in font nullfont!
Missing character: There is no a in font nullfont!
Missing character: There is no t in font nullfont!
Missing character: There is no e in font nullfont!
Missing character: There is no s in font nullfont!
Missing character: There is no d in font nullfont!
Missing character: There is no r in font nullfont!
Missing character: There is no a in font nullfont!
Missing character: There is no w in font nullfont!
Missing character: There is no n in font nullfont!
Missing character: There is no f in font nullfont!
Missing character: There is no r in font nullfont!
Missing character: There is no o in font nullfont!
Missing character: There is no m in font nullfont!
Missing character: There is no a in font nullfont!
Missing character: There is no u in font nullfont!
Missing character: There is no n in font nullfont!
Missing character: There is no i in font nullfont!
Missing character: There is no v in font nullfont!
Missing character: There is no e in font nullfont!
Missing character: There is no r in font nullfont!
Missing character: There is no s in font nullfont!
Missing character: There is no a in font nullfont!
Missing character: There is no l in font nullfont!
Missing character: There is no g in font nullfont!
Missing character: There is no a in font nullfont!
Missing character: There is no t in font nullfont!
Missing character: There is no e in font nullfont!
Missing character: There is no s in font nullfont!
Missing character: There is no e in font nullfont!
Missing character: There is no t in font nullfont!
Missing character: There is no , in font nullfont!
Missing character: There is no a in font nullfont!
Missing character: There is no n in font nullfont!
Missing character: There is no d in font nullfont!
Missing character: There is no a in font nullfont!
Missing character: There is no r in font nullfont!
Missing character: There is no o in font nullfont!
Missing character: There is no u in font nullfont!
Missing character: There is no n in font nullfont!
Missing character: There is no d in font nullfont!
Missing character: There is no t in font nullfont!
Missing character: There is no h in font nullfont!
Missing character: There is no e in font nullfont!
Missing character: There is no o in font nullfont!
Missing character: There is no u in font nullfont!
Missing character: There is no t in font nullfont!
Missing character: There is no p in font nullfont!
Missing character: There is no u in font nullfont!
Missing character: There is no t in font nullfont!
Missing character: There is no s in font nullfont!
Missing character: There is no o in font nullfont!
Missing character: There is no f in font nullfont!
Missing character: There is no t in font nullfont!
Missing character: There is no h in font nullfont!
Missing character: There is no e in font nullfont!
Missing character: There is no s in font nullfont!
Missing character: There is no e in font nullfont!
Missing character: There is no c in font nullfont!
Missing character: There is no i in font nullfont!
Missing character: There is no r in font nullfont!
Missing character: There is no c in font nullfont!
Missing character: There is no u in font nullfont!
Missing character: There is no i in font nullfont!
Missing character: There is no t in font nullfont!
Missing character: There is no s in font nullfont!
Missing character: There is no a in font nullfont!
Missing character: There is no r in font nullfont!
Missing character: There is no e in font nullfont!
Missing character: There is no c in font nullfont!
Missing character: There is no o in font nullfont!
Missing character: There is no n in font nullfont!
Missing character: There is no s in font nullfont!
Missing character: There is no i in font nullfont!
Missing character: There is no d in font nullfont!
Missing character: There is no e in font nullfont!
Missing character: There is no r in font nullfont!
Missing character: There is no e in font nullfont!
Missing character: There is no d in font nullfont!
Missing character: There is no . in font nullfont!
Missing character: There is no A in font nullfont!
Missing character: There is no s in font nullfont!
Missing character: There is no t in font nullfont!
Missing character: There is no r in font nullfont!
Missing character: There is no a in font nullfont!
Missing character: There is no i in font nullfont!
Missing character: There is no g in font nullfont!
Missing character: There is no h in font nullfont!
Missing character: There is no t in font nullfont!
Missing character: There is no f in font nullfont!
Missing character: There is no o in font nullfont!
Missing character: There is no r in font nullfont!
Missing character: There is no w in font nullfont!
Missing character: There is no a in font nullfont!
Missing character: There is no r in font nullfont!
Missing character: There is no d in font nullfont!
Missing character: There is no c in font nullfont!
Missing character: There is no o in font nullfont!
Missing character: There is no u in font nullfont!
Missing character: There is no n in font nullfont!
Missing character: There is no t in font nullfont!
Missing character: There is no i in font nullfont!
Missing character: There is no n in font nullfont!
Missing character: There is no g in font nullfont!
Missing character: There is no a in font nullfont!
Missing character: There is no r in font nullfont!
Missing character: There is no g in font nullfont!
Missing character: There is no u in font nullfont!
Missing character: There is no m in font nullfont!
Missing character: There is no e in font nullfont!
Missing character: There is no n in font nullfont!
Missing character: There is no t in font nullfont!
Missing character: There is no d in font nullfont!
Missing character: There is no e in font nullfont!
Missing character: There is no m in font nullfont!
Missing character: There is no o in font nullfont!
Missing character: There is no n in font nullfont!
Missing character: There is no s in font nullfont!
Missing character: There is no t in font nullfont!
Missing character: There is no r in font nullfont!
Missing character: There is no a in font nullfont!
Missing character: There is no t in font nullfont!
Missing character: There is no e in font nullfont!
Missing character: There is no s in font nullfont!
Missing character: There is no t in font nullfont!
Missing character: There is no h in font nullfont!
Missing character: There is no a in font nullfont!
Missing character: There is no t in font nullfont!
Missing character: There is no s in font nullfont!
Missing character: There is no u in font nullfont!
Missing character: There is no c in font nullfont!
Missing character: There is no h in font nullfont!
Missing character: There is no b in font nullfont!
Missing character: There is no a in font nullfont!
Missing character: There is no l in font nullfont!
Missing character: There is no l in font nullfont!
Missing character: There is no s in font nullfont!
Missing character: There is no o in font nullfont!
Missing character: There is no c in font nullfont!
Missing character: There is no c in font nullfont!
Missing character: There is no u in font nullfont!
Missing character: There is no p in font nullfont!
Missing character: There is no y in font nullfont!
Missing character: There is no a in font nullfont!
Missing character: There is no f in font nullfont!
Missing character: There is no r in font nullfont!
Missing character: There is no a in font nullfont!
Missing character: There is no c in font nullfont!
Missing character: There is no t in font nullfont!
Missing character: There is no i in font nullfont!
Missing character: There is no o in font nullfont!
Missing character: There is no n in font nullfont!
Missing character: There is no o in font nullfont!
Missing character: There is no f in font nullfont!
Missing character: There is no t in font nullfont!
Missing character: There is no h in font nullfont!
Missing character: There is no e in font nullfont!
Missing character: There is no m in font nullfont!
Missing character: There is no a in font nullfont!
Missing character: There is no n in font nullfont!
Missing character: There is no y in font nullfont!
Missing character: There is no - in font nullfont!
Missing character: There is no b in font nullfont!
Missing character: There is no o in font nullfont!
Missing character: There is no d in font nullfont!
Missing character: There is no y in font nullfont!
Missing character: There is no H in font nullfont!
Missing character: There is no i in font nullfont!
Missing character: There is no l in font nullfont!
Missing character: There is no b in font nullfont!
Missing character: There is no e in font nullfont!
Missing character: There is no r in font nullfont!
Missing character: There is no t in font nullfont!
Missing character: There is no s in font nullfont!
Missing character: There is no p in font nullfont!
Missing character: There is no a in font nullfont!
Missing character: There is no c in font nullfont!
Missing character: There is no e in font nullfont!
Missing character: There is no t in font nullfont!
Missing character: There is no h in font nullfont!
Missing character: There is no a in font nullfont!
Missing character: There is no t in font nullfont!
Missing character: There is no s in font nullfont!
Missing character: There is no c in font nullfont!
Missing character: There is no a in font nullfont!
Missing character: There is no l in font nullfont!
Missing character: There is no e in font nullfont!
Missing character: There is no s in font nullfont!
Missing character: There is no a in font nullfont!
Missing character: There is no s in font nullfont!
! Undefined control sequence.
<recently read> \mc 
                    
l.44 ...any-body Hilbert space that scales as $\mc
                                                   O(\varepsilon^{2^N})$, do...
The control sequence at the end of the top line
of your error message was never \def'ed. If you have
misspelled it (e.g., `\hobx'), type `I' and the correct
spelling (e.g., `I\hbox'). Otherwise just continue,
and I'll forget about whatever was undefined.

Missing character: There is no , in font nullfont!
Missing character: There is no d in font nullfont!
Missing character: There is no o in font nullfont!
Missing character: There is no u in font nullfont!
Missing character: There is no b in font nullfont!
Missing character: There is no l in font nullfont!
Missing character: There is no y in font nullfont!
Missing character: There is no e in font nullfont!
Missing character: There is no x in font nullfont!
Missing character: There is no p in font nullfont!
Missing character: There is no o in font nullfont!
Missing character: There is no n in font nullfont!
Missing character: There is no e in font nullfont!
Missing character: There is no n in font nullfont!
Missing character: There is no t in font nullfont!
Missing character: There is no i in font nullfont!
Missing character: There is no a in font nullfont!
Missing character: There is no l in font nullfont!
Missing character: There is no i in font nullfont!
Missing character: There is no n in font nullfont!
Missing character: There is no ! in font nullfont!

Overfull \hbox (5.43053pt too wide) in paragraph at lines 44--45
                                      []
 []


Overfull \hbox (5.43053pt too wide) in paragraph at lines 44--45
[]
 []


Overfull \hbox (8.24092pt too wide) in paragraph at lines 44--45
\OML/cmm/m/it/10 "$\OT1/cmr/m/it/10 -
 []


Overfull \hbox (18.91098pt too wide) in paragraph at lines 44--45
\OT1/cmr/m/it/10 balls
 []


Overfull \hbox (31.25632pt too wide) in paragraph at lines 44--45
\OML/cmm/m/it/10 O\/cmr/m/n/10 (\OML/cmm/m/it/10 "[]\/cmr/m/n/10 )$
 []


Overfull \hbox (4.66318pt too wide) in paragraph at lines 44--45
\OML/cmm/m/it/10 "$ 
 []


! LaTeX Error: Missing \begin{document}.

See the LaTeX manual or LaTeX Companion for explanation.
Type  H <return>  for immediate help.
 ...                                              
                                                  
l.46 F
      rom these considerations we must --- perhaps quiet shockingly --- conc...

You're in trouble here.  Try typing  <return>  to proceed.
If that doesn't work, type  X <return>  to quit.

Missing character: There is no F in font nullfont!
Missing character: There is no r in font nullfont!
Missing character: There is no o in font nullfont!
Missing character: There is no m in font nullfont!
Missing character: There is no t in font nullfont!
Missing character: There is no h in font nullfont!
Missing character: There is no e in font nullfont!
Missing character: There is no s in font nullfont!
Missing character: There is no e in font nullfont!
Missing character: There is no c in font nullfont!
Missing character: There is no o in font nullfont!
Missing character: There is no n in font nullfont!
Missing character: There is no s in font nullfont!
Missing character: There is no i in font nullfont!
Missing character: There is no d in font nullfont!
Missing character: There is no e in font nullfont!
Missing character: There is no r in font nullfont!
Missing character: There is no a in font nullfont!
Missing character: There is no t in font nullfont!
Missing character: There is no i in font nullfont!
Missing character: There is no o in font nullfont!
Missing character: There is no n in font nullfont!
Missing character: There is no s in font nullfont!
Missing character: There is no w in font nullfont!
Missing character: There is no e in font nullfont!
Missing character: There is no m in font nullfont!
Missing character: There is no u in font nullfont!
Missing character: There is no s in font nullfont!
Missing character: There is no t in font nullfont!
Missing character: There is no - in font nullfont!
Missing character: There is no - in font nullfont!
Missing character: There is no - in font nullfont!
Missing character: There is no p in font nullfont!
Missing character: There is no e in font nullfont!
Missing character: There is no r in font nullfont!
Missing character: There is no h in font nullfont!
Missing character: There is no a in font nullfont!
Missing character: There is no p in font nullfont!
Missing character: There is no s in font nullfont!
Missing character: There is no q in font nullfont!
Missing character: There is no u in font nullfont!
Missing character: There is no i in font nullfont!
Missing character: There is no e in font nullfont!
Missing character: There is no t in font nullfont!
Missing character: There is no s in font nullfont!
Missing character: There is no h in font nullfont!
Missing character: There is no o in font nullfont!
Missing character: There is no c in font nullfont!
Missing character: There is no k in font nullfont!
Missing character: There is no i in font nullfont!
Missing character: There is no n in font nullfont!
Missing character: There is no g in font nullfont!
Missing character: There is no l in font nullfont!
Missing character: There is no y in font nullfont!
Missing character: There is no - in font nullfont!
Missing character: There is no - in font nullfont!
Missing character: There is no - in font nullfont!
Missing character: There is no c in font nullfont!
Missing character: There is no o in font nullfont!
Missing character: There is no n in font nullfont!
Missing character: There is no c in font nullfont!
Missing character: There is no l in font nullfont!
Missing character: There is no u in font nullfont!
Missing character: There is no d in font nullfont!
Missing character: There is no e in font nullfont!
Missing character: There is no t in font nullfont!
Missing character: There is no h in font nullfont!
Missing character: There is no a in font nullfont!
Missing character: There is no t in font nullfont!
Missing character: There is no t in font nullfont!
Missing character: There is no h in font nullfont!
Missing character: There is no e in font nullfont!
Missing character: There is no v in font nullfont!
Missing character: There is no a in font nullfont!
Missing character: There is no s in font nullfont!
Missing character: There is no t in font nullfont!
Missing character: There is no m in font nullfont!
Missing character: There is no a in font nullfont!
Missing character: There is no j in font nullfont!
Missing character: There is no o in font nullfont!
Missing character: There is no r in font nullfont!
Missing character: There is no i in font nullfont!
Missing character: There is no t in font nullfont!
Missing character: There is no y in font nullfont!
Missing character: There is no o in font nullfont!
Missing character: There is no f in font nullfont!
Missing character: There is no s in font nullfont!
Missing character: There is no t in font nullfont!
Missing character: There is no a in font nullfont!
Missing character: There is no t in font nullfont!
Missing character: There is no e in font nullfont!
Missing character: There is no s in font nullfont!
Missing character: There is no i in font nullfont!
Missing character: There is no n in font nullfont!
Missing character: There is no t in font nullfont!
Missing character: There is no h in font nullfont!
Missing character: There is no e in font nullfont!
Missing character: There is no H in font nullfont!
Missing character: There is no i in font nullfont!
Missing character: There is no l in font nullfont!
Missing character: There is no b in font nullfont!
Missing character: There is no e in font nullfont!
Missing character: There is no r in font nullfont!
Missing character: There is no t in font nullfont!
Missing character: There is no s in font nullfont!
Missing character: There is no p in font nullfont!
Missing character: There is no a in font nullfont!
Missing character: There is no c in font nullfont!
Missing character: There is no e in font nullfont!
Missing character: There is no s in font nullfont!
Missing character: There is no h in font nullfont!
Missing character: There is no o in font nullfont!
Missing character: There is no u in font nullfont!
Missing character: There is no l in font nullfont!
Missing character: There is no d in font nullfont!
Missing character: There is no b in font nullfont!
Missing character: There is no e in font nullfont!
Missing character: There is no d in font nullfont!
Missing character: There is no e in font nullfont!
Missing character: There is no e in font nullfont!
Missing character: There is no m in font nullfont!
Missing character: There is no e in font nullfont!
Missing character: There is no d in font nullfont!
Missing character: There is no u in font nullfont!
Missing character: There is no n in font nullfont!
Missing character: There is no p in font nullfont!
Missing character: There is no h in font nullfont!
Missing character: There is no y in font nullfont!
Missing character: There is no s in font nullfont!
Missing character: There is no i in font nullfont!
Missing character: There is no c in font nullfont!
Missing character: There is no a in font nullfont!
Missing character: There is no l in font nullfont!
Missing character: There is no i in font nullfont!
Missing character: There is no n in font nullfont!
Missing character: There is no a in font nullfont!
Missing character: There is no n in font nullfont!
Missing character: There is no y in font nullfont!
Missing character: There is no o in font nullfont!
Missing character: There is no p in font nullfont!
Missing character: There is no e in font nullfont!
Missing character: There is no r in font nullfont!
Missing character: There is no a in font nullfont!
Missing character: There is no t in font nullfont!
Missing character: There is no i in font nullfont!
Missing character: There is no o in font nullfont!
Missing character: There is no n in font nullfont!
Missing character: There is no a in font nullfont!
Missing character: There is no l in font nullfont!
Missing character: There is no l in font nullfont!
Missing character: There is no y in font nullfont!
Missing character: There is no m in font nullfont!
Missing character: There is no e in font nullfont!
Missing character: There is no a in font nullfont!
Missing character: There is no n in font nullfont!
Missing character: There is no i in font nullfont!
Missing character: There is no n in font nullfont!
Missing character: There is no g in font nullfont!
Missing character: There is no f in font nullfont!
Missing character: There is no u in font nullfont!
Missing character: There is no l in font nullfont!
Missing character: There is no s in font nullfont!
Missing character: There is no e in font nullfont!
Missing character: There is no n in font nullfont!
Missing character: There is no s in font nullfont!
Missing character: There is no e in font nullfont!
Missing character: There is no . in font nullfont!
Missing character: There is no I in font nullfont!
Missing character: There is no n in font nullfont!
Missing character: There is no d in font nullfont!
Missing character: There is no e in font nullfont!
Missing character: There is no e in font nullfont!
Missing character: There is no d in font nullfont!
Missing character: There is no , in font nullfont!
Missing character: There is no t in font nullfont!
Missing character: There is no h in font nullfont!
Missing character: There is no e in font nullfont!
Missing character: There is no r in font nullfont!
Missing character: There is no e in font nullfont!
Missing character: There is no i in font nullfont!
Missing character: There is no s in font nullfont!
Missing character: There is no a in font nullfont!
Missing character: There is no n in font nullfont!
Missing character: There is no o in font nullfont!
Missing character: There is no v in font nullfont!
Missing character: There is no e in font nullfont!
Missing character: There is no r in font nullfont!
Missing character: There is no w in font nullfont!
Missing character: There is no h in font nullfont!
Missing character: There is no e in font nullfont!
Missing character: There is no l in font nullfont!
Missing character: There is no m in font nullfont!
Missing character: There is no i in font nullfont!
Missing character: There is no n in font nullfont!
Missing character: There is no g in font nullfont!
Missing character: There is no t in font nullfont!
Missing character: There is no i in font nullfont!
Missing character: There is no m in font nullfont!
Missing character: There is no e in font nullfont!
Missing character: There is no b in font nullfont!
Missing character: There is no a in font nullfont!
Missing character: There is no r in font nullfont!
Missing character: There is no r in font nullfont!
Missing character: There is no i in font nullfont!
Missing character: There is no e in font nullfont!
Missing character: There is no r in font nullfont!
Missing character: There is no t in font nullfont!
Missing character: There is no o in font nullfont!
Missing character: There is no p in font nullfont!
Missing character: There is no r in font nullfont!
Missing character: There is no e in font nullfont!
Missing character: There is no p in font nullfont!
Missing character: There is no a in font nullfont!
Missing character: There is no r in font nullfont!
Missing character: There is no e in font nullfont!
Missing character: There is no a in font nullfont!
Missing character: There is no g in font nullfont!
Missing character: There is no e in font nullfont!
Missing character: There is no n in font nullfont!
Missing character: There is no e in font nullfont!
Missing character: There is no r in font nullfont!
Missing character: There is no i in font nullfont!
Missing character: There is no c in font nullfont!
Missing character: There is no s in font nullfont!
Missing character: There is no t in font nullfont!
Missing character: There is no a in font nullfont!
Missing character: There is no t in font nullfont!
Missing character: There is no e in font nullfont!
Missing character: There is no c in font nullfont!
Missing character: There is no o in font nullfont!
Missing character: There is no n in font nullfont!
Missing character: There is no s in font nullfont!
Missing character: There is no i in font nullfont!
Missing character: There is no s in font nullfont!
Missing character: There is no t in font nullfont!
Missing character: There is no i in font nullfont!
Missing character: There is no n in font nullfont!
Missing character: There is no g in font nullfont!
Missing character: There is no o in font nullfont!
Missing character: There is no f in font nullfont!
Missing character: There is no a in font nullfont!
Missing character: There is no n in font nullfont!
Missing character: There is no y in font nullfont!
Missing character: There is no m in font nullfont!
Missing character: There is no o in font nullfont!
Missing character: There is no r in font nullfont!
Missing character: There is no e in font nullfont!
Missing character: There is no t in font nullfont!
Missing character: There is no h in font nullfont!
Missing character: There is no a in font nullfont!
Missing character: There is no n in font nullfont!
Missing character: There is no a in font nullfont!
Missing character: There is no h in font nullfont!
Missing character: There is no a in font nullfont!
Missing character: There is no n in font nullfont!
Missing character: There is no d in font nullfont!
Missing character: There is no f in font nullfont!
Missing character: There is no u in font nullfont!
Missing character: There is no l in font nullfont!
Missing character: There is no o in font nullfont!
Missing character: There is no f in font nullfont!
Missing character: There is no c in font nullfont!
Missing character: There is no o in font nullfont!
Missing character: There is no n in font nullfont!
Missing character: There is no s in font nullfont!
Missing character: There is no t in font nullfont!
Missing character: There is no i in font nullfont!
Missing character: There is no t in font nullfont!
Missing character: There is no u in font nullfont!
Missing character: There is no e in font nullfont!
Missing character: There is no n in font nullfont!
Missing character: There is no t in font nullfont!
Missing character: There is no p in font nullfont!
Missing character: There is no a in font nullfont!
Missing character: There is no r in font nullfont!
Missing character: There is no t in font nullfont!
Missing character: There is no i in font nullfont!
Missing character: There is no c in font nullfont!
Missing character: There is no l in font nullfont!
Missing character: There is no e in font nullfont!
Missing character: There is no s in font nullfont!
Missing character: There is no . in font nullfont!

Overfull \hbox (20.0pt too wide) in paragraph at lines 46--47
[]
 []


! LaTeX Error: Missing \begin{document}.

See the LaTeX manual or LaTeX Companion for explanation.
Type  H <return>  for immediate help.
 ...                                              
                                                  
l.48 \bigskip\noindent
                       Any physically motivated approach to the many-body pr...

You're in trouble here.  Try typing  <return>  to proceed.
If that doesn't work, type  X <return>  to quit.

Missing character: There is no A in font nullfont!
Missing character: There is no n in font nullfont!
Missing character: There is no y in font nullfont!
Missing character: There is no p in font nullfont!
Missing character: There is no h in font nullfont!
Missing character: There is no y in font nullfont!
Missing character: There is no s in font nullfont!
Missing character: There is no i in font nullfont!
Missing character: There is no c in font nullfont!
Missing character: There is no a in font nullfont!
Missing character: There is no l in font nullfont!
Missing character: There is no l in font nullfont!
Missing character: There is no y in font nullfont!
Missing character: There is no m in font nullfont!
Missing character: There is no o in font nullfont!
Missing character: There is no t in font nullfont!
Missing character: There is no i in font nullfont!
Missing character: There is no v in font nullfont!
Missing character: There is no a in font nullfont!
Missing character: There is no t in font nullfont!
Missing character: There is no e in font nullfont!
Missing character: There is no d in font nullfont!
Missing character: There is no a in font nullfont!
Missing character: There is no p in font nullfont!
Missing character: There is no p in font nullfont!
Missing character: There is no r in font nullfont!
Missing character: There is no o in font nullfont!
Missing character: There is no a in font nullfont!
Missing character: There is no c in font nullfont!
Missing character: There is no h in font nullfont!
Missing character: There is no t in font nullfont!
Missing character: There is no o in font nullfont!
Missing character: There is no t in font nullfont!
Missing character: There is no h in font nullfont!
Missing character: There is no e in font nullfont!
Missing character: There is no m in font nullfont!
Missing character: There is no a in font nullfont!
Missing character: There is no n in font nullfont!
Missing character: There is no y in font nullfont!
Missing character: There is no - in font nullfont!
Missing character: There is no b in font nullfont!
Missing character: There is no o in font nullfont!
Missing character: There is no d in font nullfont!
Missing character: There is no y in font nullfont!
Missing character: There is no p in font nullfont!
Missing character: There is no r in font nullfont!
Missing character: There is no o in font nullfont!
Missing character: There is no b in font nullfont!
Missing character: There is no l in font nullfont!
Missing character: There is no e in font nullfont!
Missing character: There is no m in font nullfont!
Missing character: There is no s in font nullfont!
Missing character: There is no h in font nullfont!
Missing character: There is no o in font nullfont!
Missing character: There is no u in font nullfont!
Missing character: There is no l in font nullfont!
Missing character: There is no d in font nullfont!
Missing character: There is no t in font nullfont!
Missing character: There is no h in font nullfont!
Missing character: There is no e in font nullfont!
Missing character: There is no r in font nullfont!
Missing character: There is no e in font nullfont!
Missing character: There is no f in font nullfont!
Missing character: There is no o in font nullfont!
Missing character: There is no r in font nullfont!
Missing character: There is no e in font nullfont!
Missing character: There is no c in font nullfont!
Missing character: There is no o in font nullfont!
Missing character: There is no n in font nullfont!
Missing character: There is no s in font nullfont!
Missing character: There is no i in font nullfont!
Missing character: There is no s in font nullfont!
Missing character: There is no t in font nullfont!
Missing character: There is no o in font nullfont!
Missing character: There is no f in font nullfont!
Missing character: There is no i in font nullfont!
Missing character: There is no d in font nullfont!
Missing character: There is no e in font nullfont!
Missing character: There is no n in font nullfont!
Missing character: There is no t in font nullfont!
Missing character: There is no i in font nullfont!
Missing character: There is no f in font nullfont!
Missing character: There is no y in font nullfont!
Missing character: There is no i in font nullfont!
Missing character: There is no n in font nullfont!
Missing character: There is no g in font nullfont!
Missing character: There is no t in font nullfont!
Missing character: There is no h in font nullfont!
Missing character: There is no e in font nullfont!
Missing character: There is no r in font nullfont!
Missing character: There is no e in font nullfont!
Missing character: There is no l in font nullfont!
Missing character: There is no e in font nullfont!
Missing character: There is no v in font nullfont!
Missing character: There is no a in font nullfont!
Missing character: There is no n in font nullfont!
Missing character: There is no t in font nullfont!
Missing character: There is no l in font nullfont!
Missing character: There is no o in font nullfont!
Missing character: There is no w in font nullfont!
Missing character: There is no - in font nullfont!
Missing character: There is no c in font nullfont!
Missing character: There is no o in font nullfont!
Missing character: There is no m in font nullfont!
Missing character: There is no p in font nullfont!
Missing character: There is no l in font nullfont!
Missing character: There is no e in font nullfont!
Missing character: There is no x in font nullfont!
Missing character: There is no i in font nullfont!
Missing character: There is no t in font nullfont!
Missing character: There is no y in font nullfont!
Missing character: There is no a in font nullfont!
Missing character: There is no n in font nullfont!
Missing character: There is no d in font nullfont!
Missing character: There is no d in font nullfont!
Missing character: There is no e in font nullfont!
Missing character: There is no v in font nullfont!
Missing character: There is no e in font nullfont!
Missing character: There is no l in font nullfont!
Missing character: There is no o in font nullfont!
Missing character: There is no p in font nullfont!
Missing character: There is no i in font nullfont!
Missing character: There is no n in font nullfont!
Missing character: There is no g in font nullfont!
Missing character: There is no t in font nullfont!
Missing character: There is no h in font nullfont!
Missing character: There is no e in font nullfont!
Missing character: There is no t in font nullfont!
Missing character: There is no e in font nullfont!
Missing character: There is no c in font nullfont!
Missing character: There is no h in font nullfont!
Missing character: There is no n in font nullfont!
Missing character: There is no i in font nullfont!
Missing character: There is no q in font nullfont!
Missing character: There is no u in font nullfont!
Missing character: There is no e in font nullfont!
Missing character: There is no s in font nullfont!
Missing character: There is no n in font nullfont!
Missing character: There is no e in font nullfont!
Missing character: There is no e in font nullfont!
Missing character: There is no d in font nullfont!
Missing character: There is no e in font nullfont!
Missing character: There is no d in font nullfont!
Missing character: There is no t in font nullfont!
Missing character: There is no o in font nullfont!
Missing character: There is no d in font nullfont!
Missing character: There is no e in font nullfont!
Missing character: There is no a in font nullfont!
Missing character: There is no l in font nullfont!
Missing character: There is no w in font nullfont!
Missing character: There is no i in font nullfont!
Missing character: There is no t in font nullfont!
Missing character: There is no h in font nullfont!
Missing character: There is no t in font nullfont!
Missing character: There is no h in font nullfont!
Missing character: There is no e in font nullfont!
Missing character: There is no m in font nullfont!
Missing character: There is no . in font nullfont!
Missing character: There is no P in font nullfont!
Missing character: There is no e in font nullfont!
Missing character: There is no r in font nullfont!
Missing character: There is no h in font nullfont!
Missing character: There is no a in font nullfont!
Missing character: There is no p in font nullfont!
Missing character: There is no s in font nullfont!
Missing character: There is no t in font nullfont!
Missing character: There is no h in font nullfont!
Missing character: There is no e in font nullfont!
Missing character: There is no m in font nullfont!
Missing character: There is no o in font nullfont!
Missing character: There is no s in font nullfont!
Missing character: There is no t in font nullfont!
Missing character: There is no w in font nullfont!
Missing character: There is no e in font nullfont!
Missing character: There is no l in font nullfont!
Missing character: There is no l in font nullfont!
Missing character: There is no - in font nullfont!
Missing character: There is no k in font nullfont!
Missing character: There is no n in font nullfont!
Missing character: There is no o in font nullfont!
Missing character: There is no w in font nullfont!
Missing character: There is no n in font nullfont!
Missing character: There is no s in font nullfont!
Missing character: There is no u in font nullfont!
Missing character: There is no c in font nullfont!
Missing character: There is no h in font nullfont!
Missing character: There is no m in font nullfont!
Missing character: There is no a in font nullfont!
Missing character: There is no n in font nullfont!
Missing character: There is no i in font nullfont!
Missing character: There is no f in font nullfont!
Missing character: There is no o in font nullfont!
Missing character: There is no l in font nullfont!
Missing character: There is no d in font nullfont!
Missing character: There is no i in font nullfont!
Missing character: There is no s in font nullfont!
Missing character: There is no t in font nullfont!
Missing character: There is no h in font nullfont!
Missing character: There is no a in font nullfont!
Missing character: There is no t in font nullfont!
Missing character: There is no o in font nullfont!
Missing character: There is no f in font nullfont!
Missing character: There is no o in font nullfont!
Missing character: There is no f in font nullfont!
Missing character: There is no f in font nullfont!
Missing character: There is no e in font nullfont!
Missing character: There is no r in font nullfont!
Missing character: There is no m in font nullfont!
Missing character: There is no i in font nullfont!
Missing character: There is no o in font nullfont!
Missing character: There is no n in font nullfont!
Missing character: There is no s in font nullfont!
Missing character: There is no . in font nullfont!
Missing character: There is no T in font nullfont!
Missing character: There is no h in font nullfont!
Missing character: There is no i in font nullfont!
Missing character: There is no s in font nullfont!
Missing character: There is no p in font nullfont!
Missing character: There is no a in font nullfont!
Missing character: There is no r in font nullfont!
Missing character: There is no a in font nullfont!
Missing character: There is no m in font nullfont!
Missing character: There is no e in font nullfont!
Missing character: There is no t in font nullfont!
Missing character: There is no r in font nullfont!
Missing character: There is no i in font nullfont!
Missing character: There is no s in font nullfont!
Missing character: There is no a in font nullfont!
Missing character: There is no t in font nullfont!
Missing character: There is no i in font nullfont!
Missing character: There is no o in font nullfont!
Missing character: There is no n in font nullfont!
Missing character: There is no a in font nullfont!
Missing character: There is no n in font nullfont!
Missing character: There is no d in font nullfont!
Missing character: There is no i in font nullfont!
Missing character: There is no t in font nullfont!
Missing character: There is no s in font nullfont!
Missing character: There is no a in font nullfont!
Missing character: There is no s in font nullfont!
Missing character: There is no s in font nullfont!
Missing character: There is no o in font nullfont!
Missing character: There is no c in font nullfont!
Missing character: There is no i in font nullfont!
Missing character: There is no a in font nullfont!
Missing character: There is no t in font nullfont!
Missing character: There is no e in font nullfont!
Missing character: There is no d in font nullfont!
Missing character: There is no s in font nullfont!
Missing character: There is no e in font nullfont!
Missing character: There is no l in font nullfont!
Missing character: There is no f in font nullfont!
Missing character: There is no - in font nullfont!
Missing character: There is no c in font nullfont!
Missing character: There is no o in font nullfont!
Missing character: There is no n in font nullfont!
Missing character: There is no s in font nullfont!
Missing character: There is no i in font nullfont!
Missing character: There is no s in font nullfont!
Missing character: There is no t in font nullfont!
Missing character: There is no e in font nullfont!
Missing character: There is no n in font nullfont!
Missing character: There is no t in font nullfont!
Missing character: There is no H in font nullfont!
Missing character: There is no a in font nullfont!
Missing character: There is no r in font nullfont!
Missing character: There is no t in font nullfont!
Missing character: There is no r in font nullfont!
Missing character: There is no e in font nullfont!
Missing character: There is no e in font nullfont!
Missing character: There is no - in font nullfont!
Missing character: There is no F in font nullfont!
Missing character: There is no o in font nullfont!
Missing character: There is no c in font nullfont!
Missing character: There is no k in font nullfont!
Missing character: There is no m in font nullfont!
Missing character: There is no e in font nullfont!
Missing character: There is no t in font nullfont!
Missing character: There is no h in font nullfont!
Missing character: There is no o in font nullfont!
Missing character: There is no d in font nullfont!
Missing character: There is no h in font nullfont!
Missing character: There is no a in font nullfont!
Missing character: There is no s in font nullfont!
Missing character: There is no b in font nullfont!
Missing character: There is no e in font nullfont!
Missing character: There is no e in font nullfont!
Missing character: There is no n in font nullfont!
Missing character: There is no e in font nullfont!
Missing character: There is no x in font nullfont!
Missing character: There is no t in font nullfont!
Missing character: There is no r in font nullfont!
Missing character: There is no e in font nullfont!
Missing character: There is no m in font nullfont!
Missing character: There is no e in font nullfont!
Missing character: There is no l in font nullfont!
Missing character: There is no y in font nullfont!
Missing character: There is no s in font nullfont!
Missing character: There is no u in font nullfont!
Missing character: There is no c in font nullfont!
Missing character: There is no c in font nullfont!
Missing character: There is no e in font nullfont!
Missing character: There is no s in font nullfont!
Missing character: There is no s in font nullfont!
Missing character: There is no f in font nullfont!
Missing character: There is no u in font nullfont!
Missing character: There is no l in font nullfont!
Missing character: There is no f in font nullfont!
Missing character: There is no o in font nullfont!
Missing character: There is no r in font nullfont!
Missing character: There is no a in font nullfont!
Missing character: There is no l in font nullfont!
Missing character: There is no m in font nullfont!
Missing character: There is no o in font nullfont!
Missing character: There is no s in font nullfont!
Missing character: There is no t in font nullfont!
Missing character: There is no - in font nullfont!
Missing character: There is no f in font nullfont!
Missing character: There is no r in font nullfont!
Missing character: There is no e in font nullfont!
Missing character: There is no e in font nullfont!
Missing character: There is no f in font nullfont!
Missing character: There is no e in font nullfont!
Missing character: There is no r in font nullfont!
Missing character: There is no m in font nullfont!
Missing character: There is no i in font nullfont!
Missing character: There is no o in font nullfont!
Missing character: There is no n in font nullfont!
Missing character: There is no s in font nullfont!
Missing character: There is no y in font nullfont!
Missing character: There is no s in font nullfont!
Missing character: There is no t in font nullfont!
Missing character: There is no e in font nullfont!
Missing character: There is no m in font nullfont!
Missing character: There is no s in font nullfont!
Missing character: There is no a in font nullfont!
Missing character: There is no n in font nullfont!
Missing character: There is no d in font nullfont!
Missing character: There is no h in font nullfont!
Missing character: There is no a in font nullfont!
Missing character: There is no s in font nullfont!
Missing character: There is no e in font nullfont!
Missing character: There is no l in font nullfont!
Missing character: There is no u in font nullfont!
Missing character: There is no c in font nullfont!
Missing character: There is no i in font nullfont!
Missing character: There is no d in font nullfont!
Missing character: There is no a in font nullfont!
Missing character: There is no t in font nullfont!
Missing character: There is no e in font nullfont!
Missing character: There is no d in font nullfont!
Missing character: There is no t in font nullfont!
Missing character: There is no h in font nullfont!
Missing character: There is no e in font nullfont!
Missing character: There is no s in font nullfont!
Missing character: There is no t in font nullfont!
Missing character: There is no r in font nullfont!
Missing character: There is no u in font nullfont!
Missing character: There is no c in font nullfont!
Missing character: There is no t in font nullfont!
Missing character: There is no u in font nullfont!
Missing character: There is no r in font nullfont!
Missing character: There is no e in font nullfont!
Missing character: There is no o in font nullfont!
Missing character: There is no f in font nullfont!
Missing character: There is no t in font nullfont!
Missing character: There is no h in font nullfont!
Missing character: There is no e in font nullfont!
Missing character: There is no p in font nullfont!
Missing character: There is no e in font nullfont!
Missing character: There is no r in font nullfont!
Missing character: There is no i in font nullfont!
Missing character: There is no o in font nullfont!
Missing character: There is no d in font nullfont!
Missing character: There is no i in font nullfont!
Missing character: There is no c in font nullfont!
Missing character: There is no t in font nullfont!
Missing character: There is no a in font nullfont!
Missing character: There is no b in font nullfont!
Missing character: There is no l in font nullfont!
Missing character: There is no e in font nullfont!
Missing character: There is no o in font nullfont!
Missing character: There is no f in font nullfont!
Missing character: There is no e in font nullfont!
Missing character: There is no l in font nullfont!
Missing character: There is no e in font nullfont!
Missing character: There is no m in font nullfont!
Missing character: There is no e in font nullfont!
Missing character: There is no n in font nullfont!
Missing character: There is no t in font nullfont!
Missing character: There is no s in font nullfont!
Missing character: There is no . in font nullfont!
Missing character: There is no H in font nullfont!
Missing character: There is no o in font nullfont!
Missing character: There is no w in font nullfont!
Missing character: There is no e in font nullfont!
Missing character: There is no v in font nullfont!
Missing character: There is no e in font nullfont!
Missing character: There is no r in font nullfont!
Missing character: There is no , in font nullfont!
Missing character: There is no w in font nullfont!
Missing character: There is no h in font nullfont!
Missing character: There is no e in font nullfont!
Missing character: There is no n in font nullfont!
Missing character: There is no c in font nullfont!
Missing character: There is no o in font nullfont!
Missing character: There is no r in font nullfont!
Missing character: There is no r in font nullfont!
Missing character: There is no e in font nullfont!
Missing character: There is no l in font nullfont!
Missing character: There is no a in font nullfont!
Missing character: There is no t in font nullfont!
Missing character: There is no i in font nullfont!
Missing character: There is no o in font nullfont!
Missing character: There is no n in font nullfont!
Missing character: There is no s in font nullfont!
Missing character: There is no a in font nullfont!
Missing character: There is no r in font nullfont!
Missing character: There is no e in font nullfont!
Missing character: There is no s in font nullfont!
Missing character: There is no t in font nullfont!
Missing character: There is no r in font nullfont!
Missing character: There is no o in font nullfont!
Missing character: There is no n in font nullfont!
Missing character: There is no g in font nullfont!
Missing character: There is no , in font nullfont!
Missing character: There is no p in font nullfont!
Missing character: There is no e in font nullfont!
Missing character: There is no r in font nullfont!
Missing character: There is no t in font nullfont!
Missing character: There is no u in font nullfont!
Missing character: There is no r in font nullfont!
Missing character: There is no b in font nullfont!
Missing character: There is no a in font nullfont!
Missing character: There is no t in font nullfont!
Missing character: There is no i in font nullfont!
Missing character: There is no v in font nullfont!
Missing character: There is no e in font nullfont!
Missing character: There is no a in font nullfont!
Missing character: There is no p in font nullfont!
Missing character: There is no p in font nullfont!
Missing character: There is no r in font nullfont!
Missing character: There is no o in font nullfont!
Missing character: There is no a in font nullfont!
Missing character: There is no c in font nullfont!
Missing character: There is no h in font nullfont!
Missing character: There is no e in font nullfont!
Missing character: There is no s in font nullfont!
Missing character: There is no s in font nullfont!
Missing character: There is no u in font nullfont!
Missing character: There is no c in font nullfont!
Missing character: There is no h in font nullfont!
Missing character: There is no a in font nullfont!
Missing character: There is no s in font nullfont!
Missing character: There is no H in font nullfont!
Missing character: There is no a in font nullfont!
Missing character: There is no r in font nullfont!
Missing character: There is no t in font nullfont!
Missing character: There is no r in font nullfont!
Missing character: There is no e in font nullfont!
Missing character: There is no e in font nullfont!
Missing character: There is no - in font nullfont!
Missing character: There is no F in font nullfont!
Missing character: There is no o in font nullfont!
Missing character: There is no c in font nullfont!
Missing character: There is no k in font nullfont!
Missing character: There is no f in font nullfont!
Missing character: There is no a in font nullfont!
Missing character: There is no i in font nullfont!
Missing character: There is no l in font nullfont!
Missing character: There is no t in font nullfont!
Missing character: There is no o in font nullfont!
Missing character: There is no c in font nullfont!
Missing character: There is no a in font nullfont!
Missing character: There is no p in font nullfont!
Missing character: There is no t in font nullfont!
Missing character: There is no u in font nullfont!
Missing character: There is no r in font nullfont!
Missing character: There is no e in font nullfont!
Missing character: There is no t in font nullfont!
Missing character: There is no h in font nullfont!
Missing character: There is no e in font nullfont!
Missing character: There is no r in font nullfont!
Missing character: There is no e in font nullfont!
Missing character: There is no l in font nullfont!
Missing character: There is no e in font nullfont!
Missing character: There is no v in font nullfont!
Missing character: There is no a in font nullfont!
Missing character: There is no n in font nullfont!
Missing character: There is no t in font nullfont!
Missing character: There is no p in font nullfont!
Missing character: There is no h in font nullfont!
Missing character: There is no y in font nullfont!
Missing character: There is no s in font nullfont!
Missing character: There is no i in font nullfont!
Missing character: There is no c in font nullfont!
Missing character: There is no s in font nullfont!
Missing character: There is no . in font nullfont!
Missing character: There is no I in font nullfont!
Missing character: There is no t in font nullfont!
Missing character: There is no t in font nullfont!
Missing character: There is no u in font nullfont!
Missing character: There is no r in font nullfont!
Missing character: There is no n in font nullfont!
Missing character: There is no s in font nullfont!
Missing character: There is no o in font nullfont!
Missing character: There is no u in font nullfont!
Missing character: There is no t in font nullfont!
Missing character: There is no t in font nullfont!
Missing character: There is no h in font nullfont!
Missing character: There is no a in font nullfont!
Missing character: There is no t in font nullfont!
Missing character: There is no f in font nullfont!
Missing character: There is no o in font nullfont!
Missing character: There is no r in font nullfont!
Missing character: There is no s in font nullfont!
Missing character: There is no y in font nullfont!
Missing character: There is no s in font nullfont!
Missing character: There is no t in font nullfont!
Missing character: There is no e in font nullfont!
Missing character: There is no m in font nullfont!
Missing character: There is no s in font nullfont!
Missing character: There is no s in font nullfont!
Missing character: There is no a in font nullfont!
Missing character: There is no t in font nullfont!
Missing character: There is no i in font nullfont!
Missing character: There is no s in font nullfont!
Missing character: There is no f in font nullfont!
Missing character: There is no y in font nullfont!
Missing character: There is no i in font nullfont!
Missing character: There is no n in font nullfont!
Missing character: There is no g in font nullfont!
Missing character: There is no a in font nullfont!
Missing character: There is no n in font nullfont!
Missing character: There is no o in font nullfont!
Missing character: There is no f in font nullfont!
Missing character: There is no e in font nullfont!
Missing character: There is no n in font nullfont!
Missing character: There is no t in font nullfont!
Missing character: There is no a in font nullfont!
Missing character: There is no n in font nullfont!
Missing character: There is no g in font nullfont!
Missing character: There is no l in font nullfont!
Missing character: There is no e in font nullfont!
Missing character: There is no m in font nullfont!
Missing character: There is no e in font nullfont!
Missing character: There is no n in font nullfont!
Missing character: There is no t in font nullfont!
Missing character: There is no e in font nullfont!
Missing character: There is no n in font nullfont!
Missing character: There is no t in font nullfont!
Missing character: There is no r in font nullfont!
Missing character: There is no o in font nullfont!
Missing character: There is no p in font nullfont!
Missing character: There is no y in font nullfont!
Missing character: There is no , in font nullfont!
Missing character: There is no t in font nullfont!
Missing character: There is no h in font nullfont!
Missing character: There is no e in font nullfont!
Missing character: There is no n in font nullfont!
Missing character: There is no a in font nullfont!
Missing character: There is no t in font nullfont!
Missing character: There is no u in font nullfont!
Missing character: There is no r in font nullfont!
Missing character: There is no a in font nullfont!
Missing character: There is no l in font nullfont!
Missing character: There is no l in font nullfont!
Missing character: There is no o in font nullfont!
Missing character: There is no w in font nullfont!
Missing character: There is no - in font nullfont!
Missing character: There is no c in font nullfont!
Missing character: There is no o in font nullfont!
Missing character: There is no m in font nullfont!
Missing character: There is no p in font nullfont!
Missing character: There is no l in font nullfont!
Missing character: There is no e in font nullfont!
Missing character: There is no x in font nullfont!
Missing character: There is no i in font nullfont!
Missing character: There is no t in font nullfont!
Missing character: There is no y in font nullfont!
Missing character: There is no m in font nullfont!
Missing character: There is no a in font nullfont!
Missing character: There is no n in font nullfont!
Missing character: There is no i in font nullfont!
Missing character: There is no f in font nullfont!
Missing character: There is no o in font nullfont!
Missing character: There is no l in font nullfont!
Missing character: There is no d in font nullfont!
Missing character: There is no i in font nullfont!
Missing character: There is no s in font nullfont!
Missing character: There is no p in font nullfont!
Missing character: There is no r in font nullfont!
Missing character: There is no e in font nullfont!
Missing character: There is no c in font nullfont!
Missing character: There is no i in font nullfont!
Missing character: There is no s in font nullfont!
Missing character: There is no e in font nullfont!
Missing character: There is no l in font nullfont!
Missing character: There is no y in font nullfont!
Missing character: There is no t in font nullfont!
Missing character: There is no h in font nullfont!
Missing character: There is no a in font nullfont!
Missing character: There is no t in font nullfont!
Missing character: There is no o in font nullfont!
Missing character: There is no f in font nullfont!
Missing character: There is no t in font nullfont!
Missing character: There is no e in font nullfont!
Missing character: There is no n in font nullfont!
Missing character: There is no s in font nullfont!
Missing character: There is no o in font nullfont!
Missing character: There is no r in font nullfont!
Missing character: There is no n in font nullfont!
Missing character: There is no e in font nullfont!
Missing character: There is no t in font nullfont!
Missing character: There is no w in font nullfont!
Missing character: There is no o in font nullfont!
Missing character: There is no r in font nullfont!
Missing character: There is no k in font nullfont!
Missing character: There is no s in font nullfont!
Missing character: There is no t in font nullfont!
Missing character: There is no a in font nullfont!
Missing character: There is no t in font nullfont!
Missing character: There is no e in font nullfont!
Missing character: There is no s in font nullfont!
Missing character: There is no . in font nullfont!
Missing character: There is no I in font nullfont!
Missing character: There is no n in font nullfont!
Missing character: There is no p in font nullfont!
Missing character: There is no a in font nullfont!
Missing character: There is no r in font nullfont!
Missing character: There is no t in font nullfont!
Missing character: There is no i in font nullfont!
Missing character: There is no c in font nullfont!
Missing character: There is no u in font nullfont!
Missing character: There is no l in font nullfont!
Missing character: There is no a in font nullfont!
Missing character: There is no r in font nullfont!
Missing character: There is no , in font nullfont!
Missing character: There is no s in font nullfont!
Missing character: There is no u in font nullfont!
Missing character: There is no c in font nullfont!
Missing character: There is no h in font nullfont!
Missing character: There is no a in font nullfont!
Missing character: There is no n in font nullfont!
Missing character: There is no a in font nullfont!
Missing character: There is no r in font nullfont!
Missing character: There is no e in font nullfont!
Missing character: There is no a in font nullfont!
Missing character: There is no l in font nullfont!
Missing character: There is no a in font nullfont!
Missing character: There is no w in font nullfont!
Missing character: There is no i in font nullfont!
Missing character: There is no s in font nullfont!
Missing character: There is no k in font nullfont!
Missing character: There is no n in font nullfont!
Missing character: There is no o in font nullfont!
Missing character: There is no w in font nullfont!
Missing character: There is no n in font nullfont!
Missing character: There is no t in font nullfont!
Missing character: There is no o in font nullfont!
Missing character: There is no h in font nullfont!
Missing character: There is no o in font nullfont!
Missing character: There is no l in font nullfont!
Missing character: There is no d in font nullfont!
Missing character: There is no f in font nullfont!
Missing character: There is no o in font nullfont!
Missing character: There is no r in font nullfont!
Missing character: There is no l in font nullfont!
Missing character: There is no a in font nullfont!
Missing character: There is no t in font nullfont!
Missing character: There is no t in font nullfont!
Missing character: There is no i in font nullfont!
Missing character: There is no c in font nullfont!
Missing character: There is no e in font nullfont!
Missing character: There is no m in font nullfont!
Missing character: There is no o in font nullfont!
Missing character: There is no d in font nullfont!
Missing character: There is no e in font nullfont!
Missing character: There is no l in font nullfont!
Missing character: There is no s in font nullfont!
Missing character: There is no . in font nullfont!
! Undefined control sequence.
l.49 \section
             {Quantum lattice models}
The control sequence at the end of the top line
of your error message was never \def'ed. If you have
misspelled it (e.g., `\hobx'), type `I' and the correct
spelling (e.g., `I\hbox'). Otherwise just continue,
and I'll forget about whatever was undefined.

Missing character: There is no Q in font nullfont!
Missing character: There is no u in font nullfont!
Missing character: There is no a in font nullfont!
Missing character: There is no n in font nullfont!
Missing character: There is no t in font nullfont!
Missing character: There is no u in font nullfont!
Missing character: There is no m in font nullfont!
Missing character: There is no l in font nullfont!
Missing character: There is no a in font nullfont!
Missing character: There is no t in font nullfont!
Missing character: There is no t in font nullfont!
Missing character: There is no i in font nullfont!
Missing character: There is no c in font nullfont!
Missing character: There is no e in font nullfont!
Missing character: There is no m in font nullfont!
Missing character: There is no o in font nullfont!
Missing character: There is no d in font nullfont!
Missing character: There is no e in font nullfont!
Missing character: There is no l in font nullfont!
Missing character: There is no s in font nullfont!
Missing character: There is no Q in font nullfont!
Missing character: There is no u in font nullfont!
Missing character: There is no a in font nullfont!
Missing character: There is no n in font nullfont!
Missing character: There is no t in font nullfont!
Missing character: There is no u in font nullfont!
Missing character: There is no m in font nullfont!
Missing character: There is no l in font nullfont!
Missing character: There is no a in font nullfont!
Missing character: There is no t in font nullfont!
Missing character: There is no t in font nullfont!
Missing character: There is no i in font nullfont!
Missing character: There is no c in font nullfont!
Missing character: There is no e in font nullfont!
Missing character: There is no m in font nullfont!
Missing character: There is no o in font nullfont!
Missing character: There is no d in font nullfont!
Missing character: There is no e in font nullfont!
Missing character: There is no l in font nullfont!
Missing character: There is no s in font nullfont!
Missing character: There is no a in font nullfont!
Missing character: There is no p in font nullfont!
Missing character: There is no p in font nullfont!
Missing character: There is no e in font nullfont!
Missing character: There is no a in font nullfont!
Missing character: There is no r in font nullfont!
Missing character: There is no u in font nullfont!
Missing character: There is no b in font nullfont!
Missing character: There is no i in font nullfont!
Missing character: There is no q in font nullfont!
Missing character: There is no u in font nullfont!
Missing character: There is no i in font nullfont!
Missing character: There is no t in font nullfont!
Missing character: There is no o in font nullfont!
Missing character: There is no u in font nullfont!
Missing character: There is no s in font nullfont!
Missing character: There is no l in font nullfont!
Missing character: There is no y in font nullfont!
Missing character: There is no a in font nullfont!
Missing character: There is no s in font nullfont!
Missing character: There is no a in font nullfont!
Missing character: There is no n in font nullfont!
Missing character: There is no e in font nullfont!
Missing character: There is no f in font nullfont!
Missing character: There is no f in font nullfont!
Missing character: There is no e in font nullfont!
Missing character: There is no c in font nullfont!
Missing character: There is no t in font nullfont!
Missing character: There is no i in font nullfont!
Missing character: There is no v in font nullfont!
Missing character: There is no e in font nullfont!
Missing character: There is no , in font nullfont!
Missing character: There is no c in font nullfont!
Missing character: There is no o in font nullfont!
Missing character: There is no m in font nullfont!
Missing character: There is no p in font nullfont!
Missing character: There is no r in font nullfont!
Missing character: There is no e in font nullfont!
Missing character: There is no s in font nullfont!
Missing character: There is no s in font nullfont!
Missing character: There is no e in font nullfont!
Missing character: There is no d in font nullfont!
Missing character: There is no d in font nullfont!
Missing character: There is no e in font nullfont!
Missing character: There is no s in font nullfont!
Missing character: There is no c in font nullfont!
Missing character: There is no r in font nullfont!
Missing character: There is no i in font nullfont!
Missing character: There is no p in font nullfont!
Missing character: There is no t in font nullfont!
Missing character: There is no i in font nullfont!
Missing character: There is no o in font nullfont!
Missing character: There is no n in font nullfont!
Missing character: There is no o in font nullfont!
Missing character: There is no f in font nullfont!
Missing character: There is no t in font nullfont!
Missing character: There is no h in font nullfont!
Missing character: There is no e in font nullfont!
Missing character: There is no l in font nullfont!
Missing character: There is no o in font nullfont!
Missing character: There is no w in font nullfont!
Missing character: There is no - in font nullfont!
Missing character: There is no e in font nullfont!
Missing character: There is no n in font nullfont!
Missing character: There is no e in font nullfont!
Missing character: There is no r in font nullfont!
Missing character: There is no g in font nullfont!
Missing character: There is no y in font nullfont!
Missing character: There is no p in font nullfont!
Missing character: There is no h in font nullfont!
Missing character: There is no y in font nullfont!
Missing character: There is no s in font nullfont!
Missing character: There is no i in font nullfont!
Missing character: There is no c in font nullfont!
Missing character: There is no s in font nullfont!
Missing character: There is no o in font nullfont!
Missing character: There is no f in font nullfont!
Missing character: There is no a in font nullfont!
Missing character: There is no c in font nullfont!
Missing character: There is no o in font nullfont!
Missing character: There is no n in font nullfont!
Missing character: There is no d in font nullfont!
Missing character: There is no e in font nullfont!
Missing character: There is no n in font nullfont!
Missing character: There is no s in font nullfont!
Missing character: There is no e in font nullfont!
Missing character: There is no d in font nullfont!
Missing character: There is no m in font nullfont!
Missing character: There is no a in font nullfont!
Missing character: There is no t in font nullfont!
Missing character: There is no t in font nullfont!
Missing character: There is no e in font nullfont!
Missing character: There is no r in font nullfont!
Missing character: There is no s in font nullfont!
Missing character: There is no y in font nullfont!
Missing character: There is no s in font nullfont!
Missing character: There is no t in font nullfont!
Missing character: There is no e in font nullfont!
Missing character: There is no m in font nullfont!
Missing character: There is no o in font nullfont!
Missing character: There is no r in font nullfont!
Missing character: There is no a in font nullfont!
Missing character: There is no s in font nullfont!
Missing character: There is no s in font nullfont!
Missing character: There is no p in font nullfont!
Missing character: There is no a in font nullfont!
Missing character: There is no t in font nullfont!
Missing character: There is no i in font nullfont!
Missing character: There is no a in font nullfont!
Missing character: There is no l in font nullfont!
Missing character: There is no d in font nullfont!
Missing character: There is no i in font nullfont!
Missing character: There is no s in font nullfont!
Missing character: There is no c in font nullfont!
Missing character: There is no r in font nullfont!
Missing character: There is no e in font nullfont!
Missing character: There is no t in font nullfont!
Missing character: There is no i in font nullfont!
Missing character: There is no s in font nullfont!
Missing character: There is no a in font nullfont!
Missing character: There is no t in font nullfont!
Missing character: There is no i in font nullfont!
Missing character: There is no o in font nullfont!
Missing character: There is no n in font nullfont!
Missing character: There is no o in font nullfont!
Missing character: There is no f in font nullfont!
Missing character: There is no a in font nullfont!
Missing character: There is no q in font nullfont!
Missing character: There is no u in font nullfont!
Missing character: There is no a in font nullfont!
Missing character: There is no n in font nullfont!
Missing character: There is no t in font nullfont!
Missing character: There is no u in font nullfont!
Missing character: There is no m in font nullfont!
Missing character: There is no f in font nullfont!
Missing character: There is no i in font nullfont!
Missing character: There is no e in font nullfont!
Missing character: There is no l in font nullfont!
Missing character: There is no d in font nullfont!
Missing character: There is no t in font nullfont!
Missing character: There is no h in font nullfont!
Missing character: There is no e in font nullfont!
Missing character: There is no o in font nullfont!
Missing character: There is no r in font nullfont!
Missing character: There is no y in font nullfont!
Missing character: There is no . in font nullfont!
Missing character: There is no I in font nullfont!
Missing character: There is no n in font nullfont!
Missing character: There is no t in font nullfont!
Missing character: There is no h in font nullfont!
Missing character: There is no e in font nullfont!
Missing character: There is no c in font nullfont!
Missing character: There is no o in font nullfont!
Missing character: There is no n in font nullfont!
Missing character: There is no t in font nullfont!
Missing character: There is no e in font nullfont!
Missing character: There is no x in font nullfont!
Missing character: There is no t in font nullfont!
Missing character: There is no o in font nullfont!
Missing character: There is no f in font nullfont!
Missing character: There is no t in font nullfont!
Missing character: There is no h in font nullfont!
Missing character: There is no i in font nullfont!
Missing character: There is no s in font nullfont!
Missing character: There is no t in font nullfont!
Missing character: There is no h in font nullfont!
Missing character: There is no e in font nullfont!
Missing character: There is no s in font nullfont!
Missing character: There is no i in font nullfont!
Missing character: There is no s in font nullfont!
Missing character: There is no w in font nullfont!
Missing character: There is no e in font nullfont!
Missing character: There is no w in font nullfont!
Missing character: There is no i in font nullfont!
Missing character: There is no l in font nullfont!
Missing character: There is no l in font nullfont!
Missing character: There is no r in font nullfont!
Missing character: There is no o in font nullfont!
Missing character: There is no u in font nullfont!
Missing character: There is no g in font nullfont!
Missing character: There is no h in font nullfont!
Missing character: There is no l in font nullfont!
Missing character: There is no y in font nullfont!
Missing character: There is no t in font nullfont!
Missing character: There is no h in font nullfont!
Missing character: There is no i in font nullfont!
Missing character: There is no n in font nullfont!
Missing character: There is no k in font nullfont!
Missing character: There is no o in font nullfont!
Missing character: There is no f in font nullfont!
Missing character: There is no a in font nullfont!
Missing character: There is no a in font nullfont!
Missing character: There is no s in font nullfont!
Missing character: There is no a in font nullfont!
Missing character: There is no d in font nullfont!
Missing character: There is no i in font nullfont!
Missing character: There is no s in font nullfont!
Missing character: There is no c in font nullfont!
Missing character: There is no r in font nullfont!
Missing character: There is no e in font nullfont!
Missing character: There is no t in font nullfont!
Missing character: There is no i in font nullfont!
Missing character: There is no s in font nullfont!
Missing character: There is no a in font nullfont!
Missing character: There is no t in font nullfont!
Missing character: There is no i in font nullfont!
Missing character: There is no o in font nullfont!
Missing character: There is no n in font nullfont!
Missing character: There is no o in font nullfont!
Missing character: There is no f in font nullfont!
Missing character: There is no t in font nullfont!
Missing character: There is no h in font nullfont!
Missing character: There is no e in font nullfont!
Missing character: There is no s in font nullfont!
Missing character: There is no p in font nullfont!
Missing character: There is no a in font nullfont!
Missing character: There is no t in font nullfont!
Missing character: There is no i in font nullfont!
Missing character: There is no a in font nullfont!
Missing character: There is no l in font nullfont!
Missing character: There is no m in font nullfont!
Missing character: There is no a in font nullfont!
Missing character: There is no n in font nullfont!
Missing character: There is no i in font nullfont!
Missing character: There is no f in font nullfont!
Missing character: There is no o in font nullfont!
Missing character: There is no l in font nullfont!
Missing character: There is no d in font nullfont!
Missing character: There is no o in font nullfont!
Missing character: There is no n in font nullfont!
Missing character: There is no w in font nullfont!
Missing character: There is no h in font nullfont!
Missing character: There is no i in font nullfont!
Missing character: There is no c in font nullfont!
Missing character: There is no h in font nullfont!
Missing character: There is no t in font nullfont!
Missing character: There is no h in font nullfont!
Missing character: There is no e in font nullfont!
Missing character: There is no m in font nullfont!
Missing character: There is no o in font nullfont!
Missing character: There is no d in font nullfont!
Missing character: There is no e in font nullfont!
Missing character: There is no l in font nullfont!
Missing character: There is no i in font nullfont!
Missing character: There is no s in font nullfont!
Missing character: There is no d in font nullfont!
Missing character: There is no e in font nullfont!
Missing character: There is no f in font nullfont!
Missing character: There is no i in font nullfont!
Missing character: There is no n in font nullfont!
Missing character: There is no e in font nullfont!
Missing character: There is no d in font nullfont!
Missing character: There is no . in font nullfont!
Missing character: There is no I in font nullfont!
Missing character: There is no t in font nullfont!
Missing character: There is no c in font nullfont!
Missing character: There is no o in font nullfont!
Missing character: There is no n in font nullfont!
Missing character: There is no s in font nullfont!
Missing character: There is no i in font nullfont!
Missing character: There is no s in font nullfont!
Missing character: There is no t in font nullfont!
Missing character: There is no s in font nullfont!
Missing character: There is no o in font nullfont!
Missing character: There is no f in font nullfont!
Missing character: There is no a in font nullfont!
Missing character: There is no c in font nullfont!
Missing character: There is no o in font nullfont!
Missing character: There is no l in font nullfont!
Missing character: There is no l in font nullfont!
Missing character: There is no e in font nullfont!
Missing character: There is no c in font nullfont!
Missing character: There is no t in font nullfont!
Missing character: There is no i in font nullfont!
Missing character: There is no o in font nullfont!
Missing character: There is no n in font nullfont!
Missing character: There is no o in font nullfont!
Missing character: There is no f in font nullfont!
Missing character: There is no v in font nullfont!
Missing character: There is no e in font nullfont!
Missing character: There is no r in font nullfont!
Missing character: There is no t in font nullfont!
Missing character: There is no i in font nullfont!
Missing character: There is no c in font nullfont!
Missing character: There is no e in font nullfont!
Missing character: There is no s in font nullfont!
Missing character: There is no , in font nullfont!
Missing character: There is no e in font nullfont!
Missing character: There is no d in font nullfont!
Missing character: There is no g in font nullfont!
Missing character: There is no e in font nullfont!
Missing character: There is no s in font nullfont!
Missing character: There is no , in font nullfont!
Missing character: There is no p in font nullfont!
Missing character: There is no l in font nullfont!
Missing character: There is no a in font nullfont!
Missing character: There is no q in font nullfont!
Missing character: There is no u in font nullfont!
Missing character: There is no e in font nullfont!
Missing character: There is no t in font nullfont!
Missing character: There is no t in font nullfont!
Missing character: There is no e in font nullfont!
Missing character: There is no s in font nullfont!
Missing character: There is no , in font nullfont!
Missing character: There is no . in font nullfont!
Missing character: There is no . in font nullfont!
Missing character: There is no . in font nullfont!
Missing character: There is no t in font nullfont!
Missing character: There is no h in font nullfont!
Missing character: There is no a in font nullfont!
Missing character: There is no t in font nullfont!
Missing character: There is no w in font nullfont!
Missing character: There is no e in font nullfont!
Missing character: There is no w in font nullfont!
Missing character: There is no e in font nullfont!
Missing character: There is no w in font nullfont!
Missing character: There is no i in font nullfont!
Missing character: There is no l in font nullfont!
Missing character: There is no l in font nullfont!
Missing character: There is no d in font nullfont!
Missing character: There is no e in font nullfont!
Missing character: There is no n in font nullfont!
Missing character: There is no o in font nullfont!
Missing character: There is no t in font nullfont!
Missing character: There is no e in font nullfont!
Missing character: There is no b in font nullfont!
Missing character: There is no y in font nullfont!
! Undefined control sequence.
<recently read> \msf 
                     
l.50 ...tes, \dots that we we will denote by $\msf
                                                   V(\Lambda)$, $\msf E(\Lam...
The control sequence at the end of the top line
of your error message was never \def'ed. If you have
misspelled it (e.g., `\hobx'), type `I' and the correct
spelling (e.g., `I\hbox'). Otherwise just continue,
and I'll forget about whatever was undefined.

Missing character: There is no , in font nullfont!
! Undefined control sequence.
<recently read> \msf 
                     
l.50 ...we will denote by $\msf V(\Lambda)$, $\msf
                                                   E(\Lambda)$, $\msf P(\Lam...
The control sequence at the end of the top line
of your error message was never \def'ed. If you have
misspelled it (e.g., `\hobx'), type `I' and the correct
spelling (e.g., `I\hbox'). Otherwise just continue,
and I'll forget about whatever was undefined.

Missing character: There is no , in font nullfont!
! Undefined control sequence.
<recently read> \msf 
                     
l.50 ...\msf V(\Lambda)$, $\msf E(\Lambda)$, $\msf
                                                   P(\Lambda)$, \dots
The control sequence at the end of the top line
of your error message was never \def'ed. If you have
misspelled it (e.g., `\hobx'), type `I' and the correct
spelling (e.g., `I\hbox'). Otherwise just continue,
and I'll forget about whatever was undefined.

Missing character: There is no , in font nullfont!
Missing character: There is no . in font nullfont!
Missing character: There is no . in font nullfont!
Missing character: There is no . in font nullfont!

Overfull \hbox (22.48875pt too wide) in paragraph at lines 48--51
                \OT1/cmr/m/it/10 man-
 []


Overfull \hbox (6.6444pt too wide) in paragraph at lines 48--51
\OT1/cmr/m/it/10 i-
 []


Overfull \hbox (15.84436pt too wide) in paragraph at lines 48--51
\OT1/cmr/m/it/10 fold
 []


Overfull \hbox (8.17773pt too wide) in paragraph at lines 48--51
\OT1/cmr/m/it/10 of
 []


Overfull \hbox (24.53316pt too wide) in paragraph at lines 48--51
\OT1/cmr/m/it/10 states
 []


Overfull \hbox (25.4276pt too wide) in paragraph at lines 48--51
\OT1/cmr/m/it/10 Slater
 []


Overfull \hbox (13.28879pt too wide) in paragraph at lines 48--51
\OT1/cmr/m/it/10 de-
 []


Overfull \hbox (15.71652pt too wide) in paragraph at lines 48--51
\OT1/cmr/m/it/10 ter-
 []


Overfull \hbox (14.82213pt too wide) in paragraph at lines 48--51
\OT1/cmr/m/it/10 mi-
 []


Overfull \hbox (23.76653pt too wide) in paragraph at lines 48--51
\OT1/cmr/m/it/10 nants
 []


Overfull \hbox (18.01651pt too wide) in paragraph at lines 48--51
\OT1/cmr/m/it/10 area
 []


Overfull \hbox (14.31104pt too wide) in paragraph at lines 48--51
\OT1/cmr/m/it/10 law
 []


Overfull \hbox (11.24437pt too wide) in paragraph at lines 48--51
\OT1/cmr/m/it/10 lo-
 []


Overfull \hbox (11.75546pt too wide) in paragraph at lines 48--51
\OT1/cmr/m/it/10 cal
 []


Overfull \hbox (28.62201pt too wide) in paragraph at lines 48--51
\OT1/cmr/m/it/10 gapped
 []


Overfull \hbox (14.56656pt too wide) in paragraph at lines 48--51
\OT1/cmr/m/it/10 lat-
 []


Overfull \hbox (15.07764pt too wide) in paragraph at lines 48--51
\OT1/cmr/m/it/10 tice
 []


Overfull \hbox (6.94444pt too wide) in paragraph at lines 48--51
\/cmr/m/n/10 ^^C$
 []


Overfull \hbox (22.7778pt too wide) in paragraph at lines 48--51
\OML/cmm/m/it/10 V\/cmr/m/n/10 (^^C)$
 []


Overfull \hbox (22.68056pt too wide) in paragraph at lines 48--51
\OML/cmm/m/it/10 E\/cmr/m/n/10 (^^C)$
 []


Overfull \hbox (22.53128pt too wide) in paragraph at lines 48--51
\OML/cmm/m/it/10 P\/cmr/m/n/10 (^^C)$
 []


! LaTeX Error: Missing \begin{document}.

See the LaTeX manual or LaTeX Companion for explanation.
Type  H <return>  for immediate help.
 ...                                              
                                                  
l.52 P
      rovided a lattice, the many-body Hilbert space \cref{eq:HilbertSpace} ...

You're in trouble here.  Try typing  <return>  to proceed.
If that doesn't work, type  X <return>  to quit.

Missing character: There is no P in font nullfont!
Missing character: There is no r in font nullfont!
Missing character: There is no o in font nullfont!
Missing character: There is no v in font nullfont!
Missing character: There is no i in font nullfont!
Missing character: There is no d in font nullfont!
Missing character: There is no e in font nullfont!
Missing character: There is no d in font nullfont!
Missing character: There is no a in font nullfont!
Missing character: There is no l in font nullfont!
Missing character: There is no a in font nullfont!
Missing character: There is no t in font nullfont!
Missing character: There is no t in font nullfont!
Missing character: There is no i in font nullfont!
Missing character: There is no c in font nullfont!
Missing character: There is no e in font nullfont!
Missing character: There is no , in font nullfont!
Missing character: There is no t in font nullfont!
Missing character: There is no h in font nullfont!
Missing character: There is no e in font nullfont!
Missing character: There is no m in font nullfont!
Missing character: There is no a in font nullfont!
Missing character: There is no n in font nullfont!
Missing character: There is no y in font nullfont!
Missing character: There is no - in font nullfont!
Missing character: There is no b in font nullfont!
Missing character: There is no o in font nullfont!
Missing character: There is no d in font nullfont!
Missing character: There is no y in font nullfont!
Missing character: There is no H in font nullfont!
Missing character: There is no i in font nullfont!
Missing character: There is no l in font nullfont!
Missing character: There is no b in font nullfont!
Missing character: There is no e in font nullfont!
Missing character: There is no r in font nullfont!
Missing character: There is no t in font nullfont!
Missing character: There is no s in font nullfont!
Missing character: There is no p in font nullfont!
Missing character: There is no a in font nullfont!
Missing character: There is no c in font nullfont!
Missing character: There is no e in font nullfont!
! Undefined control sequence.
l.52 ...lattice, the many-body Hilbert space \cref
                                                  {eq:HilbertSpace} is const...
The control sequence at the end of the top line
of your error message was never \def'ed. If you have
misspelled it (e.g., `\hobx'), type `I' and the correct
spelling (e.g., `I\hbox'). Otherwise just continue,
and I'll forget about whatever was undefined.

Missing character: There is no e in font nullfont!
Missing character: There is no q in font nullfont!
Missing character: There is no : in font nullfont!
Missing character: There is no H in font nullfont!
Missing character: There is no i in font nullfont!
Missing character: There is no l in font nullfont!
Missing character: There is no b in font nullfont!
Missing character: There is no e in font nullfont!
Missing character: There is no r in font nullfont!
Missing character: There is no t in font nullfont!
Missing character: There is no S in font nullfont!
Missing character: There is no p in font nullfont!
Missing character: There is no a in font nullfont!
Missing character: There is no c in font nullfont!
Missing character: There is no e in font nullfont!
Missing character: There is no i in font nullfont!
Missing character: There is no s in font nullfont!
Missing character: There is no c in font nullfont!
Missing character: There is no o in font nullfont!
Missing character: There is no n in font nullfont!
Missing character: There is no s in font nullfont!
Missing character: There is no t in font nullfont!
Missing character: There is no r in font nullfont!
Missing character: There is no u in font nullfont!
Missing character: There is no c in font nullfont!
Missing character: There is no t in font nullfont!
Missing character: There is no e in font nullfont!
Missing character: There is no d in font nullfont!
Missing character: There is no b in font nullfont!
Missing character: There is no y in font nullfont!
Missing character: There is no a in font nullfont!
Missing character: There is no s in font nullfont!
Missing character: There is no s in font nullfont!
Missing character: There is no i in font nullfont!
Missing character: There is no g in font nullfont!
Missing character: There is no n in font nullfont!
Missing character: There is no i in font nullfont!
Missing character: There is no n in font nullfont!
Missing character: There is no g in font nullfont!
Missing character: There is no a in font nullfont!
Missing character: There is no l in font nullfont!
Missing character: There is no o in font nullfont!
Missing character: There is no c in font nullfont!
Missing character: There is no a in font nullfont!
Missing character: There is no l in font nullfont!
Missing character: There is no H in font nullfont!
Missing character: There is no i in font nullfont!
Missing character: There is no l in font nullfont!
Missing character: There is no b in font nullfont!
Missing character: There is no e in font nullfont!
Missing character: There is no r in font nullfont!
Missing character: There is no t in font nullfont!
Missing character: There is no s in font nullfont!
Missing character: There is no p in font nullfont!
Missing character: There is no a in font nullfont!
Missing character: There is no c in font nullfont!
Missing character: There is no e in font nullfont!
Missing character: There is no t in font nullfont!
Missing character: There is no o in font nullfont!
Missing character: There is no t in font nullfont!
Missing character: There is no h in font nullfont!
Missing character: There is no e in font nullfont!
Missing character: There is no v in font nullfont!
Missing character: There is no e in font nullfont!
Missing character: There is no r in font nullfont!
Missing character: There is no t in font nullfont!
Missing character: There is no i in font nullfont!
Missing character: There is no c in font nullfont!
Missing character: There is no e in font nullfont!
Missing character: There is no s in font nullfont!
Missing character: There is no , in font nullfont!
Missing character: There is no e in font nullfont!
Missing character: There is no d in font nullfont!
Missing character: There is no g in font nullfont!
Missing character: There is no e in font nullfont!
Missing character: There is no s in font nullfont!
Missing character: There is no , in font nullfont!
Missing character: There is no p in font nullfont!
Missing character: There is no l in font nullfont!
Missing character: There is no a in font nullfont!
Missing character: There is no q in font nullfont!
Missing character: There is no u in font nullfont!
Missing character: There is no e in font nullfont!
Missing character: There is no t in font nullfont!
Missing character: There is no t in font nullfont!
Missing character: There is no e in font nullfont!
Missing character: There is no s in font nullfont!
Missing character: There is no o in font nullfont!
Missing character: There is no r in font nullfont!
Missing character: There is no c in font nullfont!
Missing character: There is no o in font nullfont!
Missing character: There is no m in font nullfont!
Missing character: There is no b in font nullfont!
Missing character: There is no i in font nullfont!
Missing character: There is no n in font nullfont!
Missing character: There is no a in font nullfont!
Missing character: There is no t in font nullfont!
Missing character: There is no i in font nullfont!
Missing character: There is no o in font nullfont!
Missing character: There is no n in font nullfont!
Missing character: There is no t in font nullfont!
Missing character: There is no h in font nullfont!
Missing character: There is no e in font nullfont!
Missing character: There is no r in font nullfont!
Missing character: There is no e in font nullfont!
Missing character: There is no o in font nullfont!
Missing character: There is no f in font nullfont!
Missing character: There is no . in font nullfont!
Missing character: There is no T in font nullfont!
Missing character: There is no h in font nullfont!
Missing character: There is no e in font nullfont!
Missing character: There is no m in font nullfont!
Missing character: There is no o in font nullfont!
Missing character: There is no d in font nullfont!
Missing character: There is no e in font nullfont!
Missing character: There is no l in font nullfont!
Missing character: There is no i in font nullfont!
Missing character: There is no t in font nullfont!
Missing character: There is no s in font nullfont!
Missing character: There is no e in font nullfont!
Missing character: There is no l in font nullfont!
Missing character: There is no f in font nullfont!
Missing character: There is no i in font nullfont!
Missing character: There is no s in font nullfont!
Missing character: There is no t in font nullfont!
Missing character: There is no h in font nullfont!
Missing character: There is no e in font nullfont!
Missing character: There is no n in font nullfont!
Missing character: There is no d in font nullfont!
Missing character: There is no e in font nullfont!
Missing character: There is no f in font nullfont!
Missing character: There is no i in font nullfont!
Missing character: There is no n in font nullfont!
Missing character: There is no e in font nullfont!
Missing character: There is no d in font nullfont!
Missing character: There is no t in font nullfont!
Missing character: There is no h in font nullfont!
Missing character: There is no r in font nullfont!
Missing character: There is no o in font nullfont!
Missing character: There is no u in font nullfont!
Missing character: There is no g in font nullfont!
Missing character: There is no h in font nullfont!
Missing character: There is no a in font nullfont!
Missing character: There is no m in font nullfont!
Missing character: There is no i in font nullfont!
Missing character: There is no c in font nullfont!
Missing character: There is no r in font nullfont!
Missing character: There is no o in font nullfont!
Missing character: There is no s in font nullfont!
Missing character: There is no c in font nullfont!
Missing character: There is no o in font nullfont!
Missing character: There is no p in font nullfont!
Missing character: There is no i in font nullfont!
Missing character: There is no c in font nullfont!
Missing character: There is no H in font nullfont!
Missing character: There is no a in font nullfont!
Missing character: There is no m in font nullfont!
Missing character: There is no i in font nullfont!
Missing character: There is no l in font nullfont!
Missing character: There is no t in font nullfont!
Missing character: There is no o in font nullfont!
Missing character: There is no n in font nullfont!
Missing character: There is no i in font nullfont!
Missing character: There is no a in font nullfont!
Missing character: There is no n in font nullfont!
Missing character: There is no c in font nullfont!
Missing character: There is no o in font nullfont!
Missing character: There is no n in font nullfont!
Missing character: There is no s in font nullfont!
Missing character: There is no i in font nullfont!
Missing character: There is no s in font nullfont!
Missing character: There is no t in font nullfont!
Missing character: There is no i in font nullfont!
Missing character: There is no n in font nullfont!
Missing character: There is no g in font nullfont!
Missing character: There is no o in font nullfont!
Missing character: There is no f in font nullfont!
Missing character: There is no t in font nullfont!
Missing character: There is no e in font nullfont!
Missing character: There is no r in font nullfont!
Missing character: There is no m in font nullfont!
Missing character: There is no s in font nullfont!
Missing character: There is no s in font nullfont!
Missing character: There is no o in font nullfont!
Missing character: There is no t in font nullfont!
Missing character: There is no h in font nullfont!
Missing character: There is no a in font nullfont!
Missing character: There is no t in font nullfont!
Missing character: There is no i in font nullfont!
Missing character: There is no t in font nullfont!
Missing character: There is no c in font nullfont!
Missing character: There is no a in font nullfont!
Missing character: There is no n in font nullfont!
Missing character: There is no b in font nullfont!
Missing character: There is no e in font nullfont!
Missing character: There is no w in font nullfont!
Missing character: There is no r in font nullfont!
Missing character: There is no i in font nullfont!
Missing character: There is no t in font nullfont!
Missing character: There is no t in font nullfont!
Missing character: There is no e in font nullfont!
Missing character: There is no n in font nullfont!
Missing character: There is no a in font nullfont!
Missing character: There is no s in font nullfont!
! Undefined control sequence.
l.52 ... so that it can be written as $H=\sum_\msf
                                                   i h_{\msf i,K}$ where $h_...
The control sequence at the end of the top line
of your error message was never \def'ed. If you have
misspelled it (e.g., `\hobx'), type `I' and the correct
spelling (e.g., `I\hbox'). Otherwise just continue,
and I'll forget about whatever was undefined.

! Undefined control sequence.
l.52 ...t can be written as $H=\sum_\msf i h_{\msf
                                                   i,K}$ where $h_{\msf i, K...
The control sequence at the end of the top line
of your error message was never \def'ed. If you have
misspelled it (e.g., `\hobx'), type `I' and the correct
spelling (e.g., `I\hbox'). Otherwise just continue,
and I'll forget about whatever was undefined.

Missing character: There is no w in font nullfont!
Missing character: There is no h in font nullfont!
Missing character: There is no e in font nullfont!
Missing character: There is no r in font nullfont!
Missing character: There is no e in font nullfont!
! Undefined control sequence.
l.52 ...H=\sum_\msf i h_{\msf i,K}$ where $h_{\msf
                                                   i, K}$ is a term acting o...
The control sequence at the end of the top line
of your error message was never \def'ed. If you have
misspelled it (e.g., `\hobx'), type `I' and the correct
spelling (e.g., `I\hbox'). Otherwise just continue,
and I'll forget about whatever was undefined.

Missing character: There is no i in font nullfont!
Missing character: There is no s in font nullfont!
Missing character: There is no a in font nullfont!
Missing character: There is no t in font nullfont!
Missing character: There is no e in font nullfont!
Missing character: There is no r in font nullfont!
Missing character: There is no m in font nullfont!
Missing character: There is no a in font nullfont!
Missing character: There is no c in font nullfont!
Missing character: There is no t in font nullfont!
Missing character: There is no i in font nullfont!
Missing character: There is no n in font nullfont!
Missing character: There is no g in font nullfont!
Missing character: There is no o in font nullfont!
Missing character: There is no n in font nullfont!
Missing character: There is no s in font nullfont!
Missing character: There is no i in font nullfont!
Missing character: There is no t in font nullfont!
Missing character: There is no e in font nullfont!
! Undefined control sequence.
<recently read> \msf 
                     
l.52 ...\msf i, K}$ is a term acting on site $\msf
                                                   i$ and acting non-trivial...
The control sequence at the end of the top line
of your error message was never \def'ed. If you have
misspelled it (e.g., `\hobx'), type `I' and the correct
spelling (e.g., `I\hbox'). Otherwise just continue,
and I'll forget about whatever was undefined.

Missing character: There is no a in font nullfont!
Missing character: There is no n in font nullfont!
Missing character: There is no d in font nullfont!
Missing character: There is no a in font nullfont!
Missing character: There is no c in font nullfont!
Missing character: There is no t in font nullfont!
Missing character: There is no i in font nullfont!
Missing character: There is no n in font nullfont!
Missing character: There is no g in font nullfont!
Missing character: There is no n in font nullfont!
Missing character: There is no o in font nullfont!
Missing character: There is no n in font nullfont!
Missing character: There is no - in font nullfont!
Missing character: There is no t in font nullfont!
Missing character: There is no r in font nullfont!
Missing character: There is no i in font nullfont!
Missing character: There is no v in font nullfont!
Missing character: There is no i in font nullfont!
Missing character: There is no a in font nullfont!
Missing character: There is no l in font nullfont!
Missing character: There is no l in font nullfont!
Missing character: There is no y in font nullfont!
Missing character: There is no o in font nullfont!
Missing character: There is no n in font nullfont!
Missing character: There is no t in font nullfont!
Missing character: There is no h in font nullfont!
Missing character: There is no e in font nullfont!
Missing character: There is no n in font nullfont!
Missing character: There is no e in font nullfont!
Missing character: There is no a in font nullfont!
Missing character: There is no r in font nullfont!
Missing character: There is no e in font nullfont!
Missing character: There is no s in font nullfont!
Missing character: There is no t in font nullfont!
Missing character: There is no n in font nullfont!
Missing character: There is no e in font nullfont!
Missing character: There is no i in font nullfont!
Missing character: There is no g in font nullfont!
Missing character: There is no h in font nullfont!
Missing character: There is no b in font nullfont!
Missing character: There is no o in font nullfont!
Missing character: There is no u in font nullfont!
Missing character: There is no r in font nullfont!
Missing character: There is no s in font nullfont!
Missing character: There is no . in font nullfont!
Missing character: There is no M in font nullfont!
Missing character: There is no o in font nullfont!
Missing character: There is no r in font nullfont!
Missing character: There is no e in font nullfont!
Missing character: There is no o in font nullfont!
Missing character: There is no v in font nullfont!
Missing character: There is no e in font nullfont!
Missing character: There is no r in font nullfont!
Missing character: There is no , in font nullfont!
Missing character: There is no t in font nullfont!
Missing character: There is no h in font nullfont!
Missing character: There is no e in font nullfont!
Missing character: There is no y in font nullfont!
Missing character: There is no t in font nullfont!
Missing character: There is no y in font nullfont!
Missing character: There is no p in font nullfont!
Missing character: There is no i in font nullfont!
Missing character: There is no c in font nullfont!
Missing character: There is no a in font nullfont!
Missing character: There is no l in font nullfont!
Missing character: There is no l in font nullfont!
Missing character: There is no y in font nullfont!
Missing character: There is no d in font nullfont!
Missing character: There is no e in font nullfont!
Missing character: There is no p in font nullfont!
Missing character: There is no e in font nullfont!
Missing character: There is no n in font nullfont!
Missing character: There is no d in font nullfont!
Missing character: There is no o in font nullfont!
Missing character: There is no n in font nullfont!
Missing character: There is no a in font nullfont!
Missing character: There is no s in font nullfont!
Missing character: There is no m in font nullfont!
Missing character: There is no a in font nullfont!
Missing character: There is no l in font nullfont!
Missing character: There is no l in font nullfont!
Missing character: There is no n in font nullfont!
Missing character: There is no u in font nullfont!
Missing character: There is no m in font nullfont!
Missing character: There is no b in font nullfont!
Missing character: There is no e in font nullfont!
Missing character: There is no r in font nullfont!
Missing character: There is no o in font nullfont!
Missing character: There is no f in font nullfont!
Missing character: There is no t in font nullfont!
Missing character: There is no u in font nullfont!
Missing character: There is no n in font nullfont!
Missing character: There is no a in font nullfont!
Missing character: There is no b in font nullfont!
Missing character: There is no l in font nullfont!
Missing character: There is no e in font nullfont!
Missing character: There is no p in font nullfont!
Missing character: There is no a in font nullfont!
Missing character: There is no r in font nullfont!
Missing character: There is no a in font nullfont!
Missing character: There is no m in font nullfont!
Missing character: There is no e in font nullfont!
Missing character: There is no t in font nullfont!
Missing character: There is no e in font nullfont!
Missing character: There is no r in font nullfont!
Missing character: There is no s in font nullfont!
Missing character: There is no t in font nullfont!
Missing character: There is no h in font nullfont!
Missing character: There is no a in font nullfont!
Missing character: There is no t in font nullfont!
Missing character: There is no a in font nullfont!
Missing character: There is no r in font nullfont!
Missing character: There is no e in font nullfont!
Missing character: There is no m in font nullfont!
Missing character: There is no e in font nullfont!
Missing character: There is no a in font nullfont!
Missing character: There is no n in font nullfont!
Missing character: There is no t in font nullfont!
Missing character: There is no t in font nullfont!
Missing character: There is no o in font nullfont!
Missing character: There is no m in font nullfont!
Missing character: There is no i in font nullfont!
Missing character: There is no m in font nullfont!
Missing character: There is no i in font nullfont!
Missing character: There is no c in font nullfont!
Missing character: There is no a in font nullfont!
Missing character: There is no m in font nullfont!
Missing character: There is no o in font nullfont!
Missing character: There is no n in font nullfont!
Missing character: There is no g in font nullfont!
Missing character: There is no o in font nullfont!
Missing character: There is no t in font nullfont!
Missing character: There is no h in font nullfont!
Missing character: There is no e in font nullfont!
Missing character: There is no r in font nullfont!
Missing character: There is no t in font nullfont!
Missing character: There is no h in font nullfont!
Missing character: There is no i in font nullfont!
Missing character: There is no n in font nullfont!
Missing character: There is no g in font nullfont!
Missing character: There is no s in font nullfont!
Missing character: There is no e in font nullfont!
Missing character: There is no x in font nullfont!
Missing character: There is no t in font nullfont!
Missing character: There is no e in font nullfont!
Missing character: There is no r in font nullfont!
Missing character: There is no n in font nullfont!
Missing character: There is no a in font nullfont!
Missing character: There is no l in font nullfont!
Missing character: There is no p in font nullfont!
Missing character: There is no o in font nullfont!
Missing character: There is no t in font nullfont!
Missing character: There is no e in font nullfont!
Missing character: There is no n in font nullfont!
Missing character: There is no t in font nullfont!
Missing character: There is no i in font nullfont!
Missing character: There is no a in font nullfont!
Missing character: There is no l in font nullfont!
Missing character: There is no s in font nullfont!
Missing character: There is no a in font nullfont!
Missing character: There is no n in font nullfont!
Missing character: There is no d in font nullfont!
Missing character: There is no c in font nullfont!
Missing character: There is no h in font nullfont!
Missing character: There is no e in font nullfont!
Missing character: There is no m in font nullfont!
Missing character: There is no i in font nullfont!
Missing character: There is no c in font nullfont!
Missing character: There is no a in font nullfont!
Missing character: There is no l in font nullfont!
Missing character: There is no p in font nullfont!
Missing character: There is no o in font nullfont!
Missing character: There is no t in font nullfont!
Missing character: There is no e in font nullfont!
Missing character: There is no n in font nullfont!
Missing character: There is no t in font nullfont!
Missing character: There is no i in font nullfont!
Missing character: There is no a in font nullfont!
Missing character: There is no l in font nullfont!
Missing character: There is no s in font nullfont!
Missing character: There is no . in font nullfont!
! Undefined control sequence.
l.52 ... potentials and chemical potentials. \Bram
                                                  {Locality leads to QP exci...
The control sequence at the end of the top line
of your error message was never \def'ed. If you have
misspelled it (e.g., `\hobx'), type `I' and the correct
spelling (e.g., `I\hbox'). Otherwise just continue,
and I'll forget about whatever was undefined.

Missing character: There is no L in font nullfont!
Missing character: There is no o in font nullfont!
Missing character: There is no c in font nullfont!
Missing character: There is no a in font nullfont!
Missing character: There is no l in font nullfont!
Missing character: There is no i in font nullfont!
Missing character: There is no t in font nullfont!
Missing character: There is no y in font nullfont!
Missing character: There is no l in font nullfont!
Missing character: There is no e in font nullfont!
Missing character: There is no a in font nullfont!
Missing character: There is no d in font nullfont!
Missing character: There is no s in font nullfont!
Missing character: There is no t in font nullfont!
Missing character: There is no o in font nullfont!
Missing character: There is no Q in font nullfont!
Missing character: There is no P in font nullfont!
Missing character: There is no e in font nullfont!
Missing character: There is no x in font nullfont!
Missing character: There is no c in font nullfont!
Missing character: There is no i in font nullfont!
Missing character: There is no t in font nullfont!
Missing character: There is no a in font nullfont!
Missing character: There is no t in font nullfont!
Missing character: There is no i in font nullfont!
Missing character: There is no o in font nullfont!
Missing character: There is no n in font nullfont!
Missing character: There is no s in font nullfont!

Overfull \hbox (20.0pt too wide) in paragraph at lines 52--53
[]
 []


Overfull \hbox (9.12497pt too wide) in paragraph at lines 52--53
\OML/cmm/m/it/10 H$
 []


Overfull \hbox (12.77766pt too wide) in paragraph at lines 52--53
\OT1/cmr/m/it/10 ge-
 []


Overfull \hbox (8.68883pt too wide) in paragraph at lines 52--53
\OT1/cmr/m/it/10 o-
 []


Overfull \hbox (19.67763pt too wide) in paragraph at lines 52--53
\OT1/cmr/m/it/10 met-
 []


Overfull \hbox (10.86102pt too wide) in paragraph at lines 52--53
\OT1/cmr/m/it/10 ri-
 []


Overfull \hbox (19.67763pt too wide) in paragraph at lines 52--53
\OT1/cmr/m/it/10 cally
 []


Overfull \hbox (11.24437pt too wide) in paragraph at lines 52--53
\OT1/cmr/m/it/10 lo-
 []


Overfull \hbox (11.75546pt too wide) in paragraph at lines 52--53
\OT1/cmr/m/it/10 cal
 []


Overfull \hbox (19.68048pt too wide) in paragraph at lines 52--53
\OML/cmm/m/it/10 H \/cmr/m/n/10 =
 []


Overfull \hbox (34.22713pt too wide) in paragraph at lines 52--53
[][] \OML/cmm/m/it/10 h[]$
 []


Overfull \hbox (18.67563pt too wide) in paragraph at lines 52--53
\OML/cmm/m/it/10 h[]$
 []


Overfull \hbox (3.44513pt too wide) in paragraph at lines 52--53
\OML/cmm/m/it/10 i$
 []


Overfull \hbox (16.98613pt too wide) in paragraph at lines 52--53
\OML/cmm/m/it/10 K \OMS/cmsy/m/n/10 ^^@
 []


Overfull \hbox (5.00002pt too wide) in paragraph at lines 52--53
\/cmr/m/n/10 1$
 []


! LaTeX Error: Missing \begin{document}.

See the LaTeX manual or LaTeX Companion for explanation.
Type  H <return>  for immediate help.
 ...                                              
                                                  
l.54 T
      hroughout this thesis we are primarily interested in the ground state ...

You're in trouble here.  Try typing  <return>  to proceed.
If that doesn't work, type  X <return>  to quit.

Missing character: There is no T in font nullfont!
Missing character: There is no h in font nullfont!
Missing character: There is no r in font nullfont!
Missing character: There is no o in font nullfont!
Missing character: There is no u in font nullfont!
Missing character: There is no g in font nullfont!
Missing character: There is no h in font nullfont!
Missing character: There is no o in font nullfont!
Missing character: There is no u in font nullfont!
Missing character: There is no t in font nullfont!
Missing character: There is no t in font nullfont!
Missing character: There is no h in font nullfont!
Missing character: There is no i in font nullfont!
Missing character: There is no s in font nullfont!
Missing character: There is no t in font nullfont!
Missing character: There is no h in font nullfont!
Missing character: There is no e in font nullfont!
Missing character: There is no s in font nullfont!
Missing character: There is no i in font nullfont!
Missing character: There is no s in font nullfont!
Missing character: There is no w in font nullfont!
Missing character: There is no e in font nullfont!
Missing character: There is no a in font nullfont!
Missing character: There is no r in font nullfont!
Missing character: There is no e in font nullfont!
Missing character: There is no p in font nullfont!
Missing character: There is no r in font nullfont!
Missing character: There is no i in font nullfont!
Missing character: There is no m in font nullfont!
Missing character: There is no a in font nullfont!
Missing character: There is no r in font nullfont!
Missing character: There is no i in font nullfont!
Missing character: There is no l in font nullfont!
Missing character: There is no y in font nullfont!
Missing character: There is no i in font nullfont!
Missing character: There is no n in font nullfont!
Missing character: There is no t in font nullfont!
Missing character: There is no e in font nullfont!
Missing character: There is no r in font nullfont!
Missing character: There is no e in font nullfont!
Missing character: There is no s in font nullfont!
Missing character: There is no t in font nullfont!
Missing character: There is no e in font nullfont!
Missing character: There is no d in font nullfont!
Missing character: There is no i in font nullfont!
Missing character: There is no n in font nullfont!
Missing character: There is no t in font nullfont!
Missing character: There is no h in font nullfont!
Missing character: There is no e in font nullfont!
Missing character: There is no g in font nullfont!
Missing character: There is no r in font nullfont!
Missing character: There is no o in font nullfont!
Missing character: There is no u in font nullfont!
Missing character: There is no n in font nullfont!
Missing character: There is no d in font nullfont!
Missing character: There is no s in font nullfont!
Missing character: There is no t in font nullfont!
Missing character: There is no a in font nullfont!
Missing character: There is no t in font nullfont!
Missing character: There is no e in font nullfont!
Missing character: There is no a in font nullfont!
Missing character: There is no n in font nullfont!
Missing character: There is no d in font nullfont!
Missing character: There is no l in font nullfont!
Missing character: There is no o in font nullfont!
Missing character: There is no w in font nullfont!
Missing character: There is no - in font nullfont!
Missing character: There is no l in font nullfont!
Missing character: There is no y in font nullfont!
Missing character: There is no i in font nullfont!
Missing character: There is no n in font nullfont!
Missing character: There is no g in font nullfont!
Missing character: There is no e in font nullfont!
Missing character: There is no x in font nullfont!
Missing character: There is no c in font nullfont!
Missing character: There is no i in font nullfont!
Missing character: There is no t in font nullfont!
Missing character: There is no e in font nullfont!
Missing character: There is no d in font nullfont!
Missing character: There is no s in font nullfont!
Missing character: There is no t in font nullfont!
Missing character: There is no a in font nullfont!
Missing character: There is no t in font nullfont!
Missing character: There is no e in font nullfont!
Missing character: There is no s in font nullfont!
Missing character: There is no o in font nullfont!
Missing character: There is no f in font nullfont!
Missing character: There is no l in font nullfont!
Missing character: There is no o in font nullfont!
Missing character: There is no c in font nullfont!
Missing character: There is no a in font nullfont!
Missing character: There is no l in font nullfont!
Missing character: There is no l in font nullfont!
Missing character: There is no a in font nullfont!
Missing character: There is no t in font nullfont!
Missing character: There is no t in font nullfont!
Missing character: There is no i in font nullfont!
Missing character: There is no c in font nullfont!
Missing character: There is no e in font nullfont!
Missing character: There is no m in font nullfont!
Missing character: There is no o in font nullfont!
Missing character: There is no d in font nullfont!
Missing character: There is no e in font nullfont!
Missing character: There is no l in font nullfont!
Missing character: There is no s in font nullfont!
Missing character: There is no i in font nullfont!
Missing character: There is no n in font nullfont!
Missing character: There is no o in font nullfont!
Missing character: There is no n in font nullfont!
Missing character: There is no e in font nullfont!
Missing character: There is no a in font nullfont!
Missing character: There is no n in font nullfont!
Missing character: There is no d in font nullfont!
Missing character: There is no t in font nullfont!
Missing character: There is no w in font nullfont!
Missing character: There is no o in font nullfont!
Missing character: There is no s in font nullfont!
Missing character: There is no p in font nullfont!
Missing character: There is no a in font nullfont!
Missing character: There is no t in font nullfont!
Missing character: There is no i in font nullfont!
Missing character: There is no a in font nullfont!
Missing character: There is no l in font nullfont!
Missing character: There is no d in font nullfont!
Missing character: There is no i in font nullfont!
Missing character: There is no m in font nullfont!
Missing character: There is no e in font nullfont!
Missing character: There is no n in font nullfont!
Missing character: There is no s in font nullfont!
Missing character: There is no i in font nullfont!
Missing character: There is no o in font nullfont!
Missing character: There is no n in font nullfont!
Missing character: There is no s in font nullfont!
Missing character: There is no . in font nullfont!
Missing character: There is no O in font nullfont!
Missing character: There is no u in font nullfont!
Missing character: There is no r in font nullfont!
Missing character: There is no f in font nullfont!
Missing character: There is no o in font nullfont!
Missing character: There is no c in font nullfont!
Missing character: There is no u in font nullfont!
Missing character: There is no s in font nullfont!
Missing character: There is no o in font nullfont!
Missing character: There is no n in font nullfont!
Missing character: There is no t in font nullfont!
Missing character: There is no h in font nullfont!
Missing character: There is no e in font nullfont!
Missing character: There is no l in font nullfont!
Missing character: There is no o in font nullfont!
Missing character: There is no w in font nullfont!
Missing character: There is no - in font nullfont!
Missing character: There is no e in font nullfont!
Missing character: There is no n in font nullfont!
Missing character: There is no e in font nullfont!
Missing character: There is no r in font nullfont!
Missing character: There is no g in font nullfont!
Missing character: There is no y in font nullfont!
Missing character: There is no s in font nullfont!
Missing character: There is no p in font nullfont!
Missing character: There is no e in font nullfont!
Missing character: There is no c in font nullfont!
Missing character: There is no t in font nullfont!
Missing character: There is no r in font nullfont!
Missing character: There is no u in font nullfont!
Missing character: There is no m in font nullfont!
Missing character: There is no i in font nullfont!
Missing character: There is no s in font nullfont!
Missing character: There is no p in font nullfont!
Missing character: There is no h in font nullfont!
Missing character: There is no y in font nullfont!
Missing character: There is no s in font nullfont!
Missing character: There is no i in font nullfont!
Missing character: There is no c in font nullfont!
Missing character: There is no a in font nullfont!
Missing character: There is no l in font nullfont!
Missing character: There is no l in font nullfont!
Missing character: There is no y in font nullfont!
Missing character: There is no m in font nullfont!
Missing character: There is no o in font nullfont!
Missing character: There is no t in font nullfont!
Missing character: There is no i in font nullfont!
Missing character: There is no v in font nullfont!
Missing character: There is no a in font nullfont!
Missing character: There is no t in font nullfont!
Missing character: There is no e in font nullfont!
Missing character: There is no d in font nullfont!
Missing character: There is no b in font nullfont!
Missing character: There is no y in font nullfont!
Missing character: There is no t in font nullfont!
Missing character: There is no h in font nullfont!
Missing character: There is no e in font nullfont!
Missing character: There is no o in font nullfont!
Missing character: There is no b in font nullfont!
Missing character: There is no s in font nullfont!
Missing character: There is no e in font nullfont!
Missing character: There is no r in font nullfont!
Missing character: There is no v in font nullfont!
Missing character: There is no a in font nullfont!
Missing character: There is no t in font nullfont!
Missing character: There is no i in font nullfont!
Missing character: There is no o in font nullfont!
Missing character: There is no n in font nullfont!
Missing character: There is no t in font nullfont!
Missing character: There is no h in font nullfont!
Missing character: There is no a in font nullfont!
Missing character: There is no t in font nullfont!
Missing character: There is no t in font nullfont!
Missing character: There is no h in font nullfont!
Missing character: There is no e in font nullfont!
Missing character: There is no F in font nullfont!
Missing character: There is no e in font nullfont!
Missing character: There is no r in font nullfont!
Missing character: There is no m in font nullfont!
Missing character: There is no i in font nullfont!
Missing character: There is no t in font nullfont!
Missing character: There is no e in font nullfont!
Missing character: There is no m in font nullfont!
Missing character: There is no p in font nullfont!
Missing character: There is no e in font nullfont!
Missing character: There is no r in font nullfont!
Missing character: There is no a in font nullfont!
Missing character: There is no t in font nullfont!
Missing character: There is no u in font nullfont!
Missing character: There is no r in font nullfont!
Missing character: There is no e in font nullfont!
Missing character: There is no o in font nullfont!
Missing character: There is no f in font nullfont!
Missing character: There is no v in font nullfont!
Missing character: There is no a in font nullfont!
Missing character: There is no l in font nullfont!
Missing character: There is no e in font nullfont!
Missing character: There is no n in font nullfont!
Missing character: There is no c in font nullfont!
Missing character: There is no e in font nullfont!
Missing character: There is no e in font nullfont!
Missing character: There is no l in font nullfont!
Missing character: There is no e in font nullfont!
Missing character: There is no c in font nullfont!
Missing character: There is no t in font nullfont!
Missing character: There is no r in font nullfont!
Missing character: There is no o in font nullfont!
Missing character: There is no n in font nullfont!
Missing character: There is no s in font nullfont!
Missing character: There is no i in font nullfont!
Missing character: There is no n in font nullfont!
Missing character: There is no m in font nullfont!
Missing character: There is no a in font nullfont!
Missing character: There is no t in font nullfont!
Missing character: There is no e in font nullfont!
Missing character: There is no r in font nullfont!
Missing character: There is no i in font nullfont!
Missing character: There is no a in font nullfont!
Missing character: There is no l in font nullfont!
Missing character: There is no s in font nullfont!
Missing character: There is no o in font nullfont!
Missing character: There is no f in font nullfont!
Missing character: There is no i in font nullfont!
Missing character: There is no n in font nullfont!
Missing character: There is no t in font nullfont!
Missing character: There is no e in font nullfont!
Missing character: There is no r in font nullfont!
Missing character: There is no e in font nullfont!
Missing character: There is no s in font nullfont!
Missing character: There is no t in font nullfont!
Missing character: There is no a in font nullfont!
Missing character: There is no r in font nullfont!
Missing character: There is no e in font nullfont!
Missing character: There is no o in font nullfont!
Missing character: There is no f in font nullfont!
Missing character: There is no t in font nullfont!
Missing character: There is no h in font nullfont!
Missing character: There is no e in font nullfont!
Missing character: There is no o in font nullfont!
Missing character: There is no r in font nullfont!
Missing character: There is no d in font nullfont!
Missing character: There is no e in font nullfont!
Missing character: There is no r in font nullfont!
Missing character: There is no , in font nullfont!
Missing character: There is no w in font nullfont!
Missing character: There is no e in font nullfont!
Missing character: There is no l in font nullfont!
Missing character: There is no l in font nullfont!
Missing character: There is no a in font nullfont!
Missing character: There is no b in font nullfont!
Missing character: There is no o in font nullfont!
Missing character: There is no v in font nullfont!
Missing character: There is no e in font nullfont!
Missing character: There is no t in font nullfont!
Missing character: There is no h in font nullfont!
Missing character: There is no e in font nullfont!
Missing character: There is no t in font nullfont!
Missing character: There is no e in font nullfont!
Missing character: There is no m in font nullfont!
Missing character: There is no p in font nullfont!
Missing character: There is no e in font nullfont!
Missing character: There is no r in font nullfont!
Missing character: There is no a in font nullfont!
Missing character: There is no t in font nullfont!
Missing character: There is no u in font nullfont!
Missing character: There is no r in font nullfont!
Missing character: There is no e in font nullfont!
Missing character: There is no s in font nullfont!
Missing character: There is no c in font nullfont!
Missing character: There is no a in font nullfont!
Missing character: There is no l in font nullfont!
Missing character: There is no e in font nullfont!
Missing character: There is no o in font nullfont!
Missing character: There is no f in font nullfont!
Missing character: There is no e in font nullfont!
Missing character: There is no x in font nullfont!
Missing character: There is no p in font nullfont!
Missing character: There is no e in font nullfont!
Missing character: There is no r in font nullfont!
Missing character: There is no i in font nullfont!
Missing character: There is no m in font nullfont!
Missing character: There is no e in font nullfont!
Missing character: There is no n in font nullfont!
Missing character: There is no t in font nullfont!
Missing character: There is no s in font nullfont!
Missing character: There is no . in font nullfont!
Missing character: There is no B in font nullfont!
Missing character: There is no u in font nullfont!
Missing character: There is no t in font nullfont!
Missing character: There is no a in font nullfont!
Missing character: There is no l in font nullfont!
Missing character: There is no s in font nullfont!
Missing character: There is no o in font nullfont!
Missing character: There is no i in font nullfont!
Missing character: There is no n in font nullfont!
Missing character: There is no t in font nullfont!
Missing character: There is no h in font nullfont!
Missing character: There is no e in font nullfont!
Missing character: There is no p in font nullfont!
Missing character: There is no e in font nullfont!
Missing character: There is no r in font nullfont!
Missing character: There is no t in font nullfont!
Missing character: There is no u in font nullfont!
Missing character: There is no r in font nullfont!
Missing character: There is no b in font nullfont!
Missing character: There is no a in font nullfont!
Missing character: There is no t in font nullfont!
Missing character: There is no i in font nullfont!
Missing character: There is no v in font nullfont!
Missing character: There is no e in font nullfont!
Missing character: There is no c in font nullfont!
Missing character: There is no o in font nullfont!
Missing character: There is no m in font nullfont!
Missing character: There is no p in font nullfont!
Missing character: There is no u in font nullfont!
Missing character: There is no t in font nullfont!
Missing character: There is no a in font nullfont!
Missing character: There is no t in font nullfont!
Missing character: There is no i in font nullfont!
Missing character: There is no o in font nullfont!
Missing character: There is no n in font nullfont!
Missing character: There is no o in font nullfont!
Missing character: There is no f in font nullfont!
Missing character: There is no c in font nullfont!
Missing character: There is no r in font nullfont!
Missing character: There is no o in font nullfont!
Missing character: There is no s in font nullfont!
Missing character: There is no s in font nullfont!
Missing character: There is no s in font nullfont!
Missing character: There is no e in font nullfont!
Missing character: There is no c in font nullfont!
Missing character: There is no t in font nullfont!
Missing character: There is no i in font nullfont!
Missing character: There is no o in font nullfont!
Missing character: There is no n in font nullfont!
Missing character: There is no s in font nullfont!
Missing character: There is no i in font nullfont!
Missing character: There is no n in font nullfont!
Missing character: There is no q in font nullfont!
Missing character: There is no u in font nullfont!
Missing character: There is no a in font nullfont!
Missing character: There is no n in font nullfont!
Missing character: There is no t in font nullfont!
Missing character: There is no u in font nullfont!
Missing character: There is no m in font nullfont!
Missing character: There is no f in font nullfont!
Missing character: There is no i in font nullfont!
Missing character: There is no e in font nullfont!
Missing character: There is no l in font nullfont!
Missing character: There is no d in font nullfont!
Missing character: There is no t in font nullfont!
Missing character: There is no h in font nullfont!
Missing character: There is no e in font nullfont!
Missing character: There is no o in font nullfont!
Missing character: There is no r in font nullfont!
Missing character: There is no y in font nullfont!
Missing character: There is no , in font nullfont!
Missing character: There is no t in font nullfont!
Missing character: There is no h in font nullfont!
Missing character: There is no e in font nullfont!
Missing character: There is no g in font nullfont!
Missing character: There is no r in font nullfont!
Missing character: There is no o in font nullfont!
Missing character: There is no u in font nullfont!
Missing character: There is no n in font nullfont!
Missing character: There is no d in font nullfont!
Missing character: There is no s in font nullfont!
Missing character: There is no t in font nullfont!
Missing character: There is no a in font nullfont!
Missing character: There is no t in font nullfont!
Missing character: There is no e in font nullfont!
Missing character: There is no i in font nullfont!
Missing character: There is no s in font nullfont!
Missing character: There is no t in font nullfont!
Missing character: There is no h in font nullfont!
Missing character: There is no e in font nullfont!
Missing character: There is no r in font nullfont!
Missing character: There is no e in font nullfont!
Missing character: There is no f in font nullfont!
Missing character: There is no e in font nullfont!
Missing character: There is no r in font nullfont!
Missing character: There is no e in font nullfont!
Missing character: There is no n in font nullfont!
Missing character: There is no c in font nullfont!
Missing character: There is no e in font nullfont!
Missing character: There is no s in font nullfont!
Missing character: There is no t in font nullfont!
Missing character: There is no a in font nullfont!
Missing character: There is no t in font nullfont!
Missing character: There is no e in font nullfont!
Missing character: There is no o in font nullfont!
Missing character: There is no n in font nullfont!
Missing character: There is no t in font nullfont!
Missing character: There is no o in font nullfont!
Missing character: There is no p in font nullfont!
Missing character: There is no o in font nullfont!
Missing character: There is no f in font nullfont!
Missing character: There is no w in font nullfont!
Missing character: There is no h in font nullfont!
Missing character: There is no i in font nullfont!
Missing character: There is no c in font nullfont!
Missing character: There is no h in font nullfont!
Missing character: There is no e in font nullfont!
Missing character: There is no x in font nullfont!
Missing character: There is no c in font nullfont!
Missing character: There is no i in font nullfont!
Missing character: There is no t in font nullfont!
Missing character: There is no a in font nullfont!
Missing character: There is no t in font nullfont!
Missing character: There is no i in font nullfont!
Missing character: There is no o in font nullfont!
Missing character: There is no n in font nullfont!
Missing character: There is no s in font nullfont!
Missing character: There is no a in font nullfont!
Missing character: There is no r in font nullfont!
Missing character: There is no e in font nullfont!
Missing character: There is no c in font nullfont!
Missing character: There is no r in font nullfont!
Missing character: There is no e in font nullfont!
Missing character: There is no a in font nullfont!
Missing character: There is no t in font nullfont!
Missing character: There is no e in font nullfont!
Missing character: There is no d in font nullfont!
Missing character: There is no . in font nullfont!

Overfull \hbox (20.0pt too wide) in paragraph at lines 54--55
[]
 []


Overfull \hbox (23.69449pt too wide) in paragraph at lines 54--55
\/cmr/m/n/10 10[]\OML/cmm/m/it/10 K$
 []


! LaTeX Error: Missing \begin{document}.

See the LaTeX manual or LaTeX Companion for explanation.
Type  H <return>  for immediate help.
 ...                                              
                                                  
l.56 F
      inding the (approximate) ground state of a generic quantum lattice mod...

You're in trouble here.  Try typing  <return>  to proceed.
If that doesn't work, type  X <return>  to quit.

Missing character: There is no F in font nullfont!
Missing character: There is no i in font nullfont!
Missing character: There is no n in font nullfont!
Missing character: There is no d in font nullfont!
Missing character: There is no i in font nullfont!
Missing character: There is no n in font nullfont!
Missing character: There is no g in font nullfont!
Missing character: There is no t in font nullfont!
Missing character: There is no h in font nullfont!
Missing character: There is no e in font nullfont!
Missing character: There is no ( in font nullfont!
Missing character: There is no a in font nullfont!
Missing character: There is no p in font nullfont!
Missing character: There is no p in font nullfont!
Missing character: There is no r in font nullfont!
Missing character: There is no o in font nullfont!
Missing character: There is no x in font nullfont!
Missing character: There is no i in font nullfont!
Missing character: There is no m in font nullfont!
Missing character: There is no a in font nullfont!
Missing character: There is no t in font nullfont!
Missing character: There is no e in font nullfont!
Missing character: There is no ) in font nullfont!
Missing character: There is no g in font nullfont!
Missing character: There is no r in font nullfont!
Missing character: There is no o in font nullfont!
Missing character: There is no u in font nullfont!
Missing character: There is no n in font nullfont!
Missing character: There is no d in font nullfont!
Missing character: There is no s in font nullfont!
Missing character: There is no t in font nullfont!
Missing character: There is no a in font nullfont!
Missing character: There is no t in font nullfont!
Missing character: There is no e in font nullfont!
Missing character: There is no o in font nullfont!
Missing character: There is no f in font nullfont!
Missing character: There is no a in font nullfont!
Missing character: There is no g in font nullfont!
Missing character: There is no e in font nullfont!
Missing character: There is no n in font nullfont!
Missing character: There is no e in font nullfont!
Missing character: There is no r in font nullfont!
Missing character: There is no i in font nullfont!
Missing character: There is no c in font nullfont!
Missing character: There is no q in font nullfont!
Missing character: There is no u in font nullfont!
Missing character: There is no a in font nullfont!
Missing character: There is no n in font nullfont!
Missing character: There is no t in font nullfont!
Missing character: There is no u in font nullfont!
Missing character: There is no m in font nullfont!
Missing character: There is no l in font nullfont!
Missing character: There is no a in font nullfont!
Missing character: There is no t in font nullfont!
Missing character: There is no t in font nullfont!
Missing character: There is no i in font nullfont!
Missing character: There is no c in font nullfont!
Missing character: There is no e in font nullfont!
Missing character: There is no m in font nullfont!
Missing character: There is no o in font nullfont!
Missing character: There is no d in font nullfont!
Missing character: There is no e in font nullfont!
Missing character: There is no l in font nullfont!
Missing character: There is no i in font nullfont!
Missing character: There is no s in font nullfont!
Missing character: There is no n in font nullfont!
Missing character: There is no o in font nullfont!
Missing character: There is no t in font nullfont!
Missing character: There is no o in font nullfont!
Missing character: There is no r in font nullfont!
Missing character: There is no i in font nullfont!
Missing character: There is no o in font nullfont!
Missing character: There is no u in font nullfont!
Missing character: There is no s in font nullfont!
Missing character: There is no l in font nullfont!
Missing character: There is no y in font nullfont!
Missing character: There is no d in font nullfont!
Missing character: There is no i in font nullfont!
Missing character: There is no f in font nullfont!
Missing character: There is no f in font nullfont!
Missing character: There is no i in font nullfont!
Missing character: There is no c in font nullfont!
Missing character: There is no u in font nullfont!
Missing character: There is no l in font nullfont!
Missing character: There is no t in font nullfont!
Missing character: There is no d in font nullfont!
Missing character: There is no u in font nullfont!
Missing character: There is no e in font nullfont!
Missing character: There is no t in font nullfont!
Missing character: There is no o in font nullfont!
Missing character: There is no t in font nullfont!
Missing character: There is no h in font nullfont!
Missing character: There is no e in font nullfont!
Missing character: There is no i in font nullfont!
Missing character: There is no m in font nullfont!
Missing character: There is no p in font nullfont!
Missing character: There is no o in font nullfont!
Missing character: There is no s in font nullfont!
Missing character: There is no s in font nullfont!
Missing character: There is no i in font nullfont!
Missing character: There is no b in font nullfont!
Missing character: There is no i in font nullfont!
Missing character: There is no l in font nullfont!
Missing character: There is no i in font nullfont!
Missing character: There is no t in font nullfont!
Missing character: There is no y in font nullfont!
Missing character: There is no t in font nullfont!
Missing character: There is no o in font nullfont!
Missing character: There is no m in font nullfont!
Missing character: There is no i in font nullfont!
Missing character: There is no n in font nullfont!
Missing character: There is no i in font nullfont!
Missing character: There is no m in font nullfont!
Missing character: There is no i in font nullfont!
Missing character: There is no s in font nullfont!
Missing character: There is no e in font nullfont!
Missing character: There is no t in font nullfont!
Missing character: There is no h in font nullfont!
Missing character: There is no e in font nullfont!
Missing character: There is no e in font nullfont!
Missing character: There is no n in font nullfont!
Missing character: There is no e in font nullfont!
Missing character: There is no r in font nullfont!
Missing character: There is no g in font nullfont!
Missing character: There is no y in font nullfont!
Missing character: There is no o in font nullfont!
Missing character: There is no f in font nullfont!
Missing character: There is no a in font nullfont!
Missing character: There is no l in font nullfont!
Missing character: There is no l in font nullfont!
Missing character: There is no H in font nullfont!
Missing character: There is no a in font nullfont!
Missing character: There is no m in font nullfont!
Missing character: There is no i in font nullfont!
Missing character: There is no l in font nullfont!
Missing character: There is no t in font nullfont!
Missing character: There is no o in font nullfont!
Missing character: There is no n in font nullfont!
Missing character: There is no i in font nullfont!
Missing character: There is no a in font nullfont!
Missing character: There is no n in font nullfont!
Missing character: There is no t in font nullfont!
Missing character: There is no e in font nullfont!
Missing character: There is no r in font nullfont!
Missing character: There is no m in font nullfont!
Missing character: There is no s in font nullfont!
Missing character: There is no s in font nullfont!
Missing character: There is no i in font nullfont!
Missing character: There is no m in font nullfont!
Missing character: There is no u in font nullfont!
Missing character: There is no l in font nullfont!
Missing character: There is no t in font nullfont!
Missing character: There is no a in font nullfont!
Missing character: There is no n in font nullfont!
Missing character: There is no e in font nullfont!
Missing character: There is no o in font nullfont!
Missing character: There is no u in font nullfont!
Missing character: There is no s in font nullfont!
Missing character: There is no l in font nullfont!
Missing character: There is no y in font nullfont!
Missing character: There is no [ in font nullfont!
\citation{Verstraete2006a}
! Undefined control sequence.
<write> ...: Citation `\@citeb ' on page \thepage 
                                                  \space undefined\on@line .
l.56 ...erms simultaneously~\cite{Verstraete2006a}
                                                  . This phenomenon is refer...
The control sequence at the end of the top line
of your error message was never \def'ed. If you have
misspelled it (e.g., `\hobx'), type `I' and the correct
spelling (e.g., `I\hbox'). Otherwise just continue,
and I'll forget about whatever was undefined.


LaTeX Warning: Citation `Verstraete2006a' on page  undefined on input line 56.

Missing character: There is no ] in font nullfont!
Missing character: There is no . in font nullfont!
Missing character: There is no T in font nullfont!
Missing character: There is no h in font nullfont!
Missing character: There is no i in font nullfont!
Missing character: There is no s in font nullfont!
Missing character: There is no p in font nullfont!
Missing character: There is no h in font nullfont!
Missing character: There is no e in font nullfont!
Missing character: There is no n in font nullfont!
Missing character: There is no o in font nullfont!
Missing character: There is no m in font nullfont!
Missing character: There is no e in font nullfont!
Missing character: There is no n in font nullfont!
Missing character: There is no o in font nullfont!
Missing character: There is no n in font nullfont!
Missing character: There is no i in font nullfont!
Missing character: There is no s in font nullfont!
Missing character: There is no r in font nullfont!
Missing character: There is no e in font nullfont!
Missing character: There is no f in font nullfont!
Missing character: There is no e in font nullfont!
Missing character: There is no r in font nullfont!
Missing character: There is no r in font nullfont!
Missing character: There is no e in font nullfont!
Missing character: There is no d in font nullfont!
Missing character: There is no t in font nullfont!
Missing character: There is no o in font nullfont!
Missing character: There is no a in font nullfont!
Missing character: There is no s in font nullfont!
Missing character: There is no a in font nullfont!
Missing character: There is no n in font nullfont!
Missing character: There is no d in font nullfont!
Missing character: There is no i in font nullfont!
Missing character: There is no s in font nullfont!
Missing character: There is no i in font nullfont!
Missing character: There is no n in font nullfont!
Missing character: There is no t in font nullfont!
Missing character: There is no i in font nullfont!
Missing character: There is no m in font nullfont!
Missing character: There is no a in font nullfont!
Missing character: There is no t in font nullfont!
Missing character: There is no e in font nullfont!
Missing character: There is no l in font nullfont!
Missing character: There is no y in font nullfont!
Missing character: There is no r in font nullfont!
Missing character: There is no e in font nullfont!
Missing character: There is no l in font nullfont!
Missing character: There is no a in font nullfont!
Missing character: There is no t in font nullfont!
Missing character: There is no e in font nullfont!
Missing character: There is no d in font nullfont!
Missing character: There is no t in font nullfont!
Missing character: There is no o in font nullfont!
Missing character: There is no t in font nullfont!
Missing character: There is no h in font nullfont!
Missing character: There is no e in font nullfont!
Missing character: There is no c in font nullfont!
Missing character: There is no o in font nullfont!
Missing character: There is no n in font nullfont!
Missing character: There is no c in font nullfont!
Missing character: There is no e in font nullfont!
Missing character: There is no p in font nullfont!
Missing character: There is no t in font nullfont!
Missing character: There is no o in font nullfont!
Missing character: There is no f in font nullfont!
Missing character: There is no . in font nullfont!
Missing character: There is no A in font nullfont!
Missing character: There is no s in font nullfont!
Missing character: There is no a in font nullfont!
Missing character: There is no p in font nullfont!
Missing character: There is no a in font nullfont!
Missing character: There is no r in font nullfont!
Missing character: There is no a in font nullfont!
Missing character: There is no d in font nullfont!
Missing character: There is no i in font nullfont!
Missing character: There is no g in font nullfont!
Missing character: There is no m in font nullfont!
Missing character: There is no a in font nullfont!
Missing character: There is no t in font nullfont!
Missing character: There is no i in font nullfont!
Missing character: There is no c in font nullfont!
Missing character: There is no e in font nullfont!
Missing character: There is no x in font nullfont!
Missing character: There is no a in font nullfont!
Missing character: There is no m in font nullfont!
Missing character: There is no p in font nullfont!
Missing character: There is no l in font nullfont!
Missing character: There is no e in font nullfont!
Missing character: There is no , in font nullfont!
Missing character: There is no c in font nullfont!
Missing character: There is no o in font nullfont!
Missing character: There is no n in font nullfont!
Missing character: There is no s in font nullfont!
Missing character: There is no i in font nullfont!
Missing character: There is no d in font nullfont!
Missing character: There is no e in font nullfont!
Missing character: There is no r in font nullfont!
Missing character: There is no t in font nullfont!
Missing character: There is no h in font nullfont!
Missing character: There is no e in font nullfont!
Missing character: There is no a in font nullfont!
Missing character: There is no n in font nullfont!
Missing character: There is no t in font nullfont!
Missing character: There is no i in font nullfont!
Missing character: There is no f in font nullfont!
Missing character: There is no e in font nullfont!
Missing character: There is no r in font nullfont!
Missing character: There is no r in font nullfont!
Missing character: There is no o in font nullfont!
Missing character: There is no m in font nullfont!
Missing character: There is no a in font nullfont!
Missing character: There is no g in font nullfont!
Missing character: There is no n in font nullfont!
Missing character: There is no e in font nullfont!
Missing character: There is no t in font nullfont!
Missing character: There is no i in font nullfont!
Missing character: There is no c in font nullfont!
Missing character: There is no s in font nullfont!
Missing character: There is no p in font nullfont!
Missing character: There is no i in font nullfont!
Missing character: There is no n in font nullfont!
Missing character: There is no 1 in font nullfont!
Missing character: There is no / in font nullfont!
Missing character: There is no 2 in font nullfont!
Missing character: There is no H in font nullfont!
Missing character: There is no e in font nullfont!
Missing character: There is no i in font nullfont!
Missing character: There is no s in font nullfont!
Missing character: There is no e in font nullfont!
Missing character: There is no n in font nullfont!
Missing character: There is no b in font nullfont!
Missing character: There is no e in font nullfont!
Missing character: There is no r in font nullfont!
Missing character: There is no g in font nullfont!
Missing character: There is no c in font nullfont!
Missing character: There is no h in font nullfont!
Missing character: There is no a in font nullfont!
Missing character: There is no i in font nullfont!
Missing character: There is no n in font nullfont!
Missing character: There is no : in font nullfont!

Overfull \hbox (20.0pt too wide) in paragraph at lines 56--57
[]
 []


Overfull \hbox (5.43053pt too wide) in paragraph at lines 56--57
[]
 []


Overfull \hbox (24.27762pt too wide) in paragraph at lines 56--57
\OT1/cmr/m/it/10 quan-
 []


Overfull \hbox (16.86656pt too wide) in paragraph at lines 56--57
\OT1/cmr/m/it/10 tum
 []


Overfull \hbox (20.31653pt too wide) in paragraph at lines 56--57
\OT1/cmr/m/it/10 frus-
 []


Overfull \hbox (15.71652pt too wide) in paragraph at lines 56--57
\OT1/cmr/m/it/10 tra-
 []


Overfull \hbox (17.12212pt too wide) in paragraph at lines 56--57
\OT1/cmr/m/it/10 tion
 []


Overfull \hbox (46.25526pt too wide) in paragraph at lines 56--57
\OT1/cmr/m/it/10 monogamy
 []


Overfull \hbox (8.17773pt too wide) in paragraph at lines 56--57
\OT1/cmr/m/it/10 of
 []


Overfull \hbox (13.7999pt too wide) in paragraph at lines 56--57
\OT1/cmr/m/it/10 en-
 []


Overfull \hbox (17.63321pt too wide) in paragraph at lines 56--57
\OT1/cmr/m/it/10 tan-
 []


Overfull \hbox (15.3332pt too wide) in paragraph at lines 56--57
\OT1/cmr/m/it/10 gle-
 []


Overfull \hbox (21.72208pt too wide) in paragraph at lines 56--57
\OT1/cmr/m/it/10 ment
 []

! Undefined control sequence.
l.58 	H = \sum_{\la
                   \msf i,\msf j\ra} \vec S_{\msf i} \cdot \vec S_{\msf i+1}.
The control sequence at the end of the top line
of your error message was never \def'ed. If you have
misspelled it (e.g., `\hobx'), type `I' and the correct
spelling (e.g., `I\hbox'). Otherwise just continue,
and I'll forget about whatever was undefined.

! Undefined control sequence.
l.58 	H = \sum_{\la\msf
                        i,\msf j\ra} \vec S_{\msf i} \cdot \vec S_{\msf i+1}.
The control sequence at the end of the top line
of your error message was never \def'ed. If you have
misspelled it (e.g., `\hobx'), type `I' and the correct
spelling (e.g., `I\hbox'). Otherwise just continue,
and I'll forget about whatever was undefined.

! Undefined control sequence.
l.58 	H = \sum_{\la\msf i,\msf
                               j\ra} \vec S_{\msf i} \cdot \vec S_{\msf i+1}.
The control sequence at the end of the top line
of your error message was never \def'ed. If you have
misspelled it (e.g., `\hobx'), type `I' and the correct
spelling (e.g., `I\hbox'). Otherwise just continue,
and I'll forget about whatever was undefined.

! Undefined control sequence.
l.58 	H = \sum_{\la\msf i,\msf j\ra
                                   } \vec S_{\msf i} \cdot \vec S_{\msf i+1}.
The control sequence at the end of the top line
of your error message was never \def'ed. If you have
misspelled it (e.g., `\hobx'), type `I' and the correct
spelling (e.g., `I\hbox'). Otherwise just continue,
and I'll forget about whatever was undefined.

! Undefined control sequence.
l.58 	H = \sum_{\la\msf i,\msf j\ra} \vec S_{\msf
                                                  i} \cdot \vec S_{\msf i+1}.
The control sequence at the end of the top line
of your error message was never \def'ed. If you have
misspelled it (e.g., `\hobx'), type `I' and the correct
spelling (e.g., `I\hbox'). Otherwise just continue,
and I'll forget about whatever was undefined.

! Undefined control sequence.
l.58 ...f j\ra} \vec S_{\msf i} \cdot \vec S_{\msf
                                                   i+1}.
The control sequence at the end of the top line
of your error message was never \def'ed. If you have
misspelled it (e.g., `\hobx'), type `I' and the correct
spelling (e.g., `I\hbox'). Otherwise just continue,
and I'll forget about whatever was undefined.


Overfull \hbox (73.17236pt too wide) detected at line 59
\OML/cmm/m/it/10 H \/cmr/m/n/10 = [] [] \OMS/cmsy/m/n/10 ^^A []\OML/cmm/m/it/10
 :
 []

Missing character: There is no O in font nullfont!
Missing character: There is no n in font nullfont!
Missing character: There is no t in font nullfont!
Missing character: There is no w in font nullfont!
Missing character: There is no o in font nullfont!
Missing character: There is no s in font nullfont!
Missing character: There is no i in font nullfont!
Missing character: There is no t in font nullfont!
Missing character: There is no e in font nullfont!
Missing character: There is no s in font nullfont!
Missing character: There is no , in font nullfont!
Missing character: There is no t in font nullfont!
Missing character: There is no h in font nullfont!
Missing character: There is no e in font nullfont!
Missing character: There is no u in font nullfont!
Missing character: There is no n in font nullfont!
Missing character: There is no i in font nullfont!
Missing character: There is no q in font nullfont!
Missing character: There is no u in font nullfont!
Missing character: There is no e in font nullfont!
Missing character: There is no g in font nullfont!
Missing character: There is no r in font nullfont!
Missing character: There is no o in font nullfont!
Missing character: There is no u in font nullfont!
Missing character: There is no n in font nullfont!
Missing character: There is no d in font nullfont!
Missing character: There is no s in font nullfont!
Missing character: There is no t in font nullfont!
Missing character: There is no a in font nullfont!
Missing character: There is no t in font nullfont!
Missing character: There is no e in font nullfont!
Missing character: There is no i in font nullfont!
Missing character: There is no s in font nullfont!
Missing character: There is no t in font nullfont!
Missing character: There is no h in font nullfont!
Missing character: There is no e in font nullfont!
Missing character: There is no ( in font nullfont!
Missing character: There is no m in font nullfont!
Missing character: There is no a in font nullfont!
Missing character: There is no x in font nullfont!
Missing character: There is no i in font nullfont!
Missing character: There is no m in font nullfont!
Missing character: There is no a in font nullfont!
Missing character: There is no l in font nullfont!
Missing character: There is no l in font nullfont!
Missing character: There is no y in font nullfont!
Missing character: There is no e in font nullfont!
Missing character: There is no n in font nullfont!
Missing character: There is no t in font nullfont!
Missing character: There is no a in font nullfont!
Missing character: There is no n in font nullfont!
Missing character: There is no g in font nullfont!
Missing character: There is no l in font nullfont!
Missing character: There is no e in font nullfont!
Missing character: There is no d in font nullfont!
Missing character: There is no ) in font nullfont!
Missing character: There is no s in font nullfont!
Missing character: There is no p in font nullfont!
Missing character: There is no i in font nullfont!
Missing character: There is no n in font nullfont!
Missing character: There is no s in font nullfont!
Missing character: There is no i in font nullfont!
Missing character: There is no n in font nullfont!
Missing character: There is no g in font nullfont!
Missing character: There is no l in font nullfont!
Missing character: There is no e in font nullfont!
Missing character: There is no t in font nullfont!
! Undefined control sequence.
l.60 ... spin singlet $\frac{1}{\sqrt 2}( | 01 \ra
                                                   + | 10 \ra)$. One might t...
The control sequence at the end of the top line
of your error message was never \def'ed. If you have
misspelled it (e.g., `\hobx'), type `I' and the correct
spelling (e.g., `I\hbox'). Otherwise just continue,
and I'll forget about whatever was undefined.

! Undefined control sequence.
l.60 ...et $\frac{1}{\sqrt 2}( | 01 \ra + | 10 \ra
                                                  )$. One might therefore ho...
The control sequence at the end of the top line
of your error message was never \def'ed. If you have
misspelled it (e.g., `\hobx'), type `I' and the correct
spelling (e.g., `I\hbox'). Otherwise just continue,
and I'll forget about whatever was undefined.

Missing character: There is no . in font nullfont!
Missing character: There is no O in font nullfont!
Missing character: There is no n in font nullfont!
Missing character: There is no e in font nullfont!
Missing character: There is no m in font nullfont!
Missing character: There is no i in font nullfont!
Missing character: There is no g in font nullfont!
Missing character: There is no h in font nullfont!
Missing character: There is no t in font nullfont!
Missing character: There is no t in font nullfont!
Missing character: There is no h in font nullfont!
Missing character: There is no e in font nullfont!
Missing character: There is no r in font nullfont!
Missing character: There is no e in font nullfont!
Missing character: There is no f in font nullfont!
Missing character: There is no o in font nullfont!
Missing character: There is no r in font nullfont!
Missing character: There is no e in font nullfont!
Missing character: There is no h in font nullfont!
Missing character: There is no o in font nullfont!
Missing character: There is no p in font nullfont!
Missing character: There is no e in font nullfont!
Missing character: There is no t in font nullfont!
Missing character: There is no h in font nullfont!
Missing character: There is no a in font nullfont!
Missing character: There is no t in font nullfont!
Missing character: There is no t in font nullfont!
Missing character: There is no h in font nullfont!
Missing character: There is no e in font nullfont!
Missing character: There is no g in font nullfont!
Missing character: There is no r in font nullfont!
Missing character: There is no o in font nullfont!
Missing character: There is no u in font nullfont!
Missing character: There is no n in font nullfont!
Missing character: There is no d in font nullfont!
Missing character: There is no s in font nullfont!
Missing character: There is no t in font nullfont!
Missing character: There is no a in font nullfont!
Missing character: There is no t in font nullfont!
Missing character: There is no e in font nullfont!
Missing character: There is no o in font nullfont!
Missing character: There is no n in font nullfont!
Missing character: There is no a in font nullfont!
Missing character: There is no n in font nullfont!
Missing character: There is no y in font nullfont!
Missing character: There is no c in font nullfont!
Missing character: There is no h in font nullfont!
Missing character: There is no a in font nullfont!
Missing character: There is no i in font nullfont!
Missing character: There is no n in font nullfont!
Missing character: There is no l in font nullfont!
Missing character: There is no e in font nullfont!
Missing character: There is no n in font nullfont!
Missing character: There is no g in font nullfont!
Missing character: There is no t in font nullfont!
Missing character: There is no h in font nullfont!
Missing character: There is no i in font nullfont!
Missing character: There is no s in font nullfont!
Missing character: There is no o in font nullfont!
Missing character: There is no n in font nullfont!
Missing character: There is no e in font nullfont!
Missing character: There is no f in font nullfont!
Missing character: There is no o in font nullfont!
Missing character: There is no r in font nullfont!
Missing character: There is no w in font nullfont!
Missing character: There is no h in font nullfont!
Missing character: There is no i in font nullfont!
Missing character: There is no c in font nullfont!
Missing character: There is no h in font nullfont!
Missing character: There is no a in font nullfont!
Missing character: There is no l in font nullfont!
Missing character: There is no l in font nullfont!
Missing character: There is no r in font nullfont!
Missing character: There is no e in font nullfont!
Missing character: There is no d in font nullfont!
Missing character: There is no u in font nullfont!
Missing character: There is no c in font nullfont!
Missing character: There is no e in font nullfont!
Missing character: There is no d in font nullfont!
Missing character: There is no d in font nullfont!
Missing character: There is no e in font nullfont!
Missing character: There is no n in font nullfont!
Missing character: There is no s in font nullfont!
Missing character: There is no i in font nullfont!
Missing character: There is no t in font nullfont!
Missing character: There is no y in font nullfont!
Missing character: There is no m in font nullfont!
Missing character: There is no a in font nullfont!
Missing character: There is no t in font nullfont!
Missing character: There is no r in font nullfont!
Missing character: There is no i in font nullfont!
Missing character: There is no c in font nullfont!
Missing character: There is no e in font nullfont!
Missing character: There is no s in font nullfont!
! Undefined control sequence.
l.60 ...h all reduced density matrices $\rho_{\msf
                                                   i,\msf i+1}$ are equal to...
The control sequence at the end of the top line
of your error message was never \def'ed. If you have
misspelled it (e.g., `\hobx'), type `I' and the correct
spelling (e.g., `I\hbox'). Otherwise just continue,
and I'll forget about whatever was undefined.

! Undefined control sequence.
l.60 ...educed density matrices $\rho_{\msf i,\msf
                                                   i+1}$ are equal to a spin...
The control sequence at the end of the top line
of your error message was never \def'ed. If you have
misspelled it (e.g., `\hobx'), type `I' and the correct
spelling (e.g., `I\hbox'). Otherwise just continue,
and I'll forget about whatever was undefined.

Missing character: There is no a in font nullfont!
Missing character: There is no r in font nullfont!
Missing character: There is no e in font nullfont!
Missing character: There is no e in font nullfont!
Missing character: There is no q in font nullfont!
Missing character: There is no u in font nullfont!
Missing character: There is no a in font nullfont!
Missing character: There is no l in font nullfont!
Missing character: There is no t in font nullfont!
Missing character: There is no o in font nullfont!
Missing character: There is no a in font nullfont!
Missing character: There is no s in font nullfont!
Missing character: There is no p in font nullfont!
Missing character: There is no i in font nullfont!
Missing character: There is no n in font nullfont!
Missing character: There is no s in font nullfont!
Missing character: There is no i in font nullfont!
Missing character: There is no n in font nullfont!
Missing character: There is no g in font nullfont!
Missing character: There is no l in font nullfont!
Missing character: There is no e in font nullfont!
Missing character: There is no t in font nullfont!
Missing character: There is no . in font nullfont!
Missing character: There is no S in font nullfont!
Missing character: There is no u in font nullfont!
Missing character: There is no c in font nullfont!
Missing character: There is no h in font nullfont!
Missing character: There is no a in font nullfont!
Missing character: There is no s in font nullfont!
Missing character: There is no t in font nullfont!
Missing character: There is no a in font nullfont!
Missing character: There is no t in font nullfont!
Missing character: There is no e in font nullfont!
Missing character: There is no w in font nullfont!
Missing character: There is no o in font nullfont!
Missing character: There is no u in font nullfont!
Missing character: There is no l in font nullfont!
Missing character: There is no d in font nullfont!
Missing character: There is no i in font nullfont!
Missing character: There is no n in font nullfont!
Missing character: There is no d in font nullfont!
Missing character: There is no e in font nullfont!
Missing character: There is no e in font nullfont!
Missing character: There is no d in font nullfont!
Missing character: There is no c in font nullfont!
Missing character: There is no l in font nullfont!
Missing character: There is no e in font nullfont!
Missing character: There is no a in font nullfont!
Missing character: There is no r in font nullfont!
Missing character: There is no l in font nullfont!
Missing character: There is no y in font nullfont!
Missing character: There is no m in font nullfont!
Missing character: There is no i in font nullfont!
Missing character: There is no n in font nullfont!
Missing character: There is no i in font nullfont!
Missing character: There is no m in font nullfont!
Missing character: There is no i in font nullfont!
Missing character: There is no s in font nullfont!
Missing character: There is no e in font nullfont!
Missing character: There is no a in font nullfont!
Missing character: There is no l in font nullfont!
Missing character: There is no l in font nullfont!
Missing character: There is no e in font nullfont!
Missing character: There is no x in font nullfont!
Missing character: There is no c in font nullfont!
Missing character: There is no h in font nullfont!
Missing character: There is no a in font nullfont!
Missing character: There is no n in font nullfont!
Missing character: There is no g in font nullfont!
Missing character: There is no e in font nullfont!
Missing character: There is no t in font nullfont!
Missing character: There is no e in font nullfont!
Missing character: There is no r in font nullfont!
Missing character: There is no m in font nullfont!
Missing character: There is no s in font nullfont!
! Undefined control sequence.
l.60 ...y minimise all exchange terms $\vec S_\msf
                                                   i\cdot\vec S_{\msf i+1}$....
The control sequence at the end of the top line
of your error message was never \def'ed. If you have
misspelled it (e.g., `\hobx'), type `I' and the correct
spelling (e.g., `I\hbox'). Otherwise just continue,
and I'll forget about whatever was undefined.

! Undefined control sequence.
l.60 ...ange terms $\vec S_\msf i\cdot\vec S_{\msf
                                                   i+1}$. However, such a st...
The control sequence at the end of the top line
of your error message was never \def'ed. If you have
misspelled it (e.g., `\hobx'), type `I' and the correct
spelling (e.g., `I\hbox'). Otherwise just continue,
and I'll forget about whatever was undefined.

Missing character: There is no . in font nullfont!
Missing character: There is no H in font nullfont!
Missing character: There is no o in font nullfont!
Missing character: There is no w in font nullfont!
Missing character: There is no e in font nullfont!
Missing character: There is no v in font nullfont!
Missing character: There is no e in font nullfont!
Missing character: There is no r in font nullfont!
Missing character: There is no , in font nullfont!
Missing character: There is no s in font nullfont!
Missing character: There is no u in font nullfont!
Missing character: There is no c in font nullfont!
Missing character: There is no h in font nullfont!
Missing character: There is no a in font nullfont!
Missing character: There is no s in font nullfont!
Missing character: There is no t in font nullfont!
Missing character: There is no a in font nullfont!
Missing character: There is no t in font nullfont!
Missing character: There is no e in font nullfont!
Missing character: There is no d in font nullfont!
Missing character: There is no o in font nullfont!
Missing character: There is no e in font nullfont!
Missing character: There is no s in font nullfont!
Missing character: There is no n in font nullfont!
Missing character: There is no o in font nullfont!
Missing character: There is no t in font nullfont!
Missing character: There is no e in font nullfont!
Missing character: There is no x in font nullfont!
Missing character: There is no i in font nullfont!
Missing character: There is no s in font nullfont!
Missing character: There is no t in font nullfont!
Missing character: There is no i in font nullfont!
Missing character: There is no n in font nullfont!
Missing character: There is no v in font nullfont!
Missing character: There is no i in font nullfont!
Missing character: There is no r in font nullfont!
Missing character: There is no t in font nullfont!
Missing character: There is no u in font nullfont!
Missing character: There is no e in font nullfont!
Missing character: There is no o in font nullfont!
Missing character: There is no f in font nullfont!
Missing character: There is no m in font nullfont!
Missing character: There is no o in font nullfont!
Missing character: There is no n in font nullfont!
Missing character: There is no o in font nullfont!
Missing character: There is no g in font nullfont!
Missing character: There is no a in font nullfont!
Missing character: There is no m in font nullfont!
Missing character: There is no y in font nullfont!
Missing character: There is no o in font nullfont!
Missing character: There is no f in font nullfont!
Missing character: There is no e in font nullfont!
Missing character: There is no n in font nullfont!
Missing character: There is no t in font nullfont!
Missing character: There is no a in font nullfont!
Missing character: There is no n in font nullfont!
Missing character: There is no g in font nullfont!
Missing character: There is no l in font nullfont!
Missing character: There is no e in font nullfont!
Missing character: There is no m in font nullfont!
Missing character: There is no e in font nullfont!
Missing character: There is no n in font nullfont!
Missing character: There is no t in font nullfont!
Missing character: There is no [ in font nullfont!
\citation{Coffman1999}
! Undefined control sequence.
<write> ...: Citation `\@citeb ' on page \thepage 
                                                  \space undefined\on@line .
l.60 ...ntanglement~\cite{Coffman1999,Osborne2006}
                                                  . Instead, each spin must ...
The control sequence at the end of the top line
of your error message was never \def'ed. If you have
misspelled it (e.g., `\hobx'), type `I' and the correct
spelling (e.g., `I\hbox'). Otherwise just continue,
and I'll forget about whatever was undefined.


LaTeX Warning: Citation `Coffman1999' on page  undefined on input line 60.

Missing character: There is no , in font nullfont!
\citation{Osborne2006}
! Undefined control sequence.
<write> ...: Citation `\@citeb ' on page \thepage 
                                                  \space undefined\on@line .
l.60 ...ntanglement~\cite{Coffman1999,Osborne2006}
                                                  . Instead, each spin must ...
The control sequence at the end of the top line
of your error message was never \def'ed. If you have
misspelled it (e.g., `\hobx'), type `I' and the correct
spelling (e.g., `I\hbox'). Otherwise just continue,
and I'll forget about whatever was undefined.


LaTeX Warning: Citation `Osborne2006' on page  undefined on input line 60.

Missing character: There is no ] in font nullfont!
Missing character: There is no . in font nullfont!
Missing character: There is no I in font nullfont!
Missing character: There is no n in font nullfont!
Missing character: There is no s in font nullfont!
Missing character: There is no t in font nullfont!
Missing character: There is no e in font nullfont!
Missing character: There is no a in font nullfont!
Missing character: There is no d in font nullfont!
Missing character: There is no , in font nullfont!
Missing character: There is no e in font nullfont!
Missing character: There is no a in font nullfont!
Missing character: There is no c in font nullfont!
Missing character: There is no h in font nullfont!
Missing character: There is no s in font nullfont!
Missing character: There is no p in font nullfont!
Missing character: There is no i in font nullfont!
Missing character: There is no n in font nullfont!
Missing character: There is no m in font nullfont!
Missing character: There is no u in font nullfont!
Missing character: There is no s in font nullfont!
Missing character: There is no t in font nullfont!
Missing character: There is no o in font nullfont!
Missing character: There is no p in font nullfont!
Missing character: There is no t in font nullfont!
Missing character: There is no i in font nullfont!
Missing character: There is no m in font nullfont!
Missing character: There is no a in font nullfont!
Missing character: There is no l in font nullfont!
Missing character: There is no l in font nullfont!
Missing character: There is no y in font nullfont!
Missing character: There is no d in font nullfont!
Missing character: There is no i in font nullfont!
Missing character: There is no s in font nullfont!
Missing character: There is no t in font nullfont!
Missing character: There is no r in font nullfont!
Missing character: There is no i in font nullfont!
Missing character: There is no b in font nullfont!
Missing character: There is no u in font nullfont!
Missing character: There is no t in font nullfont!
Missing character: There is no e in font nullfont!
Missing character: There is no i in font nullfont!
Missing character: There is no t in font nullfont!
Missing character: There is no s in font nullfont!
Missing character: There is no e in font nullfont!
Missing character: There is no n in font nullfont!
Missing character: There is no t in font nullfont!
Missing character: There is no a in font nullfont!
Missing character: There is no n in font nullfont!
Missing character: There is no g in font nullfont!
Missing character: There is no l in font nullfont!
Missing character: There is no e in font nullfont!
Missing character: There is no m in font nullfont!
Missing character: There is no e in font nullfont!
Missing character: There is no n in font nullfont!
Missing character: There is no t in font nullfont!
Missing character: There is no a in font nullfont!
Missing character: There is no m in font nullfont!
Missing character: There is no o in font nullfont!
Missing character: There is no n in font nullfont!
Missing character: There is no g in font nullfont!
Missing character: There is no i in font nullfont!
Missing character: There is no t in font nullfont!
Missing character: There is no s in font nullfont!
Missing character: There is no n in font nullfont!
Missing character: There is no e in font nullfont!
Missing character: There is no i in font nullfont!
Missing character: There is no g in font nullfont!
Missing character: There is no h in font nullfont!
Missing character: There is no b in font nullfont!
Missing character: There is no o in font nullfont!
Missing character: There is no u in font nullfont!
Missing character: There is no r in font nullfont!
Missing character: There is no s in font nullfont!
Missing character: There is no , in font nullfont!
Missing character: There is no a in font nullfont!
Missing character: There is no n in font nullfont!
Missing character: There is no d in font nullfont!
Missing character: There is no i in font nullfont!
Missing character: There is no t in font nullfont!
Missing character: There is no i in font nullfont!
Missing character: There is no s in font nullfont!
Missing character: There is no p in font nullfont!
Missing character: There is no r in font nullfont!
Missing character: There is no e in font nullfont!
Missing character: There is no c in font nullfont!
Missing character: There is no i in font nullfont!
Missing character: There is no s in font nullfont!
Missing character: There is no e in font nullfont!
Missing character: There is no l in font nullfont!
Missing character: There is no y in font nullfont!
Missing character: There is no t in font nullfont!
Missing character: There is no h in font nullfont!
Missing character: There is no i in font nullfont!
Missing character: There is no s in font nullfont!
Missing character: There is no f in font nullfont!
Missing character: There is no r in font nullfont!
Missing character: There is no u in font nullfont!
Missing character: There is no s in font nullfont!
Missing character: There is no t in font nullfont!
Missing character: There is no r in font nullfont!
Missing character: There is no a in font nullfont!
Missing character: There is no t in font nullfont!
Missing character: There is no i in font nullfont!
Missing character: There is no o in font nullfont!
Missing character: There is no n in font nullfont!
Missing character: There is no t in font nullfont!
Missing character: There is no h in font nullfont!
Missing character: There is no a in font nullfont!
Missing character: There is no t in font nullfont!
Missing character: There is no g in font nullfont!
Missing character: There is no i in font nullfont!
Missing character: There is no v in font nullfont!
Missing character: There is no e in font nullfont!
Missing character: There is no s in font nullfont!
Missing character: There is no r in font nullfont!
Missing character: There is no i in font nullfont!
Missing character: There is no s in font nullfont!
Missing character: There is no e in font nullfont!
Missing character: There is no t in font nullfont!
Missing character: There is no o in font nullfont!
Missing character: There is no a in font nullfont!
Missing character: There is no s in font nullfont!
Missing character: There is no t in font nullfont!
Missing character: There is no r in font nullfont!
Missing character: There is no o in font nullfont!
Missing character: There is no n in font nullfont!
Missing character: There is no g in font nullfont!
Missing character: There is no l in font nullfont!
Missing character: There is no y in font nullfont!
Missing character: There is no c in font nullfont!
Missing character: There is no o in font nullfont!
Missing character: There is no r in font nullfont!
Missing character: There is no r in font nullfont!
Missing character: There is no e in font nullfont!
Missing character: There is no l in font nullfont!
Missing character: There is no a in font nullfont!
Missing character: There is no t in font nullfont!
Missing character: There is no e in font nullfont!
Missing character: There is no d in font nullfont!
Missing character: There is no g in font nullfont!
Missing character: There is no r in font nullfont!
Missing character: There is no o in font nullfont!
Missing character: There is no u in font nullfont!
Missing character: There is no n in font nullfont!
Missing character: There is no d in font nullfont!
Missing character: There is no s in font nullfont!
Missing character: There is no t in font nullfont!
Missing character: There is no a in font nullfont!
Missing character: There is no t in font nullfont!
Missing character: There is no e in font nullfont!
Missing character: There is no c in font nullfont!
Missing character: There is no h in font nullfont!
Missing character: There is no a in font nullfont!
Missing character: There is no r in font nullfont!
Missing character: There is no a in font nullfont!
Missing character: There is no c in font nullfont!
Missing character: There is no t in font nullfont!
Missing character: There is no e in font nullfont!
Missing character: There is no r in font nullfont!
Missing character: There is no i in font nullfont!
Missing character: There is no s in font nullfont!
Missing character: There is no e in font nullfont!
Missing character: There is no d in font nullfont!
Missing character: There is no b in font nullfont!
Missing character: There is no y in font nullfont!
Missing character: There is no i in font nullfont!
Missing character: There is no n in font nullfont!
Missing character: There is no t in font nullfont!
Missing character: There is no r in font nullfont!
Missing character: There is no i in font nullfont!
Missing character: There is no c in font nullfont!
Missing character: There is no a in font nullfont!
Missing character: There is no t in font nullfont!
Missing character: There is no e in font nullfont!
Missing character: There is no e in font nullfont!
Missing character: There is no n in font nullfont!
Missing character: There is no t in font nullfont!
Missing character: There is no a in font nullfont!
Missing character: There is no n in font nullfont!
Missing character: There is no g in font nullfont!
Missing character: There is no l in font nullfont!
Missing character: There is no e in font nullfont!
Missing character: There is no m in font nullfont!
Missing character: There is no e in font nullfont!
Missing character: There is no n in font nullfont!
Missing character: There is no t in font nullfont!
Missing character: There is no p in font nullfont!
Missing character: There is no a in font nullfont!
Missing character: There is no t in font nullfont!
Missing character: There is no t in font nullfont!
Missing character: There is no e in font nullfont!
Missing character: There is no r in font nullfont!
Missing character: There is no n in font nullfont!
Missing character: There is no s in font nullfont!
Missing character: There is no . in font nullfont!

Overfull \hbox (37.40012pt too wide) in paragraph at lines 59--61
             $[]\/cmr/m/n/10 (\OMS/cmsy/m/n/10 j\/cmr/m/n/10 01 +
 []


Overfull \hbox (16.66672pt too wide) in paragraph at lines 59--61
\OMS/cmsy/m/n/10 j\/cmr/m/n/10 10)$
 []


Overfull \hbox (23.82877pt too wide) in paragraph at lines 59--61
\OML/cmm/m/it/10 ^^Z[]$
 []


Overfull \hbox (12.23901pt too wide) in paragraph at lines 59--61
[] \OMS/cmsy/m/n/10 ^^A
 []


Overfull \hbox (19.58627pt too wide) in paragraph at lines 59--61
[]$
 []


Overfull \hbox (5.43053pt too wide) in paragraph at lines 59--61
[]
 []


Overfull \hbox (5.43053pt too wide) in paragraph at lines 59--61
[]
 []


! LaTeX Error: Missing \begin{document}.

See the LaTeX manual or LaTeX Companion for explanation.
Type  H <return>  for immediate help.
 ...                                              
                                                  
l.62 \bigskip\noindent
                       \Bram{Make transition smoother}A model is said to pos...

You're in trouble here.  Try typing  <return>  to proceed.
If that doesn't work, type  X <return>  to quit.

! Undefined control sequence.
l.62 \bigskip\noindent \Bram
                            {Make transition smoother}A model is said to pos...
The control sequence at the end of the top line
of your error message was never \def'ed. If you have
misspelled it (e.g., `\hobx'), type `I' and the correct
spelling (e.g., `I\hbox'). Otherwise just continue,
and I'll forget about whatever was undefined.

Missing character: There is no M in font nullfont!
Missing character: There is no a in font nullfont!
Missing character: There is no k in font nullfont!
Missing character: There is no e in font nullfont!
Missing character: There is no t in font nullfont!
Missing character: There is no r in font nullfont!
Missing character: There is no a in font nullfont!
Missing character: There is no n in font nullfont!
Missing character: There is no s in font nullfont!
Missing character: There is no i in font nullfont!
Missing character: There is no t in font nullfont!
Missing character: There is no i in font nullfont!
Missing character: There is no o in font nullfont!
Missing character: There is no n in font nullfont!
Missing character: There is no s in font nullfont!
Missing character: There is no m in font nullfont!
Missing character: There is no o in font nullfont!
Missing character: There is no o in font nullfont!
Missing character: There is no t in font nullfont!
Missing character: There is no h in font nullfont!
Missing character: There is no e in font nullfont!
Missing character: There is no r in font nullfont!
Missing character: There is no A in font nullfont!
Missing character: There is no m in font nullfont!
Missing character: There is no o in font nullfont!
Missing character: There is no d in font nullfont!
Missing character: There is no e in font nullfont!
Missing character: There is no l in font nullfont!
Missing character: There is no i in font nullfont!
Missing character: There is no s in font nullfont!
Missing character: There is no s in font nullfont!
Missing character: There is no a in font nullfont!
Missing character: There is no i in font nullfont!
Missing character: There is no d in font nullfont!
Missing character: There is no t in font nullfont!
Missing character: There is no o in font nullfont!
Missing character: There is no p in font nullfont!
Missing character: There is no o in font nullfont!
Missing character: There is no s in font nullfont!
Missing character: There is no s in font nullfont!
Missing character: There is no e in font nullfont!
Missing character: There is no s in font nullfont!
Missing character: There is no a in font nullfont!
Missing character: There is no n in font nullfont!
Missing character: There is no i in font nullfont!
Missing character: There is no f in font nullfont!
Missing character: There is no t in font nullfont!
Missing character: There is no h in font nullfont!
Missing character: There is no e in font nullfont!
Missing character: There is no e in font nullfont!
Missing character: There is no x in font nullfont!
Missing character: There is no c in font nullfont!
Missing character: There is no i in font nullfont!
Missing character: There is no t in font nullfont!
Missing character: There is no a in font nullfont!
Missing character: There is no t in font nullfont!
Missing character: There is no i in font nullfont!
Missing character: There is no o in font nullfont!
Missing character: There is no n in font nullfont!
Missing character: There is no e in font nullfont!
Missing character: There is no n in font nullfont!
Missing character: There is no e in font nullfont!
Missing character: There is no r in font nullfont!
Missing character: There is no g in font nullfont!
Missing character: There is no y in font nullfont!
Missing character: There is no o in font nullfont!
Missing character: There is no f in font nullfont!
Missing character: There is no t in font nullfont!
Missing character: There is no h in font nullfont!
Missing character: There is no e in font nullfont!
Missing character: There is no l in font nullfont!
Missing character: There is no o in font nullfont!
Missing character: There is no w in font nullfont!
Missing character: There is no e in font nullfont!
Missing character: There is no s in font nullfont!
Missing character: There is no t in font nullfont!
Missing character: There is no - in font nullfont!
Missing character: There is no l in font nullfont!
Missing character: There is no y in font nullfont!
Missing character: There is no i in font nullfont!
Missing character: There is no n in font nullfont!
Missing character: There is no g in font nullfont!
Missing character: There is no e in font nullfont!
Missing character: There is no x in font nullfont!
Missing character: There is no c in font nullfont!
Missing character: There is no i in font nullfont!
Missing character: There is no t in font nullfont!
Missing character: There is no e in font nullfont!
Missing character: There is no d in font nullfont!
Missing character: There is no s in font nullfont!
Missing character: There is no t in font nullfont!
Missing character: There is no a in font nullfont!
Missing character: There is no t in font nullfont!
Missing character: There is no e in font nullfont!
Missing character: There is no ( in font nullfont!
Missing character: There is no s in font nullfont!
Missing character: There is no ) in font nullfont!
Missing character: There is no i in font nullfont!
Missing character: There is no s in font nullfont!
Missing character: There is no n in font nullfont!
Missing character: There is no o in font nullfont!
Missing character: There is no n in font nullfont!
Missing character: There is no - in font nullfont!
Missing character: There is no v in font nullfont!
Missing character: There is no a in font nullfont!
Missing character: There is no n in font nullfont!
Missing character: There is no i in font nullfont!
Missing character: There is no s in font nullfont!
Missing character: There is no h in font nullfont!
Missing character: There is no i in font nullfont!
Missing character: There is no n in font nullfont!
Missing character: There is no g in font nullfont!
Missing character: There is no i in font nullfont!
Missing character: There is no n in font nullfont!
Missing character: There is no t in font nullfont!
Missing character: There is no h in font nullfont!
Missing character: There is no e in font nullfont!
Missing character: There is no t in font nullfont!
Missing character: There is no h in font nullfont!
Missing character: There is no e in font nullfont!
Missing character: There is no r in font nullfont!
Missing character: There is no m in font nullfont!
Missing character: There is no o in font nullfont!
Missing character: There is no d in font nullfont!
Missing character: There is no y in font nullfont!
Missing character: There is no n in font nullfont!
Missing character: There is no a in font nullfont!
Missing character: There is no m in font nullfont!
Missing character: There is no i in font nullfont!
Missing character: There is no c in font nullfont!
Missing character: There is no l in font nullfont!
Missing character: There is no i in font nullfont!
Missing character: There is no m in font nullfont!
Missing character: There is no i in font nullfont!
Missing character: There is no t in font nullfont!
Missing character: There is no . in font nullfont!
Missing character: There is no S in font nullfont!
Missing character: There is no u in font nullfont!
Missing character: There is no c in font nullfont!
Missing character: There is no h in font nullfont!
Missing character: There is no a in font nullfont!
Missing character: There is no s in font nullfont!
Missing character: There is no y in font nullfont!
Missing character: There is no s in font nullfont!
Missing character: There is no t in font nullfont!
Missing character: There is no e in font nullfont!
Missing character: There is no m in font nullfont!
Missing character: There is no i in font nullfont!
Missing character: There is no s in font nullfont!
Missing character: There is no c in font nullfont!
Missing character: There is no h in font nullfont!
Missing character: There is no a in font nullfont!
Missing character: There is no r in font nullfont!
Missing character: There is no a in font nullfont!
Missing character: There is no c in font nullfont!
Missing character: There is no t in font nullfont!
Missing character: There is no e in font nullfont!
Missing character: There is no r in font nullfont!
Missing character: There is no i in font nullfont!
Missing character: There is no s in font nullfont!
Missing character: There is no e in font nullfont!
Missing character: There is no d in font nullfont!
Missing character: There is no b in font nullfont!
Missing character: There is no y in font nullfont!
Missing character: There is no e in font nullfont!
Missing character: There is no x in font nullfont!
Missing character: There is no p in font nullfont!
Missing character: There is no o in font nullfont!
Missing character: There is no n in font nullfont!
Missing character: There is no e in font nullfont!
Missing character: There is no n in font nullfont!
Missing character: There is no t in font nullfont!
Missing character: There is no i in font nullfont!
Missing character: There is no a in font nullfont!
Missing character: There is no l in font nullfont!
Missing character: There is no l in font nullfont!
Missing character: There is no y in font nullfont!
Missing character: There is no d in font nullfont!
Missing character: There is no e in font nullfont!
Missing character: There is no c in font nullfont!
Missing character: There is no a in font nullfont!
Missing character: There is no y in font nullfont!
Missing character: There is no i in font nullfont!
Missing character: There is no n in font nullfont!
Missing character: There is no g in font nullfont!
Missing character: There is no c in font nullfont!
Missing character: There is no o in font nullfont!
Missing character: There is no n in font nullfont!
Missing character: There is no n in font nullfont!
Missing character: There is no e in font nullfont!
Missing character: There is no c in font nullfont!
Missing character: There is no t in font nullfont!
Missing character: There is no e in font nullfont!
Missing character: There is no d in font nullfont!
Missing character: There is no c in font nullfont!
Missing character: There is no o in font nullfont!
Missing character: There is no r in font nullfont!
Missing character: There is no r in font nullfont!
Missing character: There is no e in font nullfont!
Missing character: There is no l in font nullfont!
Missing character: There is no a in font nullfont!
Missing character: There is no t in font nullfont!
Missing character: There is no i in font nullfont!
Missing character: There is no o in font nullfont!
Missing character: There is no n in font nullfont!
Missing character: There is no f in font nullfont!
Missing character: There is no u in font nullfont!
Missing character: There is no n in font nullfont!
Missing character: There is no c in font nullfont!
Missing character: There is no t in font nullfont!
Missing character: There is no i in font nullfont!
Missing character: There is no o in font nullfont!
Missing character: There is no n in font nullfont!
Missing character: There is no s in font nullfont!
Missing character: There is no t in font nullfont!
Missing character: There is no o in font nullfont!
Missing character: There is no w in font nullfont!
Missing character: There is no h in font nullfont!
Missing character: There is no i in font nullfont!
Missing character: There is no c in font nullfont!
Missing character: There is no h in font nullfont!
Missing character: There is no a in font nullfont!
Missing character: There is no f in font nullfont!
Missing character: There is no i in font nullfont!
Missing character: There is no n in font nullfont!
Missing character: There is no i in font nullfont!
Missing character: There is no t in font nullfont!
Missing character: There is no e in font nullfont!
Missing character: There is no c in font nullfont!
Missing character: There is no a in font nullfont!
Missing character: There is no n in font nullfont!
Missing character: There is no b in font nullfont!
Missing character: There is no e in font nullfont!
Missing character: There is no a in font nullfont!
Missing character: There is no s in font nullfont!
Missing character: There is no s in font nullfont!
Missing character: There is no o in font nullfont!
Missing character: There is no c in font nullfont!
Missing character: There is no i in font nullfont!
Missing character: There is no a in font nullfont!
Missing character: There is no t in font nullfont!
Missing character: There is no e in font nullfont!
Missing character: There is no d in font nullfont!
Missing character: There is no , in font nullfont!
Missing character: There is no v in font nullfont!
Missing character: There is no i in font nullfont!
Missing character: There is no z in font nullfont!
Missing character: There is no . in font nullfont!
Missing character: There is no : in font nullfont!

Overfull \hbox (17.88876pt too wide) in paragraph at lines 62--63
         \OT1/cmr/m/it/10 (en-
 []


Overfull \hbox (21.84981pt too wide) in paragraph at lines 62--63
\OT1/cmr/m/it/10 ergy)
 []


Overfull \hbox (14.82213pt too wide) in paragraph at lines 62--63
\OT1/cmr/m/it/10 gap
 []


Overfull \hbox (21.9027pt too wide) in paragraph at lines 62--63
\OML/cmm/m/it/10 N \OMS/cmsy/m/n/10 !
 []


Overfull \hbox (10.00002pt too wide) in paragraph at lines 62--63
\OMS/cmsy/m/n/10 1$
 []


Overfull \hbox (16.9943pt too wide) in paragraph at lines 62--63
\OT1/cmr/m/it/10 cor-
 []


Overfull \hbox (11.88321pt too wide) in paragraph at lines 62--63
\OT1/cmr/m/it/10 re-
 []


Overfull \hbox (11.24437pt too wide) in paragraph at lines 62--63
\OT1/cmr/m/it/10 la-
 []


Overfull \hbox (17.12212pt too wide) in paragraph at lines 62--63
\OT1/cmr/m/it/10 tion
 []


Overfull \hbox (25.81093pt too wide) in paragraph at lines 62--63
\OT1/cmr/m/it/10 length
 []


Overfull \hbox (4.83508pt too wide) in paragraph at lines 62--63
\OML/cmm/m/it/10 ^^X$
 []

! Undefined control sequence.
l.64 	\la
          O(\vec r) O(\vec 0)\ra_{\rm conn.} \sim \exp(-|\vec r|/\xi).
The control sequence at the end of the top line
of your error message was never \def'ed. If you have
misspelled it (e.g., `\hobx'), type `I' and the correct
spelling (e.g., `I\hbox'). Otherwise just continue,
and I'll forget about whatever was undefined.

! Undefined control sequence.
l.64 	\la O(\vec r) O(\vec 0)\ra
                                _{\rm conn.} \sim \exp(-|\vec r|/\xi).
The control sequence at the end of the top line
of your error message was never \def'ed. If you have
misspelled it (e.g., `\hobx'), type `I' and the correct
spelling (e.g., `I\hbox'). Otherwise just continue,
and I'll forget about whatever was undefined.

! Undefined control sequence.
l.64 	\la O(\vec r) O(\vec 0)\ra_{\rm
                                      conn.} \sim \exp(-|\vec r|/\xi).
The control sequence at the end of the top line
of your error message was never \def'ed. If you have
misspelled it (e.g., `\hobx'), type `I' and the correct
spelling (e.g., `I\hbox'). Otherwise just continue,
and I'll forget about whatever was undefined.


Overfull \hbox (128.56317pt too wide) detected at line 65
\OML/cmm/m/it/10 O\/cmr/m/n/10 ([])\OML/cmm/m/it/10 O\/cmr/m/n/10 ([])[] \OMS/c
msy/m/n/10 ^^X []\/cmr/m/n/10 (\OMS/cmsy/m/n/10 ^^@j[]j\OML/cmm/m/it/10 =^^X\/c
mr/m/n/10 )\OML/cmm/m/it/10 :
 []

Missing character: There is no T in font nullfont!
Missing character: There is no h in font nullfont!
Missing character: There is no e in font nullfont!
Missing character: There is no e in font nullfont!
Missing character: There is no n in font nullfont!
Missing character: There is no t in font nullfont!
Missing character: There is no a in font nullfont!
Missing character: There is no n in font nullfont!
Missing character: There is no g in font nullfont!
Missing character: There is no l in font nullfont!
Missing character: There is no e in font nullfont!
Missing character: There is no m in font nullfont!
Missing character: There is no e in font nullfont!
Missing character: There is no n in font nullfont!
Missing character: There is no t in font nullfont!
Missing character: There is no s in font nullfont!
Missing character: There is no t in font nullfont!
Missing character: There is no r in font nullfont!
Missing character: There is no u in font nullfont!
Missing character: There is no c in font nullfont!
Missing character: There is no t in font nullfont!
Missing character: There is no u in font nullfont!
Missing character: There is no r in font nullfont!
Missing character: There is no e in font nullfont!
Missing character: There is no o in font nullfont!
Missing character: There is no f in font nullfont!
Missing character: There is no g in font nullfont!
Missing character: There is no a in font nullfont!
Missing character: There is no p in font nullfont!
Missing character: There is no p in font nullfont!
Missing character: There is no e in font nullfont!
Missing character: There is no d in font nullfont!
Missing character: There is no s in font nullfont!
Missing character: There is no y in font nullfont!
Missing character: There is no s in font nullfont!
Missing character: There is no t in font nullfont!
Missing character: There is no e in font nullfont!
Missing character: There is no m in font nullfont!
Missing character: There is no s in font nullfont!
Missing character: There is no d in font nullfont!
Missing character: There is no i in font nullfont!
Missing character: There is no f in font nullfont!
Missing character: There is no f in font nullfont!
Missing character: There is no e in font nullfont!
Missing character: There is no r in font nullfont!
Missing character: There is no s in font nullfont!
Missing character: There is no v in font nullfont!
Missing character: There is no a in font nullfont!
Missing character: There is no s in font nullfont!
Missing character: There is no t in font nullfont!
Missing character: There is no l in font nullfont!
Missing character: There is no y in font nullfont!
Missing character: There is no f in font nullfont!
Missing character: There is no r in font nullfont!
Missing character: There is no o in font nullfont!
Missing character: There is no m in font nullfont!
Missing character: There is no t in font nullfont!
Missing character: There is no h in font nullfont!
Missing character: There is no a in font nullfont!
Missing character: There is no t in font nullfont!
Missing character: There is no o in font nullfont!
Missing character: There is no f in font nullfont!
Missing character: There is no a in font nullfont!
Missing character: There is no r in font nullfont!
Missing character: There is no b in font nullfont!
Missing character: There is no i in font nullfont!
Missing character: There is no t in font nullfont!
Missing character: There is no r in font nullfont!
Missing character: There is no a in font nullfont!
Missing character: There is no r in font nullfont!
Missing character: There is no y in font nullfont!
Missing character: There is no s in font nullfont!
Missing character: There is no t in font nullfont!
Missing character: There is no a in font nullfont!
Missing character: There is no t in font nullfont!
Missing character: There is no e in font nullfont!
Missing character: There is no s in font nullfont!
Missing character: There is no i in font nullfont!
Missing character: There is no n in font nullfont!
Missing character: There is no t in font nullfont!
Missing character: There is no h in font nullfont!
Missing character: There is no e in font nullfont!
Missing character: There is no m in font nullfont!
Missing character: There is no a in font nullfont!
Missing character: There is no n in font nullfont!
Missing character: There is no y in font nullfont!
Missing character: There is no - in font nullfont!
Missing character: There is no b in font nullfont!
Missing character: There is no o in font nullfont!
Missing character: There is no d in font nullfont!
Missing character: There is no y in font nullfont!
Missing character: There is no H in font nullfont!
Missing character: There is no i in font nullfont!
Missing character: There is no l in font nullfont!
Missing character: There is no b in font nullfont!
Missing character: There is no e in font nullfont!
Missing character: There is no r in font nullfont!
Missing character: There is no t in font nullfont!
Missing character: There is no s in font nullfont!
Missing character: There is no p in font nullfont!
Missing character: There is no a in font nullfont!
Missing character: There is no c in font nullfont!
Missing character: There is no e in font nullfont!
Missing character: There is no . in font nullfont!
Missing character: There is no I in font nullfont!
Missing character: There is no n in font nullfont!
Missing character: There is no v in font nullfont!
Missing character: There is no i in font nullfont!
Missing character: There is no r in font nullfont!
Missing character: There is no t in font nullfont!
Missing character: There is no u in font nullfont!
Missing character: There is no e in font nullfont!
Missing character: There is no o in font nullfont!
Missing character: There is no f in font nullfont!
Missing character: There is no t in font nullfont!
Missing character: There is no h in font nullfont!
Missing character: There is no e in font nullfont!
Missing character: There is no o in font nullfont!
Missing character: There is no f in font nullfont!
Missing character: There is no p in font nullfont!
Missing character: There is no h in font nullfont!
Missing character: There is no y in font nullfont!
Missing character: There is no s in font nullfont!
Missing character: There is no i in font nullfont!
Missing character: There is no c in font nullfont!
Missing character: There is no a in font nullfont!
Missing character: There is no l in font nullfont!
Missing character: There is no i in font nullfont!
Missing character: There is no n in font nullfont!
Missing character: There is no t in font nullfont!
Missing character: There is no e in font nullfont!
Missing character: There is no r in font nullfont!
Missing character: There is no a in font nullfont!
Missing character: There is no c in font nullfont!
Missing character: There is no t in font nullfont!
Missing character: There is no i in font nullfont!
Missing character: There is no o in font nullfont!
Missing character: There is no n in font nullfont!
Missing character: There is no s in font nullfont!
Missing character: There is no , in font nullfont!
Missing character: There is no g in font nullfont!
Missing character: There is no a in font nullfont!
Missing character: There is no p in font nullfont!
Missing character: There is no p in font nullfont!
Missing character: There is no e in font nullfont!
Missing character: There is no d in font nullfont!
Missing character: There is no g in font nullfont!
Missing character: There is no r in font nullfont!
Missing character: There is no o in font nullfont!
Missing character: There is no u in font nullfont!
Missing character: There is no n in font nullfont!
Missing character: There is no d in font nullfont!
Missing character: There is no s in font nullfont!
Missing character: There is no t in font nullfont!
Missing character: There is no a in font nullfont!
Missing character: There is no t in font nullfont!
Missing character: There is no e in font nullfont!
Missing character: There is no s in font nullfont!
Missing character: There is no o in font nullfont!
Missing character: There is no b in font nullfont!
Missing character: There is no e in font nullfont!
Missing character: There is no y in font nullfont!
Missing character: There is no a in font nullfont!
Missing character: There is no n in font nullfont!
Missing character: There is no o in font nullfont!
Missing character: There is no f in font nullfont!
Missing character: There is no t in font nullfont!
Missing character: There is no h in font nullfont!
Missing character: There is no e in font nullfont!
Missing character: There is no i in font nullfont!
Missing character: There is no r in font nullfont!
Missing character: There is no e in font nullfont!
Missing character: There is no n in font nullfont!
Missing character: There is no t in font nullfont!
Missing character: There is no a in font nullfont!
Missing character: There is no n in font nullfont!
Missing character: There is no g in font nullfont!
Missing character: There is no l in font nullfont!
Missing character: There is no e in font nullfont!
Missing character: There is no m in font nullfont!
Missing character: There is no e in font nullfont!
Missing character: There is no n in font nullfont!
Missing character: There is no t in font nullfont!
Missing character: There is no e in font nullfont!
Missing character: There is no n in font nullfont!
Missing character: There is no t in font nullfont!
Missing character: There is no r in font nullfont!
Missing character: There is no o in font nullfont!
Missing character: There is no p in font nullfont!
Missing character: There is no y in font nullfont!
Missing character: There is no . in font nullfont!
Missing character: There is no I in font nullfont!
Missing character: There is no n in font nullfont!
Missing character: There is no g in font nullfont!
Missing character: There is no e in font nullfont!
Missing character: There is no n in font nullfont!
Missing character: There is no e in font nullfont!
Missing character: There is no r in font nullfont!
Missing character: There is no i in font nullfont!
Missing character: There is no c in font nullfont!
Missing character: There is no s in font nullfont!
Missing character: There is no p in font nullfont!
Missing character: There is no a in font nullfont!
Missing character: There is no t in font nullfont!
Missing character: There is no i in font nullfont!
Missing character: There is no a in font nullfont!
Missing character: There is no l in font nullfont!
Missing character: There is no d in font nullfont!
Missing character: There is no i in font nullfont!
Missing character: There is no m in font nullfont!
Missing character: There is no e in font nullfont!
Missing character: There is no n in font nullfont!
Missing character: There is no s in font nullfont!
Missing character: There is no i in font nullfont!
Missing character: There is no o in font nullfont!
Missing character: There is no n in font nullfont!
Missing character: There is no , in font nullfont!
Missing character: There is no t in font nullfont!
Missing character: There is no h in font nullfont!
Missing character: There is no e in font nullfont!
Missing character: There is no a in font nullfont!
Missing character: There is no r in font nullfont!
Missing character: There is no e in font nullfont!
Missing character: There is no a in font nullfont!
Missing character: There is no l in font nullfont!
Missing character: There is no a in font nullfont!
Missing character: There is no w in font nullfont!
Missing character: There is no o in font nullfont!
Missing character: There is no f in font nullfont!
Missing character: There is no e in font nullfont!
Missing character: There is no n in font nullfont!
Missing character: There is no t in font nullfont!
Missing character: There is no a in font nullfont!
Missing character: There is no n in font nullfont!
Missing character: There is no g in font nullfont!
Missing character: There is no l in font nullfont!
Missing character: There is no e in font nullfont!
Missing character: There is no m in font nullfont!
Missing character: There is no e in font nullfont!
Missing character: There is no n in font nullfont!
Missing character: There is no t in font nullfont!
Missing character: There is no e in font nullfont!
Missing character: There is no n in font nullfont!
Missing character: There is no t in font nullfont!
Missing character: There is no r in font nullfont!
Missing character: There is no o in font nullfont!
Missing character: There is no p in font nullfont!
Missing character: There is no y in font nullfont!
Missing character: There is no s in font nullfont!
Missing character: There is no t in font nullfont!
Missing character: There is no i in font nullfont!
Missing character: There is no p in font nullfont!
Missing character: There is no u in font nullfont!
Missing character: There is no l in font nullfont!
Missing character: There is no a in font nullfont!
Missing character: There is no t in font nullfont!
Missing character: There is no e in font nullfont!
Missing character: There is no s in font nullfont!
Missing character: There is no t in font nullfont!
Missing character: There is no h in font nullfont!
Missing character: There is no a in font nullfont!
Missing character: There is no t in font nullfont!
Missing character: There is no f in font nullfont!
Missing character: There is no o in font nullfont!
Missing character: There is no r in font nullfont!
Missing character: There is no t in font nullfont!
Missing character: There is no h in font nullfont!
Missing character: There is no e in font nullfont!
Missing character: There is no v in font nullfont!
Missing character: There is no o in font nullfont!
Missing character: There is no n in font nullfont!
Missing character: There is no N in font nullfont!
Missing character: There is no e in font nullfont!
Missing character: There is no u in font nullfont!
Missing character: There is no m in font nullfont!
Missing character: There is no a in font nullfont!
Missing character: There is no n in font nullfont!
Missing character: There is no n in font nullfont!
Missing character: There is no e in font nullfont!
Missing character: There is no n in font nullfont!
Missing character: There is no t in font nullfont!
Missing character: There is no r in font nullfont!
Missing character: There is no o in font nullfont!
Missing character: There is no p in font nullfont!
Missing character: There is no y in font nullfont!
Missing character: There is no b in font nullfont!
Missing character: There is no e in font nullfont!
Missing character: There is no t in font nullfont!
Missing character: There is no w in font nullfont!
Missing character: There is no e in font nullfont!
Missing character: There is no e in font nullfont!
Missing character: There is no n in font nullfont!
Missing character: There is no a in font nullfont!
Missing character: There is no n in font nullfont!
Missing character: There is no y in font nullfont!
Missing character: There is no r in font nullfont!
Missing character: There is no e in font nullfont!
Missing character: There is no g in font nullfont!
Missing character: There is no i in font nullfont!
Missing character: There is no o in font nullfont!
Missing character: There is no n in font nullfont!
Missing character: There is no a in font nullfont!
Missing character: There is no n in font nullfont!
Missing character: There is no d in font nullfont!
Missing character: There is no i in font nullfont!
Missing character: There is no t in font nullfont!
Missing character: There is no s in font nullfont!
Missing character: There is no c in font nullfont!
Missing character: There is no o in font nullfont!
Missing character: There is no m in font nullfont!
Missing character: There is no p in font nullfont!
Missing character: There is no l in font nullfont!
Missing character: There is no e in font nullfont!
Missing character: There is no m in font nullfont!
Missing character: There is no e in font nullfont!
Missing character: There is no n in font nullfont!
Missing character: There is no t in font nullfont!
Missing character: There is no d in font nullfont!
Missing character: There is no o in font nullfont!
Missing character: There is no e in font nullfont!
Missing character: There is no s in font nullfont!
Missing character: There is no n in font nullfont!
Missing character: There is no o in font nullfont!
Missing character: There is no t in font nullfont!
Missing character: There is no s in font nullfont!
Missing character: There is no c in font nullfont!
Missing character: There is no a in font nullfont!
Missing character: There is no l in font nullfont!
Missing character: There is no e in font nullfont!
Missing character: There is no a in font nullfont!
Missing character: There is no s in font nullfont!
Missing character: There is no t in font nullfont!
Missing character: There is no h in font nullfont!
Missing character: There is no e in font nullfont!
Missing character: There is no v in font nullfont!
Missing character: There is no o in font nullfont!
Missing character: There is no l in font nullfont!
Missing character: There is no u in font nullfont!
Missing character: There is no m in font nullfont!
Missing character: There is no e in font nullfont!
Missing character: There is no o in font nullfont!
Missing character: There is no f in font nullfont!
Missing character: There is no i in font nullfont!
Missing character: There is no t in font nullfont!
Missing character: There is no s in font nullfont!
Missing character: There is no i in font nullfont!
Missing character: There is no n in font nullfont!
Missing character: There is no t in font nullfont!
Missing character: There is no e in font nullfont!
Missing character: There is no r in font nullfont!
Missing character: There is no i in font nullfont!
Missing character: There is no o in font nullfont!
Missing character: There is no r in font nullfont!
Missing character: There is no - in font nullfont!
Missing character: There is no - in font nullfont!
Missing character: There is no - in font nullfont!
Missing character: There is no a in font nullfont!
Missing character: There is no s in font nullfont!
Missing character: There is no c in font nullfont!
Missing character: There is no o in font nullfont!
Missing character: There is no u in font nullfont!
Missing character: There is no l in font nullfont!
Missing character: There is no d in font nullfont!
Missing character: There is no b in font nullfont!
Missing character: There is no e in font nullfont!
Missing character: There is no e in font nullfont!
Missing character: There is no x in font nullfont!
Missing character: There is no p in font nullfont!
Missing character: There is no e in font nullfont!
Missing character: There is no c in font nullfont!
Missing character: There is no t in font nullfont!
Missing character: There is no e in font nullfont!
Missing character: There is no d in font nullfont!
Missing character: There is no f in font nullfont!
Missing character: There is no o in font nullfont!
Missing character: There is no r in font nullfont!
Missing character: There is no g in font nullfont!
Missing character: There is no e in font nullfont!
Missing character: There is no n in font nullfont!
Missing character: There is no e in font nullfont!
Missing character: There is no r in font nullfont!
Missing character: There is no i in font nullfont!
Missing character: There is no c in font nullfont!
Missing character: There is no q in font nullfont!
Missing character: There is no u in font nullfont!
Missing character: There is no a in font nullfont!
Missing character: There is no n in font nullfont!
Missing character: There is no t in font nullfont!
Missing character: There is no u in font nullfont!
Missing character: There is no m in font nullfont!
Missing character: There is no s in font nullfont!
Missing character: There is no t in font nullfont!
Missing character: There is no a in font nullfont!
Missing character: There is no t in font nullfont!
Missing character: There is no e in font nullfont!
Missing character: There is no s in font nullfont!
Missing character: There is no - in font nullfont!
Missing character: There is no - in font nullfont!
Missing character: There is no - in font nullfont!
Missing character: There is no b in font nullfont!
Missing character: There is no u in font nullfont!
Missing character: There is no t in font nullfont!
Missing character: There is no r in font nullfont!
Missing character: There is no a in font nullfont!
Missing character: There is no t in font nullfont!
Missing character: There is no h in font nullfont!
Missing character: There is no e in font nullfont!
Missing character: There is no r in font nullfont!
Missing character: There is no b in font nullfont!
Missing character: There is no y in font nullfont!
Missing character: There is no t in font nullfont!
Missing character: There is no h in font nullfont!
Missing character: There is no e in font nullfont!
Missing character: There is no s in font nullfont!
Missing character: There is no u in font nullfont!
Missing character: There is no r in font nullfont!
Missing character: There is no f in font nullfont!
Missing character: There is no a in font nullfont!
Missing character: There is no c in font nullfont!
Missing character: There is no e in font nullfont!
Missing character: There is no a in font nullfont!
Missing character: There is no r in font nullfont!
Missing character: There is no e in font nullfont!
Missing character: There is no a in font nullfont!
Missing character: There is no o in font nullfont!
Missing character: There is no f in font nullfont!
Missing character: There is no i in font nullfont!
Missing character: There is no t in font nullfont!
Missing character: There is no s in font nullfont!
Missing character: There is no b in font nullfont!
Missing character: There is no o in font nullfont!
Missing character: There is no u in font nullfont!
Missing character: There is no n in font nullfont!
Missing character: There is no d in font nullfont!
Missing character: There is no a in font nullfont!
Missing character: There is no r in font nullfont!
Missing character: There is no y in font nullfont!
Missing character: There is no . in font nullfont!
Missing character: There is no S in font nullfont!
Missing character: There is no p in font nullfont!
Missing character: There is no e in font nullfont!
Missing character: There is no c in font nullfont!
Missing character: There is no i in font nullfont!
Missing character: There is no a in font nullfont!
Missing character: There is no l in font nullfont!
Missing character: There is no i in font nullfont!
Missing character: There is no s in font nullfont!
Missing character: There is no i in font nullfont!
Missing character: There is no n in font nullfont!
Missing character: There is no g in font nullfont!
Missing character: There is no t in font nullfont!
Missing character: There is no o in font nullfont!
Missing character: There is no t in font nullfont!
Missing character: There is no h in font nullfont!
Missing character: There is no e in font nullfont!
Missing character: There is no c in font nullfont!
Missing character: There is no a in font nullfont!
Missing character: There is no s in font nullfont!
Missing character: There is no e in font nullfont!
Missing character: There is no o in font nullfont!
Missing character: There is no f in font nullfont!
Missing character: There is no o in font nullfont!
Missing character: There is no n in font nullfont!
Missing character: There is no e in font nullfont!
Missing character: There is no - in font nullfont!
Missing character: There is no d in font nullfont!
Missing character: There is no i in font nullfont!
Missing character: There is no m in font nullfont!
Missing character: There is no e in font nullfont!
Missing character: There is no n in font nullfont!
Missing character: There is no s in font nullfont!
Missing character: There is no i in font nullfont!
Missing character: There is no o in font nullfont!
Missing character: There is no n in font nullfont!
Missing character: There is no a in font nullfont!
Missing character: There is no l in font nullfont!
Missing character: There is no c in font nullfont!
Missing character: There is no h in font nullfont!
Missing character: There is no a in font nullfont!
Missing character: There is no i in font nullfont!
Missing character: There is no n in font nullfont!
Missing character: There is no s in font nullfont!
Missing character: There is no , in font nullfont!
Missing character: There is no t in font nullfont!
Missing character: There is no h in font nullfont!
Missing character: There is no e in font nullfont!
Missing character: There is no a in font nullfont!
Missing character: There is no r in font nullfont!
Missing character: There is no e in font nullfont!
Missing character: There is no a in font nullfont!
Missing character: There is no o in font nullfont!
Missing character: There is no f in font nullfont!
Missing character: There is no a in font nullfont!
Missing character: There is no c in font nullfont!
Missing character: There is no o in font nullfont!
Missing character: There is no n in font nullfont!
Missing character: There is no t in font nullfont!
Missing character: There is no i in font nullfont!
Missing character: There is no g in font nullfont!
Missing character: There is no u in font nullfont!
Missing character: There is no o in font nullfont!
Missing character: There is no u in font nullfont!
Missing character: There is no s in font nullfont!
Missing character: There is no r in font nullfont!
Missing character: There is no e in font nullfont!
Missing character: There is no g in font nullfont!
Missing character: There is no i in font nullfont!
Missing character: There is no o in font nullfont!
Missing character: There is no n in font nullfont!
Missing character: There is no i in font nullfont!
Missing character: There is no s in font nullfont!
Missing character: There is no s in font nullfont!
Missing character: There is no i in font nullfont!
Missing character: There is no m in font nullfont!
Missing character: There is no p in font nullfont!
Missing character: There is no l in font nullfont!
Missing character: There is no y in font nullfont!
Missing character: There is no a in font nullfont!
Missing character: There is no c in font nullfont!
Missing character: There is no o in font nullfont!
Missing character: There is no n in font nullfont!
Missing character: There is no s in font nullfont!
Missing character: There is no t in font nullfont!
Missing character: There is no a in font nullfont!
Missing character: There is no n in font nullfont!
Missing character: There is no t in font nullfont!
Missing character: There is no a in font nullfont!
Missing character: There is no n in font nullfont!
Missing character: There is no d in font nullfont!
Missing character: There is no f in font nullfont!
Missing character: There is no o in font nullfont!
Missing character: There is no r in font nullfont!
Missing character: There is no t in font nullfont!
Missing character: There is no h in font nullfont!
Missing character: There is no i in font nullfont!
Missing character: There is no s in font nullfont!
Missing character: There is no c in font nullfont!
Missing character: There is no a in font nullfont!
Missing character: There is no s in font nullfont!
Missing character: There is no e in font nullfont!
Missing character: There is no t in font nullfont!
Missing character: There is no h in font nullfont!
Missing character: There is no e in font nullfont!
Missing character: There is no a in font nullfont!
Missing character: There is no r in font nullfont!
Missing character: There is no e in font nullfont!
Missing character: There is no a in font nullfont!
Missing character: There is no l in font nullfont!
Missing character: There is no a in font nullfont!
Missing character: There is no w in font nullfont!
Missing character: There is no w in font nullfont!
Missing character: There is no a in font nullfont!
Missing character: There is no s in font nullfont!
Missing character: There is no f in font nullfont!
Missing character: There is no o in font nullfont!
Missing character: There is no r in font nullfont!
Missing character: There is no m in font nullfont!
Missing character: There is no a in font nullfont!
Missing character: There is no l in font nullfont!
Missing character: There is no l in font nullfont!
Missing character: There is no y in font nullfont!
Missing character: There is no p in font nullfont!
Missing character: There is no r in font nullfont!
Missing character: There is no o in font nullfont!
Missing character: There is no v in font nullfont!
Missing character: There is no e in font nullfont!
Missing character: There is no n in font nullfont!
Missing character: There is no b in font nullfont!
Missing character: There is no y in font nullfont!
Missing character: There is no H in font nullfont!
Missing character: There is no a in font nullfont!
Missing character: There is no s in font nullfont!
Missing character: There is no t in font nullfont!
Missing character: There is no i in font nullfont!
Missing character: There is no n in font nullfont!
Missing character: There is no g in font nullfont!
Missing character: There is no s in font nullfont!
Missing character: There is no b in font nullfont!
Missing character: There is no y in font nullfont!
Missing character: There is no a in font nullfont!
Missing character: There is no c in font nullfont!
Missing character: There is no l in font nullfont!
Missing character: There is no e in font nullfont!
Missing character: There is no v in font nullfont!
Missing character: There is no e in font nullfont!
Missing character: There is no r in font nullfont!
Missing character: There is no a in font nullfont!
Missing character: There is no p in font nullfont!
Missing character: There is no p in font nullfont!
Missing character: There is no l in font nullfont!
Missing character: There is no i in font nullfont!
Missing character: There is no c in font nullfont!
Missing character: There is no a in font nullfont!
Missing character: There is no t in font nullfont!
Missing character: There is no i in font nullfont!
Missing character: There is no o in font nullfont!
Missing character: There is no n in font nullfont!
Missing character: There is no o in font nullfont!
Missing character: There is no f in font nullfont!
Missing character: There is no L in font nullfont!
Missing character: There is no i in font nullfont!
Missing character: There is no e in font nullfont!
Missing character: There is no b in font nullfont!
Missing character: There is no - in font nullfont!
Missing character: There is no R in font nullfont!
Missing character: There is no o in font nullfont!
Missing character: There is no b in font nullfont!
Missing character: There is no i in font nullfont!
Missing character: There is no n in font nullfont!
Missing character: There is no s in font nullfont!
Missing character: There is no o in font nullfont!
Missing character: There is no n in font nullfont!
Missing character: There is no b in font nullfont!
Missing character: There is no o in font nullfont!
Missing character: There is no u in font nullfont!
Missing character: There is no n in font nullfont!
Missing character: There is no d in font nullfont!
Missing character: There is no s in font nullfont!
Missing character: There is no [ in font nullfont!
\citation{Hastings2007}
! Undefined control sequence.
<write> ...: Citation `\@citeb ' on page \thepage 
                                                  \space undefined\on@line .
l.66 ...f Lieb-Robinson bounds~\cite{Hastings2007}
                                                  .
The control sequence at the end of the top line
of your error message was never \def'ed. If you have
misspelled it (e.g., `\hobx'), type `I' and the correct
spelling (e.g., `I\hbox'). Otherwise just continue,
and I'll forget about whatever was undefined.


LaTeX Warning: Citation `Hastings2007' on page  undefined on input line 66.

Missing character: There is no ] in font nullfont!
Missing character: There is no . in font nullfont!

Overfull \hbox (11.24437pt too wide) in paragraph at lines 65--67
                      \OT1/cmr/m/it/10 lo-
 []


Overfull \hbox (15.3332pt too wide) in paragraph at lines 65--67
\OT1/cmr/m/it/10 cal-
 []


Overfull \hbox (11.24435pt too wide) in paragraph at lines 65--67
\OT1/cmr/m/it/10 ity
 []


Overfull \hbox (18.01651pt too wide) in paragraph at lines 65--67
\OT1/cmr/m/it/10 area
 []


Overfull \hbox (14.31104pt too wide) in paragraph at lines 65--67
\OT1/cmr/m/it/10 law
 []


Overfull \hbox (7.50002pt too wide) in paragraph at lines 65--67
\OML/cmm/m/it/10 A$
 []


Overfull \hbox (13.3646pt too wide) in paragraph at lines 65--67
\OML/cmm/m/it/10 @A$
 []


Overfull \hbox (5.43053pt too wide) in paragraph at lines 65--67
[] 
 []

! Undefined control sequence.
l.73 \section
             {Symmetry}
The control sequence at the end of the top line
of your error message was never \def'ed. If you have
misspelled it (e.g., `\hobx'), type `I' and the correct
spelling (e.g., `I\hbox'). Otherwise just continue,
and I'll forget about whatever was undefined.


! LaTeX Error: Missing \begin{document}.

See the LaTeX manual or LaTeX Companion for explanation.
Type  H <return>  for immediate help.
 ...                                              
                                                  
l.73 \section{S
               ymmetry}
You're in trouble here.  Try typing  <return>  to proceed.
If that doesn't work, type  X <return>  to quit.

Missing character: There is no S in font nullfont!
Missing character: There is no y in font nullfont!
Missing character: There is no m in font nullfont!
Missing character: There is no m in font nullfont!
Missing character: There is no e in font nullfont!
Missing character: There is no t in font nullfont!
Missing character: There is no r in font nullfont!
Missing character: There is no y in font nullfont!
! Undefined control sequence.
l.74 \section
             {Quantum phases of matter}
The control sequence at the end of the top line
of your error message was never \def'ed. If you have
misspelled it (e.g., `\hobx'), type `I' and the correct
spelling (e.g., `I\hbox'). Otherwise just continue,
and I'll forget about whatever was undefined.

Missing character: There is no Q in font nullfont!
Missing character: There is no u in font nullfont!
Missing character: There is no a in font nullfont!
Missing character: There is no n in font nullfont!
Missing character: There is no t in font nullfont!
Missing character: There is no u in font nullfont!
Missing character: There is no m in font nullfont!
Missing character: There is no p in font nullfont!
Missing character: There is no h in font nullfont!
Missing character: There is no a in font nullfont!
Missing character: There is no s in font nullfont!
Missing character: There is no e in font nullfont!
Missing character: There is no s in font nullfont!
Missing character: There is no o in font nullfont!
Missing character: There is no f in font nullfont!
Missing character: There is no m in font nullfont!
Missing character: There is no a in font nullfont!
Missing character: There is no t in font nullfont!
Missing character: There is no t in font nullfont!
Missing character: There is no e in font nullfont!
Missing character: There is no r in font nullfont!
! Undefined control sequence.
l.75 \Bram
          {Same phase if related by a sublinear depth quantum circuit
The control sequence at the end of the top line
of your error message was never \def'ed. If you have
misspelled it (e.g., `\hobx'), type `I' and the correct
spelling (e.g., `I\hbox'). Otherwise just continue,
and I'll forget about whatever was undefined.

Missing character: There is no S in font nullfont!
Missing character: There is no a in font nullfont!
Missing character: There is no m in font nullfont!
Missing character: There is no e in font nullfont!
Missing character: There is no p in font nullfont!
Missing character: There is no h in font nullfont!
Missing character: There is no a in font nullfont!
Missing character: There is no s in font nullfont!
Missing character: There is no e in font nullfont!
Missing character: There is no i in font nullfont!
Missing character: There is no f in font nullfont!
Missing character: There is no r in font nullfont!
Missing character: There is no e in font nullfont!
Missing character: There is no l in font nullfont!
Missing character: There is no a in font nullfont!
Missing character: There is no t in font nullfont!
Missing character: There is no e in font nullfont!
Missing character: There is no d in font nullfont!
Missing character: There is no b in font nullfont!
Missing character: There is no y in font nullfont!
Missing character: There is no a in font nullfont!
Missing character: There is no s in font nullfont!
Missing character: There is no u in font nullfont!
Missing character: There is no b in font nullfont!
Missing character: There is no l in font nullfont!
Missing character: There is no i in font nullfont!
Missing character: There is no n in font nullfont!
Missing character: There is no e in font nullfont!
Missing character: There is no a in font nullfont!
Missing character: There is no r in font nullfont!
Missing character: There is no d in font nullfont!
Missing character: There is no e in font nullfont!
Missing character: There is no p in font nullfont!
Missing character: There is no t in font nullfont!
Missing character: There is no h in font nullfont!
Missing character: There is no q in font nullfont!
Missing character: There is no u in font nullfont!
Missing character: There is no a in font nullfont!
Missing character: There is no n in font nullfont!
Missing character: There is no t in font nullfont!
Missing character: There is no u in font nullfont!
Missing character: There is no m in font nullfont!
Missing character: There is no c in font nullfont!
Missing character: There is no i in font nullfont!
Missing character: There is no r in font nullfont!
Missing character: There is no c in font nullfont!
Missing character: There is no u in font nullfont!
Missing character: There is no i in font nullfont!
Missing character: There is no t in font nullfont!
Missing character: There is no L in font nullfont!
Missing character: There is no a in font nullfont!
Missing character: There is no n in font nullfont!
Missing character: There is no d in font nullfont!
Missing character: There is no a in font nullfont!
Missing character: There is no u in font nullfont!
Missing character: There is no p in font nullfont!
Missing character: There is no a in font nullfont!
Missing character: There is no r in font nullfont!
Missing character: There is no a in font nullfont!
Missing character: There is no d in font nullfont!
Missing character: There is no i in font nullfont!
Missing character: There is no g in font nullfont!
Missing character: There is no m in font nullfont!
Missing character: There is no F in font nullfont!
Missing character: There is no i in font nullfont!
Missing character: There is no x in font nullfont!
Missing character: There is no s in font nullfont!
Missing character: There is no y in font nullfont!
Missing character: There is no m in font nullfont!
Missing character: There is no m in font nullfont!
Missing character: There is no e in font nullfont!
Missing character: There is no t in font nullfont!
Missing character: There is no r in font nullfont!
Missing character: There is no i in font nullfont!
Missing character: There is no e in font nullfont!
Missing character: There is no s in font nullfont!
Missing character: There is no G in font nullfont!
Missing character: There is no a in font nullfont!
Missing character: There is no p in font nullfont!
Missing character: There is no p in font nullfont!
Missing character: There is no e in font nullfont!
Missing character: There is no d in font nullfont!
Missing character: There is no L in font nullfont!
Missing character: There is no o in font nullfont!
Missing character: There is no c in font nullfont!
Missing character: There is no a in font nullfont!
Missing character: There is no l in font nullfont!
Missing character: There is no H in font nullfont!
Missing character: There is no a in font nullfont!
Missing character: There is no m in font nullfont!
Missing character: There is no i in font nullfont!
Missing character: There is no l in font nullfont!
Missing character: There is no t in font nullfont!
Missing character: There is no o in font nullfont!
Missing character: There is no n in font nullfont!
Missing character: There is no i in font nullfont!
Missing character: There is no a in font nullfont!
Missing character: There is no n in font nullfont!
Missing character: There is no s in font nullfont!
Missing character: There is no : in font nullfont!
Missing character: There is no a in font nullfont!
Missing character: There is no r in font nullfont!
Missing character: There is no e in font nullfont!
Missing character: There is no a in font nullfont!
Missing character: There is no l in font nullfont!
Missing character: There is no a in font nullfont!
Missing character: There is no w in font nullfont!
Missing character: There is no , in font nullfont!
Missing character: There is no t in font nullfont!
Missing character: There is no e in font nullfont!
Missing character: There is no n in font nullfont!
Missing character: There is no s in font nullfont!
Missing character: There is no o in font nullfont!
Missing character: There is no r in font nullfont!
Missing character: There is no n in font nullfont!
Missing character: There is no e in font nullfont!
Missing character: There is no t in font nullfont!
Missing character: There is no w in font nullfont!
Missing character: There is no o in font nullfont!
Missing character: There is no r in font nullfont!
Missing character: There is no k in font nullfont!
Missing character: There is no s in font nullfont!
Missing character: There is no T in font nullfont!
Missing character: There is no h in font nullfont!
Missing character: There is no e in font nullfont!
Missing character: There is no c in font nullfont!
Missing character: There is no e in font nullfont!
Missing character: There is no n in font nullfont!
Missing character: There is no t in font nullfont!
Missing character: There is no r in font nullfont!
Missing character: There is no a in font nullfont!
Missing character: There is no l in font nullfont!
Missing character: There is no c in font nullfont!
Missing character: There is no h in font nullfont!
Missing character: There is no a in font nullfont!
Missing character: There is no l in font nullfont!
Missing character: There is no l in font nullfont!
Missing character: There is no e in font nullfont!
Missing character: There is no n in font nullfont!
Missing character: There is no g in font nullfont!
Missing character: There is no e in font nullfont!
Missing character: There is no i in font nullfont!
Missing character: There is no n in font nullfont!
Missing character: There is no t in font nullfont!
Missing character: There is no h in font nullfont!
Missing character: There is no e in font nullfont!
Missing character: There is no m in font nullfont!
Missing character: There is no a in font nullfont!
Missing character: There is no n in font nullfont!
Missing character: There is no y in font nullfont!
Missing character: There is no - in font nullfont!
Missing character: There is no b in font nullfont!
Missing character: There is no o in font nullfont!
Missing character: There is no d in font nullfont!
Missing character: There is no y in font nullfont!
Missing character: There is no p in font nullfont!
Missing character: There is no r in font nullfont!
Missing character: There is no o in font nullfont!
Missing character: There is no b in font nullfont!
Missing character: There is no l in font nullfont!
Missing character: There is no e in font nullfont!
Missing character: There is no m in font nullfont!
Missing character: There is no i in font nullfont!
Missing character: There is no s in font nullfont!
Missing character: There is no t in font nullfont!
Missing character: There is no o in font nullfont!
Missing character: There is no d in font nullfont!
Missing character: There is no e in font nullfont!
Missing character: There is no t in font nullfont!
Missing character: There is no e in font nullfont!
Missing character: There is no r in font nullfont!
Missing character: There is no m in font nullfont!
Missing character: There is no i in font nullfont!
Missing character: There is no n in font nullfont!
Missing character: There is no e in font nullfont!
Missing character: There is no a in font nullfont!
Missing character: There is no n in font nullfont!
Missing character: There is no d in font nullfont!
Missing character: There is no c in font nullfont!
Missing character: There is no h in font nullfont!
Missing character: There is no a in font nullfont!
Missing character: There is no r in font nullfont!
Missing character: There is no a in font nullfont!
Missing character: There is no c in font nullfont!
Missing character: There is no t in font nullfont!
Missing character: There is no e in font nullfont!
Missing character: There is no r in font nullfont!
Missing character: There is no i in font nullfont!
Missing character: There is no s in font nullfont!
Missing character: There is no e in font nullfont!
Missing character: There is no t in font nullfont!
Missing character: There is no h in font nullfont!
Missing character: There is no e in font nullfont!
Missing character: There is no o in font nullfont!
Missing character: There is no f in font nullfont!
Missing character: There is no a in font nullfont!
Missing character: There is no g in font nullfont!
Missing character: There is no i in font nullfont!
Missing character: There is no v in font nullfont!
Missing character: There is no e in font nullfont!
Missing character: There is no n in font nullfont!
Missing character: There is no m in font nullfont!
Missing character: There is no i in font nullfont!
Missing character: There is no c in font nullfont!
Missing character: There is no r in font nullfont!
Missing character: There is no o in font nullfont!
Missing character: There is no s in font nullfont!
Missing character: There is no c in font nullfont!
Missing character: There is no o in font nullfont!
Missing character: There is no p in font nullfont!
Missing character: There is no i in font nullfont!
Missing character: There is no c in font nullfont!
Missing character: There is no m in font nullfont!
Missing character: There is no o in font nullfont!
Missing character: There is no d in font nullfont!
Missing character: There is no e in font nullfont!
Missing character: There is no l in font nullfont!
Missing character: There is no , in font nullfont!
Missing character: There is no p in font nullfont!
Missing character: There is no r in font nullfont!
Missing character: There is no o in font nullfont!
Missing character: There is no v in font nullfont!
Missing character: There is no i in font nullfont!
Missing character: There is no d in font nullfont!
Missing character: There is no e in font nullfont!
Missing character: There is no d in font nullfont!
Missing character: There is no o in font nullfont!
Missing character: There is no n in font nullfont!
Missing character: There is no e in font nullfont!
Missing character: There is no i in font nullfont!
Missing character: There is no t in font nullfont!
Missing character: There is no s in font nullfont!
Missing character: There is no ( in font nullfont!
Missing character: There is no s in font nullfont!
Missing character: There is no u in font nullfont!
Missing character: There is no b in font nullfont!
Missing character: There is no ) in font nullfont!
Missing character: There is no s in font nullfont!
Missing character: There is no y in font nullfont!
Missing character: There is no m in font nullfont!
Missing character: There is no m in font nullfont!
Missing character: There is no e in font nullfont!
Missing character: There is no t in font nullfont!
Missing character: There is no r in font nullfont!
Missing character: There is no i in font nullfont!
Missing character: There is no e in font nullfont!
Missing character: There is no s in font nullfont!
Missing character: There is no . in font nullfont!
Missing character: There is no A in font nullfont!
Missing character: There is no q in font nullfont!
Missing character: There is no u in font nullfont!
Missing character: There is no a in font nullfont!
Missing character: There is no n in font nullfont!
Missing character: There is no t in font nullfont!
Missing character: There is no u in font nullfont!
Missing character: There is no m in font nullfont!
Missing character: There is no p in font nullfont!
Missing character: There is no h in font nullfont!
Missing character: There is no a in font nullfont!
Missing character: There is no s in font nullfont!
Missing character: There is no e in font nullfont!
Missing character: There is no o in font nullfont!
Missing character: There is no f in font nullfont!
Missing character: There is no m in font nullfont!
Missing character: There is no a in font nullfont!
Missing character: There is no t in font nullfont!
Missing character: There is no t in font nullfont!
Missing character: There is no e in font nullfont!
Missing character: There is no r in font nullfont!
Missing character: There is no c in font nullfont!
Missing character: There is no a in font nullfont!
Missing character: There is no n in font nullfont!
Missing character: There is no r in font nullfont!
Missing character: There is no o in font nullfont!
Missing character: There is no u in font nullfont!
Missing character: There is no g in font nullfont!
Missing character: There is no h in font nullfont!
Missing character: There is no l in font nullfont!
Missing character: There is no y in font nullfont!
Missing character: There is no b in font nullfont!
Missing character: There is no e in font nullfont!
Missing character: There is no u in font nullfont!
Missing character: There is no n in font nullfont!
Missing character: There is no d in font nullfont!
Missing character: There is no e in font nullfont!
Missing character: There is no r in font nullfont!
Missing character: There is no s in font nullfont!
Missing character: There is no t in font nullfont!
Missing character: There is no o in font nullfont!
Missing character: There is no o in font nullfont!
Missing character: There is no d in font nullfont!
Missing character: There is no a in font nullfont!
Missing character: There is no s in font nullfont!
Missing character: There is no a in font nullfont!
Missing character: There is no n in font nullfont!
Missing character: There is no e in font nullfont!
Missing character: There is no q in font nullfont!
Missing character: There is no u in font nullfont!
Missing character: There is no i in font nullfont!
Missing character: There is no v in font nullfont!
Missing character: There is no a in font nullfont!
Missing character: There is no l in font nullfont!
Missing character: There is no e in font nullfont!
Missing character: There is no n in font nullfont!
Missing character: There is no c in font nullfont!
Missing character: There is no e in font nullfont!
Missing character: There is no c in font nullfont!
Missing character: There is no l in font nullfont!
Missing character: There is no a in font nullfont!
Missing character: There is no s in font nullfont!
Missing character: There is no s in font nullfont!
Missing character: There is no o in font nullfont!
Missing character: There is no f in font nullfont!
Missing character: There is no H in font nullfont!
Missing character: There is no a in font nullfont!
Missing character: There is no m in font nullfont!
Missing character: There is no i in font nullfont!
Missing character: There is no l in font nullfont!
Missing character: There is no t in font nullfont!
Missing character: There is no o in font nullfont!
Missing character: There is no n in font nullfont!
Missing character: There is no i in font nullfont!
Missing character: There is no a in font nullfont!
Missing character: There is no n in font nullfont!
Missing character: There is no s in font nullfont!
Missing character: There is no w in font nullfont!
Missing character: There is no h in font nullfont!
Missing character: There is no o in font nullfont!
Missing character: There is no s in font nullfont!
Missing character: There is no e in font nullfont!
Missing character: There is no p in font nullfont!
Missing character: There is no r in font nullfont!
Missing character: There is no o in font nullfont!
Missing character: There is no p in font nullfont!
Missing character: There is no e in font nullfont!
Missing character: There is no r in font nullfont!
Missing character: There is no t in font nullfont!
Missing character: There is no i in font nullfont!
Missing character: There is no e in font nullfont!
Missing character: There is no s in font nullfont!
Missing character: There is no d in font nullfont!
Missing character: There is no e in font nullfont!
Missing character: There is no p in font nullfont!
Missing character: There is no e in font nullfont!
Missing character: There is no n in font nullfont!
Missing character: There is no d in font nullfont!
Missing character: There is no s in font nullfont!
Missing character: There is no m in font nullfont!
Missing character: There is no o in font nullfont!
Missing character: There is no o in font nullfont!
Missing character: There is no t in font nullfont!
Missing character: There is no h in font nullfont!
Missing character: There is no l in font nullfont!
Missing character: There is no y in font nullfont!
Missing character: There is no o in font nullfont!
Missing character: There is no n in font nullfont!
Missing character: There is no t in font nullfont!
Missing character: There is no h in font nullfont!
Missing character: There is no e in font nullfont!
Missing character: There is no H in font nullfont!
Missing character: There is no a in font nullfont!
Missing character: There is no m in font nullfont!
Missing character: There is no i in font nullfont!
Missing character: There is no l in font nullfont!
Missing character: There is no t in font nullfont!
Missing character: There is no o in font nullfont!
Missing character: There is no n in font nullfont!
Missing character: There is no i in font nullfont!
Missing character: There is no a in font nullfont!
Missing character: There is no n in font nullfont!
Missing character: There is no p in font nullfont!
Missing character: There is no a in font nullfont!
Missing character: There is no r in font nullfont!
Missing character: There is no a in font nullfont!
Missing character: There is no m in font nullfont!
Missing character: There is no e in font nullfont!
Missing character: There is no t in font nullfont!
Missing character: There is no e in font nullfont!
Missing character: There is no r in font nullfont!
Missing character: There is no s in font nullfont!
Missing character: There is no . in font nullfont!
Missing character: There is no M in font nullfont!
Missing character: There is no o in font nullfont!
Missing character: There is no r in font nullfont!
Missing character: There is no e in font nullfont!
Missing character: There is no p in font nullfont!
Missing character: There is no r in font nullfont!
Missing character: There is no e in font nullfont!
Missing character: There is no c in font nullfont!
Missing character: There is no i in font nullfont!
Missing character: There is no s in font nullfont!
Missing character: There is no e in font nullfont!
Missing character: There is no l in font nullfont!
Missing character: There is no y in font nullfont!
Missing character: There is no , in font nullfont!
Missing character: There is no t in font nullfont!
Missing character: There is no w in font nullfont!
Missing character: There is no o in font nullfont!
Missing character: There is no m in font nullfont!
Missing character: There is no o in font nullfont!
Missing character: There is no d in font nullfont!
Missing character: There is no e in font nullfont!
Missing character: There is no l in font nullfont!
Missing character: There is no s in font nullfont!
Missing character: There is no a in font nullfont!
Missing character: There is no r in font nullfont!
Missing character: There is no e in font nullfont!
Missing character: There is no s in font nullfont!
Missing character: There is no a in font nullfont!
Missing character: There is no i in font nullfont!
Missing character: There is no d in font nullfont!
Missing character: There is no t in font nullfont!
Missing character: There is no o in font nullfont!
Missing character: There is no b in font nullfont!
Missing character: There is no e in font nullfont!
Missing character: There is no l in font nullfont!
Missing character: There is no o in font nullfont!
Missing character: There is no n in font nullfont!
Missing character: There is no g in font nullfont!
Missing character: There is no t in font nullfont!
Missing character: There is no o in font nullfont!
Missing character: There is no t in font nullfont!
Missing character: There is no h in font nullfont!
Missing character: There is no e in font nullfont!
Missing character: There is no s in font nullfont!
Missing character: There is no a in font nullfont!
Missing character: There is no m in font nullfont!
Missing character: There is no e in font nullfont!
Missing character: There is no p in font nullfont!
Missing character: There is no h in font nullfont!
Missing character: There is no a in font nullfont!
Missing character: There is no s in font nullfont!
Missing character: There is no e in font nullfont!
Missing character: There is no w in font nullfont!
Missing character: There is no h in font nullfont!
Missing character: There is no e in font nullfont!
Missing character: There is no n in font nullfont!
Missing character: There is no t in font nullfont!
Missing character: There is no h in font nullfont!
Missing character: There is no e in font nullfont!
Missing character: There is no y in font nullfont!
Missing character: There is no c in font nullfont!
Missing character: There is no a in font nullfont!
Missing character: There is no n in font nullfont!
Missing character: There is no b in font nullfont!
Missing character: There is no e in font nullfont!
Missing character: There is no i in font nullfont!
Missing character: There is no n in font nullfont!
Missing character: There is no t in font nullfont!
Missing character: There is no e in font nullfont!
Missing character: There is no r in font nullfont!
Missing character: There is no p in font nullfont!
Missing character: There is no o in font nullfont!
Missing character: There is no l in font nullfont!
Missing character: There is no a in font nullfont!
Missing character: There is no t in font nullfont!
Missing character: There is no e in font nullfont!
Missing character: There is no d in font nullfont!
Missing character: There is no b in font nullfont!
Missing character: There is no y in font nullfont!
Missing character: There is no a in font nullfont!
Missing character: There is no s in font nullfont!
Missing character: There is no m in font nullfont!
Missing character: There is no o in font nullfont!
Missing character: There is no o in font nullfont!
Missing character: There is no t in font nullfont!
Missing character: There is no h in font nullfont!
Missing character: There is no p in font nullfont!
Missing character: There is no a in font nullfont!
Missing character: There is no t in font nullfont!
Missing character: There is no h in font nullfont!
Missing character: There is no o in font nullfont!
Missing character: There is no f in font nullfont!
Missing character: There is no g in font nullfont!
Missing character: There is no a in font nullfont!
Missing character: There is no p in font nullfont!
Missing character: There is no p in font nullfont!
Missing character: There is no e in font nullfont!
Missing character: There is no d in font nullfont!
Missing character: There is no , in font nullfont!
Missing character: There is no b in font nullfont!
Missing character: There is no o in font nullfont!
Missing character: There is no u in font nullfont!
Missing character: There is no n in font nullfont!
Missing character: There is no d in font nullfont!
Missing character: There is no e in font nullfont!
Missing character: There is no d in font nullfont!
Missing character: There is no - in font nullfont!
Missing character: There is no s in font nullfont!
Missing character: There is no t in font nullfont!
Missing character: There is no r in font nullfont!
Missing character: There is no e in font nullfont!
Missing character: There is no n in font nullfont!
Missing character: There is no g in font nullfont!
Missing character: There is no t in font nullfont!
Missing character: There is no h in font nullfont!
Missing character: There is no , in font nullfont!
Missing character: There is no l in font nullfont!
Missing character: There is no o in font nullfont!
Missing character: There is no c in font nullfont!
Missing character: There is no a in font nullfont!
Missing character: There is no l in font nullfont!
Missing character: There is no H in font nullfont!
Missing character: There is no a in font nullfont!
Missing character: There is no m in font nullfont!
Missing character: There is no i in font nullfont!
Missing character: There is no l in font nullfont!
Missing character: There is no t in font nullfont!
Missing character: There is no o in font nullfont!
Missing character: There is no n in font nullfont!
Missing character: There is no i in font nullfont!
Missing character: There is no a in font nullfont!
Missing character: There is no n in font nullfont!
Missing character: There is no s in font nullfont!
Missing character: There is no . in font nullfont!
Missing character: There is no F in font nullfont!
Missing character: There is no r in font nullfont!
Missing character: There is no o in font nullfont!
Missing character: There is no m in font nullfont!
Missing character: There is no t in font nullfont!
Missing character: There is no h in font nullfont!
Missing character: There is no e in font nullfont!
Missing character: There is no p in font nullfont!
Missing character: There is no o in font nullfont!
Missing character: There is no i in font nullfont!
Missing character: There is no n in font nullfont!
Missing character: There is no t in font nullfont!
Missing character: There is no o in font nullfont!
Missing character: There is no f in font nullfont!
Missing character: There is no v in font nullfont!
Missing character: There is no i in font nullfont!
Missing character: There is no e in font nullfont!
Missing character: There is no w in font nullfont!
Missing character: There is no o in font nullfont!
Missing character: There is no f in font nullfont!
Missing character: There is no q in font nullfont!
Missing character: There is no u in font nullfont!
Missing character: There is no a in font nullfont!
Missing character: There is no n in font nullfont!
Missing character: There is no t in font nullfont!
Missing character: There is no u in font nullfont!
Missing character: There is no m in font nullfont!
Missing character: There is no i in font nullfont!
Missing character: There is no n in font nullfont!
Missing character: There is no f in font nullfont!
Missing character: There is no o in font nullfont!
Missing character: There is no r in font nullfont!
Missing character: There is no m in font nullfont!
Missing character: There is no a in font nullfont!
Missing character: There is no t in font nullfont!
Missing character: There is no i in font nullfont!
Missing character: There is no o in font nullfont!
Missing character: There is no n in font nullfont!
Missing character: There is no t in font nullfont!
Missing character: There is no h in font nullfont!
Missing character: There is no e in font nullfont!
Missing character: There is no o in font nullfont!
Missing character: There is no r in font nullfont!
Missing character: There is no y in font nullfont!
Missing character: There is no , in font nullfont!
Missing character: There is no t in font nullfont!
Missing character: There is no h in font nullfont!
Missing character: There is no i in font nullfont!
Missing character: There is no s in font nullfont!
Missing character: There is no i in font nullfont!
Missing character: There is no s in font nullfont!
Missing character: There is no e in font nullfont!
Missing character: There is no q in font nullfont!
Missing character: There is no u in font nullfont!
Missing character: There is no i in font nullfont!
Missing character: There is no v in font nullfont!
Missing character: There is no a in font nullfont!
Missing character: There is no l in font nullfont!
Missing character: There is no e in font nullfont!
Missing character: There is no n in font nullfont!
Missing character: There is no t in font nullfont!
Missing character: There is no t in font nullfont!
Missing character: There is no o in font nullfont!
Missing character: There is no t in font nullfont!
Missing character: There is no h in font nullfont!
Missing character: There is no e in font nullfont!
Missing character: There is no e in font nullfont!
Missing character: There is no x in font nullfont!
Missing character: There is no i in font nullfont!
Missing character: There is no s in font nullfont!
Missing character: There is no t in font nullfont!
Missing character: There is no e in font nullfont!
Missing character: There is no n in font nullfont!
Missing character: There is no c in font nullfont!
Missing character: There is no e in font nullfont!
Missing character: There is no o in font nullfont!
Missing character: There is no f in font nullfont!
Missing character: There is no a in font nullfont!
Missing character: There is no s in font nullfont!
Missing character: There is no y in font nullfont!
Missing character: There is no m in font nullfont!
Missing character: There is no m in font nullfont!
Missing character: There is no e in font nullfont!
Missing character: There is no t in font nullfont!
Missing character: There is no r in font nullfont!
Missing character: There is no i in font nullfont!
Missing character: There is no c in font nullfont!
Missing character: There is no q in font nullfont!
Missing character: There is no u in font nullfont!
Missing character: There is no a in font nullfont!
Missing character: There is no n in font nullfont!
Missing character: There is no t in font nullfont!
Missing character: There is no u in font nullfont!
Missing character: There is no m in font nullfont!
Missing character: There is no c in font nullfont!
Missing character: There is no i in font nullfont!
Missing character: There is no r in font nullfont!
Missing character: There is no c in font nullfont!
Missing character: There is no u in font nullfont!
Missing character: There is no i in font nullfont!
Missing character: There is no t in font nullfont!
Missing character: There is no o in font nullfont!
Missing character: There is no f in font nullfont!
Missing character: There is no s in font nullfont!
Missing character: There is no u in font nullfont!
Missing character: There is no b in font nullfont!
Missing character: There is no l in font nullfont!
Missing character: There is no i in font nullfont!
Missing character: There is no n in font nullfont!
Missing character: There is no e in font nullfont!
Missing character: There is no a in font nullfont!
Missing character: There is no r in font nullfont!
Missing character: There is no d in font nullfont!
Missing character: There is no e in font nullfont!
Missing character: There is no p in font nullfont!
Missing character: There is no t in font nullfont!
Missing character: There is no h in font nullfont!
Missing character: There is no t in font nullfont!
Missing character: There is no h in font nullfont!
Missing character: There is no a in font nullfont!
Missing character: There is no t in font nullfont!
Missing character: There is no m in font nullfont!
Missing character: There is no a in font nullfont!
Missing character: There is no p in font nullfont!
Missing character: There is no s in font nullfont!
Missing character: There is no t in font nullfont!
Missing character: There is no h in font nullfont!
Missing character: There is no e in font nullfont!
Missing character: There is no i in font nullfont!
Missing character: There is no r in font nullfont!
Missing character: There is no g in font nullfont!
Missing character: There is no r in font nullfont!
Missing character: There is no o in font nullfont!
Missing character: There is no u in font nullfont!
Missing character: There is no n in font nullfont!
Missing character: There is no d in font nullfont!
Missing character: There is no s in font nullfont!
Missing character: There is no t in font nullfont!
Missing character: There is no a in font nullfont!
Missing character: There is no t in font nullfont!
Missing character: There is no e in font nullfont!
Missing character: There is no s in font nullfont!
Missing character: There is no i in font nullfont!
Missing character: There is no n in font nullfont!
Missing character: There is no t in font nullfont!
Missing character: There is no o in font nullfont!
Missing character: There is no e in font nullfont!
Missing character: There is no a in font nullfont!
Missing character: There is no c in font nullfont!
Missing character: There is no h in font nullfont!
Missing character: There is no o in font nullfont!
Missing character: There is no t in font nullfont!
Missing character: There is no h in font nullfont!
Missing character: There is no e in font nullfont!
Missing character: There is no r in font nullfont!
Missing character: There is no [ in font nullfont!
\citation{Bravyi2006}
! Undefined control sequence.
<write> ...: Citation `\@citeb ' on page \thepage 
                                                  \space undefined\on@line .
l.80 ... each other~\cite{Bravyi2006,Hastings2010}
                                                  . Distinct gapped phases a...
The control sequence at the end of the top line
of your error message was never \def'ed. If you have
misspelled it (e.g., `\hobx'), type `I' and the correct
spelling (e.g., `I\hbox'). Otherwise just continue,
and I'll forget about whatever was undefined.


LaTeX Warning: Citation `Bravyi2006' on page  undefined on input line 80.

Missing character: There is no , in font nullfont!
\citation{Hastings2010}
! Undefined control sequence.
<write> ...: Citation `\@citeb ' on page \thepage 
                                                  \space undefined\on@line .
l.80 ... each other~\cite{Bravyi2006,Hastings2010}
                                                  . Distinct gapped phases a...
The control sequence at the end of the top line
of your error message was never \def'ed. If you have
misspelled it (e.g., `\hobx'), type `I' and the correct
spelling (e.g., `I\hbox'). Otherwise just continue,
and I'll forget about whatever was undefined.


LaTeX Warning: Citation `Hastings2010' on page  undefined on input line 80.

Missing character: There is no ] in font nullfont!
Missing character: There is no . in font nullfont!
Missing character: There is no D in font nullfont!
Missing character: There is no i in font nullfont!
Missing character: There is no s in font nullfont!
Missing character: There is no t in font nullfont!
Missing character: There is no i in font nullfont!
Missing character: There is no n in font nullfont!
Missing character: There is no c in font nullfont!
Missing character: There is no t in font nullfont!
Missing character: There is no g in font nullfont!
Missing character: There is no a in font nullfont!
Missing character: There is no p in font nullfont!
Missing character: There is no p in font nullfont!
Missing character: There is no e in font nullfont!
Missing character: There is no d in font nullfont!
Missing character: There is no p in font nullfont!
Missing character: There is no h in font nullfont!
Missing character: There is no a in font nullfont!
Missing character: There is no s in font nullfont!
Missing character: There is no e in font nullfont!
Missing character: There is no s in font nullfont!
Missing character: There is no a in font nullfont!
Missing character: There is no r in font nullfont!
Missing character: There is no e in font nullfont!
Missing character: There is no s in font nullfont!
Missing character: There is no e in font nullfont!
Missing character: There is no p in font nullfont!
Missing character: There is no a in font nullfont!
Missing character: There is no r in font nullfont!
Missing character: There is no a in font nullfont!
Missing character: There is no t in font nullfont!
Missing character: There is no e in font nullfont!
Missing character: There is no d in font nullfont!
Missing character: There is no b in font nullfont!
Missing character: There is no y in font nullfont!
! Undefined control sequence.
l.80 ... \emph{continuous phase transitions} \Bram
                                                  {BKT?} characterised by \e...
The control sequence at the end of the top line
of your error message was never \def'ed. If you have
misspelled it (e.g., `\hobx'), type `I' and the correct
spelling (e.g., `I\hbox'). Otherwise just continue,
and I'll forget about whatever was undefined.

Missing character: There is no B in font nullfont!
Missing character: There is no K in font nullfont!
Missing character: There is no T in font nullfont!
Missing character: There is no ? in font nullfont!
Missing character: There is no c in font nullfont!
Missing character: There is no h in font nullfont!
Missing character: There is no a in font nullfont!
Missing character: There is no r in font nullfont!
Missing character: There is no a in font nullfont!
Missing character: There is no c in font nullfont!
Missing character: There is no t in font nullfont!
Missing character: There is no e in font nullfont!
Missing character: There is no r in font nullfont!
Missing character: There is no i in font nullfont!
Missing character: There is no s in font nullfont!
Missing character: There is no e in font nullfont!
Missing character: There is no d in font nullfont!
Missing character: There is no b in font nullfont!
Missing character: There is no y in font nullfont!
Missing character: There is no d in font nullfont!
Missing character: There is no e in font nullfont!
Missing character: There is no c in font nullfont!
Missing character: There is no a in font nullfont!
Missing character: There is no y in font nullfont!
Missing character: There is no o in font nullfont!
Missing character: There is no f in font nullfont!
Missing character: There is no c in font nullfont!
Missing character: There is no o in font nullfont!
Missing character: There is no r in font nullfont!
Missing character: There is no r in font nullfont!
Missing character: There is no e in font nullfont!
Missing character: There is no l in font nullfont!
Missing character: There is no a in font nullfont!
Missing character: There is no t in font nullfont!
Missing character: There is no i in font nullfont!
Missing character: There is no o in font nullfont!
Missing character: There is no n in font nullfont!
Missing character: There is no f in font nullfont!
Missing character: There is no u in font nullfont!
Missing character: There is no n in font nullfont!
Missing character: There is no c in font nullfont!
Missing character: There is no t in font nullfont!
Missing character: There is no i in font nullfont!
Missing character: There is no o in font nullfont!
Missing character: There is no n in font nullfont!
Missing character: There is no s in font nullfont!
Missing character: There is no w in font nullfont!
Missing character: There is no h in font nullfont!
Missing character: There is no o in font nullfont!
Missing character: There is no s in font nullfont!
Missing character: There is no e in font nullfont!
Missing character: There is no u in font nullfont!
Missing character: There is no n in font nullfont!
Missing character: There is no i in font nullfont!
Missing character: There is no v in font nullfont!
Missing character: There is no e in font nullfont!
Missing character: There is no r in font nullfont!
Missing character: There is no s in font nullfont!
Missing character: There is no a in font nullfont!
Missing character: There is no l in font nullfont!
Missing character: There is no s in font nullfont!
Missing character: There is no c in font nullfont!
Missing character: There is no a in font nullfont!
Missing character: There is no l in font nullfont!
Missing character: There is no i in font nullfont!
Missing character: There is no n in font nullfont!
Missing character: There is no g in font nullfont!
Missing character: There is no b in font nullfont!
Missing character: There is no e in font nullfont!
Missing character: There is no h in font nullfont!
Missing character: There is no a in font nullfont!
Missing character: There is no v in font nullfont!
Missing character: There is no i in font nullfont!
Missing character: There is no o in font nullfont!
Missing character: There is no u in font nullfont!
Missing character: There is no r in font nullfont!
Missing character: There is no i in font nullfont!
Missing character: There is no s in font nullfont!
Missing character: There is no c in font nullfont!
Missing character: There is no a in font nullfont!
Missing character: There is no p in font nullfont!
Missing character: There is no t in font nullfont!
Missing character: There is no u in font nullfont!
Missing character: There is no r in font nullfont!
Missing character: There is no e in font nullfont!
Missing character: There is no d in font nullfont!
Missing character: There is no b in font nullfont!
Missing character: There is no y in font nullfont!
Missing character: There is no a in font nullfont!
Missing character: There is no [ in font nullfont!
\citation{DiFrancesco1997}
! Undefined control sequence.
<write> ...: Citation `\@citeb ' on page \thepage 
                                                  \space undefined\on@line .
l.80 ...ormal field theory}~\cite{DiFrancesco1997}
                                                  . For a Hamiltonian with t...
The control sequence at the end of the top line
of your error message was never \def'ed. If you have
misspelled it (e.g., `\hobx'), type `I' and the correct
spelling (e.g., `I\hbox'). Otherwise just continue,
and I'll forget about whatever was undefined.


LaTeX Warning: Citation `DiFrancesco1997' on page  undefined on input line 80.

Missing character: There is no ] in font nullfont!
Missing character: There is no . in font nullfont!
Missing character: There is no F in font nullfont!
Missing character: There is no o in font nullfont!
Missing character: There is no r in font nullfont!
Missing character: There is no a in font nullfont!
Missing character: There is no H in font nullfont!
Missing character: There is no a in font nullfont!
Missing character: There is no m in font nullfont!
Missing character: There is no i in font nullfont!
Missing character: There is no l in font nullfont!
Missing character: There is no t in font nullfont!
Missing character: There is no o in font nullfont!
Missing character: There is no n in font nullfont!
Missing character: There is no i in font nullfont!
Missing character: There is no a in font nullfont!
Missing character: There is no n in font nullfont!
Missing character: There is no w in font nullfont!
Missing character: There is no i in font nullfont!
Missing character: There is no t in font nullfont!
Missing character: There is no h in font nullfont!
Missing character: There is no t in font nullfont!
Missing character: There is no w in font nullfont!
Missing character: There is no o in font nullfont!
Missing character: There is no c in font nullfont!
Missing character: There is no o in font nullfont!
Missing character: There is no n in font nullfont!
Missing character: There is no t in font nullfont!
Missing character: There is no r in font nullfont!
Missing character: There is no o in font nullfont!
Missing character: There is no l in font nullfont!
Missing character: There is no l in font nullfont!
Missing character: There is no a in font nullfont!
Missing character: There is no b in font nullfont!
Missing character: There is no l in font nullfont!
Missing character: There is no e in font nullfont!
Missing character: There is no p in font nullfont!
Missing character: There is no a in font nullfont!
Missing character: There is no r in font nullfont!
Missing character: There is no a in font nullfont!
Missing character: There is no m in font nullfont!
Missing character: There is no e in font nullfont!
Missing character: There is no t in font nullfont!
Missing character: There is no e in font nullfont!
Missing character: There is no r in font nullfont!
Missing character: There is no s in font nullfont!
Missing character: There is no , in font nullfont!
Missing character: There is no a in font nullfont!
Missing character: There is no f in font nullfont!
Missing character: There is no i in font nullfont!
Missing character: There is no c in font nullfont!
Missing character: There is no t in font nullfont!
Missing character: There is no i in font nullfont!
Missing character: There is no t in font nullfont!
Missing character: There is no i in font nullfont!
Missing character: There is no o in font nullfont!
Missing character: There is no u in font nullfont!
Missing character: There is no s in font nullfont!
Missing character: There is no p in font nullfont!
Missing character: There is no h in font nullfont!
Missing character: There is no a in font nullfont!
Missing character: There is no s in font nullfont!
Missing character: There is no e in font nullfont!
Missing character: There is no d in font nullfont!
Missing character: There is no i in font nullfont!
Missing character: There is no a in font nullfont!
Missing character: There is no g in font nullfont!
Missing character: There is no r in font nullfont!
Missing character: There is no a in font nullfont!
Missing character: There is no m in font nullfont!
Missing character: There is no w in font nullfont!
Missing character: There is no i in font nullfont!
Missing character: There is no t in font nullfont!
Missing character: There is no h in font nullfont!
Missing character: There is no t in font nullfont!
Missing character: There is no h in font nullfont!
Missing character: There is no r in font nullfont!
Missing character: There is no e in font nullfont!
Missing character: There is no e in font nullfont!
Missing character: There is no g in font nullfont!
Missing character: There is no a in font nullfont!
Missing character: There is no p in font nullfont!
Missing character: There is no p in font nullfont!
Missing character: There is no e in font nullfont!
Missing character: There is no d in font nullfont!
Missing character: There is no p in font nullfont!
Missing character: There is no h in font nullfont!
Missing character: There is no a in font nullfont!
Missing character: There is no s in font nullfont!
Missing character: There is no e in font nullfont!
Missing character: There is no s in font nullfont!
Missing character: There is no c in font nullfont!
Missing character: There is no o in font nullfont!
Missing character: There is no u in font nullfont!
Missing character: There is no l in font nullfont!
Missing character: There is no d in font nullfont!
Missing character: There is no l in font nullfont!
Missing character: There is no o in font nullfont!
Missing character: There is no o in font nullfont!
Missing character: There is no k in font nullfont!
Missing character: There is no l in font nullfont!
Missing character: There is no i in font nullfont!
Missing character: There is no k in font nullfont!
Missing character: There is no e in font nullfont!
Missing character: There is no : in font nullfont!

Overfull \hbox (20.0pt too wide) in paragraph at lines 73--81
[]
 []


Overfull \hbox (24.02208pt too wide) in paragraph at lines 73--81
\OT1/cmr/m/it/10 phase
 []


Overfull \hbox (11.75548pt too wide) in paragraph at lines 73--81
\OT1/cmr/m/it/10 di-
 []


Overfull \hbox (8.68883pt too wide) in paragraph at lines 73--81
\OT1/cmr/m/it/10 a-
 []


Overfull \hbox (21.59428pt too wide) in paragraph at lines 73--81
\OT1/cmr/m/it/10 gram
 []


Overfull \hbox (5.43053pt too wide) in paragraph at lines 73--81
[]
 []


Overfull \hbox (5.43053pt too wide) in paragraph at lines 73--81
[]
 []


Overfull \hbox (18.39986pt too wide) in paragraph at lines 73--81
\OT1/cmr/m/it/10 con-
 []


Overfull \hbox (15.58878pt too wide) in paragraph at lines 73--81
\OT1/cmr/m/it/10 tin-
 []


Overfull \hbox (8.94438pt too wide) in paragraph at lines 73--81
\OT1/cmr/m/it/10 u-
 []


Overfull \hbox (14.56659pt too wide) in paragraph at lines 73--81
\OT1/cmr/m/it/10 ous
 []


Overfull \hbox (24.02208pt too wide) in paragraph at lines 73--81
\OT1/cmr/m/it/10 phase
 []


Overfull \hbox (21.33871pt too wide) in paragraph at lines 73--81
\OT1/cmr/m/it/10 tran-
 []


Overfull \hbox (10.73326pt too wide) in paragraph at lines 73--81
\OT1/cmr/m/it/10 si-
 []


Overfull \hbox (21.21098pt too wide) in paragraph at lines 73--81
\OT1/cmr/m/it/10 tions
 []


Overfull \hbox (11.24437pt too wide) in paragraph at lines 73--81
\OT1/cmr/m/it/10 al-
 []


Overfull \hbox (12.77766pt too wide) in paragraph at lines 73--81
\OT1/cmr/m/it/10 ge-
 []


Overfull \hbox (21.08316pt too wide) in paragraph at lines 73--81
\OT1/cmr/m/it/10 braic
 []


Overfull \hbox (18.39986pt too wide) in paragraph at lines 73--81
\OT1/cmr/m/it/10 con-
 []


Overfull \hbox (15.9721pt too wide) in paragraph at lines 73--81
\OT1/cmr/m/it/10 for-
 []


Overfull \hbox (15.84436pt too wide) in paragraph at lines 73--81
\OT1/cmr/m/it/10 mal
 []


Overfull \hbox (17.88878pt too wide) in paragraph at lines 73--81
\OT1/cmr/m/it/10 field
 []


Overfull \hbox (16.61098pt too wide) in paragraph at lines 73--81
\OT1/cmr/m/it/10 the-
 []


Overfull \hbox (20.49847pt too wide) in paragraph at lines 73--81
\OT1/cmr/m/it/10 ory []
 []

! Undefined control sequence.
l.82 	\inputtikz
                {PhaseDiagram}\,\,.
The control sequence at the end of the top line
of your error message was never \def'ed. If you have
misspelled it (e.g., `\hobx'), type `I' and the correct
spelling (e.g., `I\hbox'). Otherwise just continue,
and I'll forget about whatever was undefined.


Overfull \hbox (75.58313pt too wide) detected at line 83
[]  \OML/cmm/m/it/10 :
 []


! LaTeX Error: Missing \begin{document}.

See the LaTeX manual or LaTeX Companion for explanation.
Type  H <return>  for immediate help.
 ...                                              
                                                  
l.85 B
      uilt upon intuition about classical many-body systems, \emph{Landau's ...

You're in trouble here.  Try typing  <return>  to proceed.
If that doesn't work, type  X <return>  to quit.

Missing character: There is no B in font nullfont!
Missing character: There is no u in font nullfont!
Missing character: There is no i in font nullfont!
Missing character: There is no l in font nullfont!
Missing character: There is no t in font nullfont!
Missing character: There is no u in font nullfont!
Missing character: There is no p in font nullfont!
Missing character: There is no o in font nullfont!
Missing character: There is no n in font nullfont!
Missing character: There is no i in font nullfont!
Missing character: There is no n in font nullfont!
Missing character: There is no t in font nullfont!
Missing character: There is no u in font nullfont!
Missing character: There is no i in font nullfont!
Missing character: There is no t in font nullfont!
Missing character: There is no i in font nullfont!
Missing character: There is no o in font nullfont!
Missing character: There is no n in font nullfont!
Missing character: There is no a in font nullfont!
Missing character: There is no b in font nullfont!
Missing character: There is no o in font nullfont!
Missing character: There is no u in font nullfont!
Missing character: There is no t in font nullfont!
Missing character: There is no c in font nullfont!
Missing character: There is no l in font nullfont!
Missing character: There is no a in font nullfont!
Missing character: There is no s in font nullfont!
Missing character: There is no s in font nullfont!
Missing character: There is no i in font nullfont!
Missing character: There is no c in font nullfont!
Missing character: There is no a in font nullfont!
Missing character: There is no l in font nullfont!
Missing character: There is no m in font nullfont!
Missing character: There is no a in font nullfont!
Missing character: There is no n in font nullfont!
Missing character: There is no y in font nullfont!
Missing character: There is no - in font nullfont!
Missing character: There is no b in font nullfont!
Missing character: There is no o in font nullfont!
Missing character: There is no d in font nullfont!
Missing character: There is no y in font nullfont!
Missing character: There is no s in font nullfont!
Missing character: There is no y in font nullfont!
Missing character: There is no s in font nullfont!
Missing character: There is no t in font nullfont!
Missing character: There is no e in font nullfont!
Missing character: There is no m in font nullfont!
Missing character: There is no s in font nullfont!
Missing character: There is no , in font nullfont!
Missing character: There is no h in font nullfont!
Missing character: There is no a in font nullfont!
Missing character: There is no s in font nullfont!
Missing character: There is no s in font nullfont!
Missing character: There is no i in font nullfont!
Missing character: There is no n in font nullfont!
Missing character: There is no c in font nullfont!
Missing character: There is no e in font nullfont!
Missing character: There is no l in font nullfont!
Missing character: There is no o in font nullfont!
Missing character: There is no n in font nullfont!
Missing character: There is no g in font nullfont!
Missing character: There is no p in font nullfont!
Missing character: There is no r in font nullfont!
Missing character: There is no o in font nullfont!
Missing character: There is no v in font nullfont!
Missing character: There is no i in font nullfont!
Missing character: There is no d in font nullfont!
Missing character: There is no e in font nullfont!
Missing character: There is no d in font nullfont!
Missing character: There is no t in font nullfont!
Missing character: There is no h in font nullfont!
Missing character: There is no e in font nullfont!
Missing character: There is no u in font nullfont!
Missing character: There is no n in font nullfont!
Missing character: There is no i in font nullfont!
Missing character: There is no f in font nullfont!
Missing character: There is no y in font nullfont!
Missing character: There is no i in font nullfont!
Missing character: There is no n in font nullfont!
Missing character: There is no g in font nullfont!
Missing character: There is no f in font nullfont!
Missing character: There is no r in font nullfont!
Missing character: There is no a in font nullfont!
Missing character: There is no m in font nullfont!
Missing character: There is no e in font nullfont!
Missing character: There is no w in font nullfont!
Missing character: There is no o in font nullfont!
Missing character: There is no r in font nullfont!
Missing character: There is no k in font nullfont!
Missing character: There is no o in font nullfont!
Missing character: There is no f in font nullfont!
Missing character: There is no p in font nullfont!
Missing character: There is no h in font nullfont!
Missing character: There is no a in font nullfont!
Missing character: There is no s in font nullfont!
Missing character: There is no e in font nullfont!
Missing character: There is no s in font nullfont!
Missing character: There is no a in font nullfont!
Missing character: There is no n in font nullfont!
Missing character: There is no d in font nullfont!
Missing character: There is no p in font nullfont!
Missing character: There is no h in font nullfont!
Missing character: There is no a in font nullfont!
Missing character: There is no s in font nullfont!
Missing character: There is no e in font nullfont!
Missing character: There is no t in font nullfont!
Missing character: There is no r in font nullfont!
Missing character: There is no a in font nullfont!
Missing character: There is no n in font nullfont!
Missing character: There is no s in font nullfont!
Missing character: There is no i in font nullfont!
Missing character: There is no t in font nullfont!
Missing character: There is no i in font nullfont!
Missing character: There is no o in font nullfont!
Missing character: There is no n in font nullfont!
Missing character: There is no . in font nullfont!
Missing character: There is no T in font nullfont!
Missing character: There is no h in font nullfont!
Missing character: There is no i in font nullfont!
Missing character: There is no s in font nullfont!
Missing character: There is no f in font nullfont!
Missing character: There is no r in font nullfont!
Missing character: There is no a in font nullfont!
Missing character: There is no m in font nullfont!
Missing character: There is no e in font nullfont!
Missing character: There is no w in font nullfont!
Missing character: There is no o in font nullfont!
Missing character: There is no r in font nullfont!
Missing character: There is no k in font nullfont!
Missing character: There is no s in font nullfont!
Missing character: There is no t in font nullfont!
Missing character: There is no a in font nullfont!
Missing character: There is no t in font nullfont!
Missing character: There is no e in font nullfont!
Missing character: There is no s in font nullfont!
Missing character: There is no t in font nullfont!
Missing character: There is no h in font nullfont!
Missing character: There is no a in font nullfont!
Missing character: There is no t in font nullfont!
Missing character: There is no p in font nullfont!
Missing character: There is no h in font nullfont!
Missing character: There is no a in font nullfont!
Missing character: There is no s in font nullfont!
Missing character: There is no e in font nullfont!
Missing character: There is no s in font nullfont!
Missing character: There is no o in font nullfont!
Missing character: There is no f in font nullfont!
Missing character: There is no m in font nullfont!
Missing character: There is no a in font nullfont!
Missing character: There is no t in font nullfont!
Missing character: There is no t in font nullfont!
Missing character: There is no e in font nullfont!
Missing character: There is no r in font nullfont!
Missing character: There is no a in font nullfont!
Missing character: There is no r in font nullfont!
Missing character: There is no e in font nullfont!
Missing character: There is no i in font nullfont!
Missing character: There is no n in font nullfont!
Missing character: There is no o in font nullfont!
Missing character: There is no n in font nullfont!
Missing character: There is no e in font nullfont!
Missing character: There is no - in font nullfont!
Missing character: There is no t in font nullfont!
Missing character: There is no o in font nullfont!
Missing character: There is no - in font nullfont!
Missing character: There is no o in font nullfont!
Missing character: There is no n in font nullfont!
Missing character: There is no e in font nullfont!
Missing character: There is no c in font nullfont!
Missing character: There is no o in font nullfont!
Missing character: There is no r in font nullfont!
Missing character: There is no r in font nullfont!
Missing character: There is no e in font nullfont!
Missing character: There is no s in font nullfont!
Missing character: There is no p in font nullfont!
Missing character: There is no o in font nullfont!
Missing character: There is no n in font nullfont!
Missing character: There is no d in font nullfont!
Missing character: There is no e in font nullfont!
Missing character: There is no n in font nullfont!
Missing character: There is no c in font nullfont!
Missing character: There is no e in font nullfont!
Missing character: There is no w in font nullfont!
Missing character: There is no i in font nullfont!
Missing character: There is no t in font nullfont!
Missing character: There is no h in font nullfont!
Missing character: There is no s in font nullfont!
Missing character: There is no y in font nullfont!
Missing character: There is no m in font nullfont!
Missing character: There is no m in font nullfont!
Missing character: There is no e in font nullfont!
Missing character: There is no t in font nullfont!
Missing character: There is no r in font nullfont!
Missing character: There is no y in font nullfont!
Missing character: There is no - in font nullfont!
Missing character: There is no b in font nullfont!
Missing character: There is no r in font nullfont!
Missing character: There is no e in font nullfont!
Missing character: There is no a in font nullfont!
Missing character: There is no k in font nullfont!
Missing character: There is no i in font nullfont!
Missing character: There is no n in font nullfont!
Missing character: There is no g in font nullfont!
Missing character: There is no p in font nullfont!
Missing character: There is no a in font nullfont!
Missing character: There is no t in font nullfont!
Missing character: There is no t in font nullfont!
Missing character: There is no e in font nullfont!
Missing character: There is no r in font nullfont!
Missing character: There is no n in font nullfont!
Missing character: There is no s in font nullfont!
Missing character: There is no o in font nullfont!
Missing character: There is no f in font nullfont!
Missing character: There is no t in font nullfont!
Missing character: There is no h in font nullfont!
Missing character: There is no e in font nullfont!
Missing character: There is no s in font nullfont!
Missing character: There is no y in font nullfont!
Missing character: There is no m in font nullfont!
Missing character: There is no m in font nullfont!
Missing character: There is no e in font nullfont!
Missing character: There is no t in font nullfont!
Missing character: There is no r in font nullfont!
Missing character: There is no y in font nullfont!
Missing character: There is no . in font nullfont!
! Undefined control sequence.
l.85 ...y-breaking patterns of the symmetry. \Bram
                                                  {Breaking a symmetry is di...
The control sequence at the end of the top line
of your error message was never \def'ed. If you have
misspelled it (e.g., `\hobx'), type `I' and the correct
spelling (e.g., `I\hbox'). Otherwise just continue,
and I'll forget about whatever was undefined.

Missing character: There is no B in font nullfont!
Missing character: There is no r in font nullfont!
Missing character: There is no e in font nullfont!
Missing character: There is no a in font nullfont!
Missing character: There is no k in font nullfont!
Missing character: There is no i in font nullfont!
Missing character: There is no n in font nullfont!
Missing character: There is no g in font nullfont!
Missing character: There is no a in font nullfont!
Missing character: There is no s in font nullfont!
Missing character: There is no y in font nullfont!
Missing character: There is no m in font nullfont!
Missing character: There is no m in font nullfont!
Missing character: There is no e in font nullfont!
Missing character: There is no t in font nullfont!
Missing character: There is no r in font nullfont!
Missing character: There is no y in font nullfont!
Missing character: There is no i in font nullfont!
Missing character: There is no s in font nullfont!
Missing character: There is no d in font nullfont!
Missing character: There is no i in font nullfont!
Missing character: There is no s in font nullfont!
Missing character: There is no c in font nullfont!
Missing character: There is no r in font nullfont!
Missing character: There is no e in font nullfont!
Missing character: There is no t in font nullfont!
Missing character: There is no e in font nullfont!
Missing character: There is no . in font nullfont!
! Undefined control sequence.
l.85 ...Breaking a symmetry is discrete.} \comment
                                                  {The canonical classical e...
The control sequence at the end of the top line
of your error message was never \def'ed. If you have
misspelled it (e.g., `\hobx'), type `I' and the correct
spelling (e.g., `I\hbox'). Otherwise just continue,
and I'll forget about whatever was undefined.

Missing character: There is no T in font nullfont!
Missing character: There is no h in font nullfont!
Missing character: There is no e in font nullfont!
Missing character: There is no c in font nullfont!
Missing character: There is no a in font nullfont!
Missing character: There is no n in font nullfont!
Missing character: There is no o in font nullfont!
Missing character: There is no n in font nullfont!
Missing character: There is no i in font nullfont!
Missing character: There is no c in font nullfont!
Missing character: There is no a in font nullfont!
Missing character: There is no l in font nullfont!
Missing character: There is no c in font nullfont!
Missing character: There is no l in font nullfont!
Missing character: There is no a in font nullfont!
Missing character: There is no s in font nullfont!
Missing character: There is no s in font nullfont!
Missing character: There is no i in font nullfont!
Missing character: There is no c in font nullfont!
Missing character: There is no a in font nullfont!
Missing character: There is no l in font nullfont!
Missing character: There is no e in font nullfont!
Missing character: There is no x in font nullfont!
Missing character: There is no a in font nullfont!
Missing character: There is no m in font nullfont!
Missing character: There is no p in font nullfont!
Missing character: There is no l in font nullfont!
Missing character: There is no e in font nullfont!
Missing character: There is no o in font nullfont!
Missing character: There is no f in font nullfont!
Missing character: There is no t in font nullfont!
Missing character: There is no h in font nullfont!
Missing character: There is no i in font nullfont!
Missing character: There is no s in font nullfont!
Missing character: There is no p in font nullfont!
Missing character: There is no h in font nullfont!
Missing character: There is no e in font nullfont!
Missing character: There is no n in font nullfont!
Missing character: There is no o in font nullfont!
Missing character: There is no m in font nullfont!
Missing character: There is no e in font nullfont!
Missing character: There is no n in font nullfont!
Missing character: There is no o in font nullfont!
Missing character: There is no n in font nullfont!
Missing character: There is no i in font nullfont!
Missing character: There is no s in font nullfont!
Missing character: There is no o in font nullfont!
Missing character: There is no f in font nullfont!
Missing character: There is no c in font nullfont!
Missing character: There is no o in font nullfont!
Missing character: There is no u in font nullfont!
Missing character: There is no r in font nullfont!
Missing character: There is no s in font nullfont!
Missing character: There is no e in font nullfont!
Missing character: There is no t in font nullfont!
Missing character: There is no h in font nullfont!
Missing character: There is no e in font nullfont!
Missing character: There is no t in font nullfont!
Missing character: There is no r in font nullfont!
Missing character: There is no a in font nullfont!
Missing character: There is no n in font nullfont!
Missing character: There is no s in font nullfont!
Missing character: There is no i in font nullfont!
Missing character: There is no t in font nullfont!
Missing character: There is no i in font nullfont!
Missing character: There is no o in font nullfont!
Missing character: There is no n in font nullfont!
Missing character: There is no b in font nullfont!
Missing character: There is no e in font nullfont!
Missing character: There is no t in font nullfont!
Missing character: There is no w in font nullfont!
Missing character: There is no e in font nullfont!
Missing character: There is no e in font nullfont!
Missing character: There is no n in font nullfont!
Missing character: There is no w in font nullfont!
Missing character: There is no a in font nullfont!
Missing character: There is no t in font nullfont!
Missing character: There is no e in font nullfont!
Missing character: There is no r in font nullfont!
Missing character: There is no a in font nullfont!
Missing character: There is no n in font nullfont!
Missing character: There is no d in font nullfont!
Missing character: There is no i in font nullfont!
Missing character: There is no c in font nullfont!
Missing character: There is no e in font nullfont!
Missing character: There is no . in font nullfont!
Missing character: There is no T in font nullfont!
Missing character: There is no h in font nullfont!
Missing character: There is no e in font nullfont!
Missing character: There is no t in font nullfont!
Missing character: There is no r in font nullfont!
Missing character: There is no a in font nullfont!
Missing character: There is no n in font nullfont!
Missing character: There is no s in font nullfont!
Missing character: There is no i in font nullfont!
Missing character: There is no t in font nullfont!
Missing character: There is no i in font nullfont!
Missing character: There is no o in font nullfont!
Missing character: There is no n in font nullfont!
Missing character: There is no f in font nullfont!
Missing character: There is no r in font nullfont!
Missing character: There is no o in font nullfont!
Missing character: There is no m in font nullfont!
Missing character: There is no t in font nullfont!
Missing character: There is no h in font nullfont!
Missing character: There is no e in font nullfont!
Missing character: There is no f in font nullfont!
Missing character: There is no l in font nullfont!
Missing character: There is no u in font nullfont!
Missing character: There is no i in font nullfont!
Missing character: There is no d in font nullfont!
Missing character: There is no t in font nullfont!
Missing character: There is no o in font nullfont!
Missing character: There is no t in font nullfont!
Missing character: There is no h in font nullfont!
Missing character: There is no e in font nullfont!
Missing character: There is no s in font nullfont!
Missing character: There is no o in font nullfont!
Missing character: There is no l in font nullfont!
Missing character: There is no i in font nullfont!
Missing character: There is no d in font nullfont!
Missing character: There is no p in font nullfont!
Missing character: There is no h in font nullfont!
Missing character: There is no a in font nullfont!
Missing character: There is no s in font nullfont!
Missing character: There is no e in font nullfont!
Missing character: There is no i in font nullfont!
Missing character: There is no s in font nullfont!
Missing character: There is no c in font nullfont!
Missing character: There is no h in font nullfont!
Missing character: There is no a in font nullfont!
Missing character: There is no r in font nullfont!
Missing character: There is no a in font nullfont!
Missing character: There is no c in font nullfont!
Missing character: There is no t in font nullfont!
Missing character: There is no e in font nullfont!
Missing character: There is no r in font nullfont!
Missing character: There is no i in font nullfont!
Missing character: There is no s in font nullfont!
Missing character: There is no e in font nullfont!
Missing character: There is no d in font nullfont!
Missing character: There is no b in font nullfont!
Missing character: There is no y in font nullfont!
Missing character: There is no t in font nullfont!
Missing character: There is no h in font nullfont!
Missing character: There is no e in font nullfont!
Missing character: There is no b in font nullfont!
Missing character: There is no r in font nullfont!
Missing character: There is no e in font nullfont!
Missing character: There is no a in font nullfont!
Missing character: There is no k in font nullfont!
Missing character: There is no i in font nullfont!
Missing character: There is no n in font nullfont!
Missing character: There is no g in font nullfont!
Missing character: There is no o in font nullfont!
Missing character: There is no f in font nullfont!
Missing character: There is no t in font nullfont!
Missing character: There is no h in font nullfont!
Missing character: There is no e in font nullfont!
Missing character: There is no c in font nullfont!
Missing character: There is no o in font nullfont!
Missing character: There is no n in font nullfont!
Missing character: There is no t in font nullfont!
Missing character: There is no i in font nullfont!
Missing character: There is no n in font nullfont!
Missing character: There is no u in font nullfont!
Missing character: There is no o in font nullfont!
Missing character: There is no u in font nullfont!
Missing character: There is no s in font nullfont!
Missing character: There is no t in font nullfont!
Missing character: There is no r in font nullfont!
Missing character: There is no a in font nullfont!
Missing character: There is no n in font nullfont!
Missing character: There is no s in font nullfont!
Missing character: There is no l in font nullfont!
Missing character: There is no a in font nullfont!
Missing character: There is no t in font nullfont!
Missing character: There is no i in font nullfont!
Missing character: There is no o in font nullfont!
Missing character: There is no n in font nullfont!
Missing character: There is no s in font nullfont!
Missing character: There is no y in font nullfont!
Missing character: There is no m in font nullfont!
Missing character: There is no m in font nullfont!
Missing character: There is no e in font nullfont!
Missing character: There is no t in font nullfont!
Missing character: There is no r in font nullfont!
Missing character: There is no y in font nullfont!
Missing character: There is no o in font nullfont!
Missing character: There is no f in font nullfont!
Missing character: There is no t in font nullfont!
Missing character: There is no h in font nullfont!
Missing character: There is no r in font nullfont!
Missing character: There is no e in font nullfont!
Missing character: There is no e in font nullfont!
Missing character: There is no - in font nullfont!
Missing character: There is no d in font nullfont!
Missing character: There is no i in font nullfont!
Missing character: There is no m in font nullfont!
Missing character: There is no e in font nullfont!
Missing character: There is no n in font nullfont!
Missing character: There is no s in font nullfont!
Missing character: There is no i in font nullfont!
Missing character: There is no o in font nullfont!
Missing character: There is no n in font nullfont!
Missing character: There is no a in font nullfont!
Missing character: There is no l in font nullfont!
Missing character: There is no E in font nullfont!
Missing character: There is no u in font nullfont!
Missing character: There is no c in font nullfont!
Missing character: There is no l in font nullfont!
Missing character: There is no i in font nullfont!
Missing character: There is no d in font nullfont!
Missing character: There is no e in font nullfont!
Missing character: There is no a in font nullfont!
Missing character: There is no n in font nullfont!
Missing character: There is no s in font nullfont!
Missing character: There is no p in font nullfont!
Missing character: There is no a in font nullfont!
Missing character: There is no c in font nullfont!
Missing character: There is no e in font nullfont!
Missing character: There is no t in font nullfont!
Missing character: There is no o in font nullfont!
Missing character: There is no t in font nullfont!
Missing character: There is no h in font nullfont!
Missing character: There is no e in font nullfont!
Missing character: There is no m in font nullfont!
Missing character: There is no u in font nullfont!
Missing character: There is no c in font nullfont!
Missing character: There is no h in font nullfont!
Missing character: There is no s in font nullfont!
Missing character: There is no m in font nullfont!
Missing character: There is no a in font nullfont!
Missing character: There is no l in font nullfont!
Missing character: There is no l in font nullfont!
Missing character: There is no e in font nullfont!
Missing character: There is no r in font nullfont!
Missing character: There is no d in font nullfont!
Missing character: There is no i in font nullfont!
Missing character: There is no s in font nullfont!
Missing character: There is no c in font nullfont!
Missing character: There is no r in font nullfont!
Missing character: There is no e in font nullfont!
Missing character: There is no t in font nullfont!
Missing character: There is no e in font nullfont!
Missing character: There is no s in font nullfont!
Missing character: There is no y in font nullfont!
Missing character: There is no m in font nullfont!
Missing character: There is no m in font nullfont!
Missing character: There is no e in font nullfont!
Missing character: There is no t in font nullfont!
Missing character: There is no r in font nullfont!
Missing character: There is no y in font nullfont!
Missing character: There is no o in font nullfont!
Missing character: There is no f in font nullfont!
Missing character: There is no t in font nullfont!
Missing character: There is no h in font nullfont!
Missing character: There is no e in font nullfont!
Missing character: There is no i in font nullfont!
Missing character: There is no c in font nullfont!
Missing character: There is no e in font nullfont!
Missing character: There is no l in font nullfont!
Missing character: There is no a in font nullfont!
Missing character: There is no t in font nullfont!
Missing character: There is no t in font nullfont!
Missing character: There is no i in font nullfont!
Missing character: There is no c in font nullfont!
Missing character: There is no e in font nullfont!
Missing character: There is no s in font nullfont!
Missing character: There is no t in font nullfont!
Missing character: There is no r in font nullfont!
Missing character: There is no u in font nullfont!
Missing character: There is no c in font nullfont!
Missing character: There is no t in font nullfont!
Missing character: There is no u in font nullfont!
Missing character: There is no r in font nullfont!
Missing character: There is no e in font nullfont!
Missing character: There is no . in font nullfont!
Missing character: There is no M in font nullfont!
Missing character: There is no o in font nullfont!
Missing character: There is no r in font nullfont!
Missing character: There is no e in font nullfont!
Missing character: There is no o in font nullfont!
Missing character: There is no v in font nullfont!
Missing character: There is no e in font nullfont!
Missing character: There is no r in font nullfont!
Missing character: There is no , in font nullfont!
Missing character: There is no t in font nullfont!
Missing character: There is no h in font nullfont!
Missing character: There is no e in font nullfont!
Missing character: There is no p in font nullfont!
Missing character: There is no a in font nullfont!
Missing character: There is no r in font nullfont!
Missing character: There is no a in font nullfont!
Missing character: There is no d in font nullfont!
Missing character: There is no i in font nullfont!
Missing character: There is no g in font nullfont!
Missing character: There is no m in font nullfont!
Missing character: There is no p in font nullfont!
Missing character: There is no o in font nullfont!
Missing character: There is no s in font nullfont!
Missing character: There is no i in font nullfont!
Missing character: There is no t in font nullfont!
Missing character: There is no s in font nullfont!
Missing character: There is no t in font nullfont!
Missing character: There is no h in font nullfont!
Missing character: There is no a in font nullfont!
Missing character: There is no t in font nullfont!
Missing character: There is no p in font nullfont!
Missing character: There is no h in font nullfont!
Missing character: There is no a in font nullfont!
Missing character: There is no s in font nullfont!
Missing character: There is no e in font nullfont!
Missing character: There is no t in font nullfont!
Missing character: There is no r in font nullfont!
Missing character: There is no a in font nullfont!
Missing character: There is no n in font nullfont!
Missing character: There is no s in font nullfont!
Missing character: There is no i in font nullfont!
Missing character: There is no t in font nullfont!
Missing character: There is no i in font nullfont!
Missing character: There is no o in font nullfont!
Missing character: There is no n in font nullfont!
Missing character: There is no s in font nullfont!
Missing character: There is no c in font nullfont!
Missing character: There is no a in font nullfont!
Missing character: There is no n in font nullfont!
Missing character: There is no b in font nullfont!
Missing character: There is no e in font nullfont!
Missing character: There is no d in font nullfont!
Missing character: There is no i in font nullfont!
Missing character: There is no a in font nullfont!
Missing character: There is no g in font nullfont!
Missing character: There is no n in font nullfont!
Missing character: There is no o in font nullfont!
Missing character: There is no s in font nullfont!
Missing character: There is no e in font nullfont!
Missing character: There is no d in font nullfont!
Missing character: There is no b in font nullfont!
Missing character: There is no y in font nullfont!
Missing character: There is no l in font nullfont!
Missing character: There is no o in font nullfont!
Missing character: There is no c in font nullfont!
Missing character: There is no a in font nullfont!
Missing character: There is no l in font nullfont!
Missing character: There is no w in font nullfont!
Missing character: There is no h in font nullfont!
Missing character: There is no i in font nullfont!
Missing character: There is no c in font nullfont!
Missing character: There is no h in font nullfont!
Missing character: There is no a in font nullfont!
Missing character: There is no r in font nullfont!
Missing character: There is no e in font nullfont!
Missing character: There is no c in font nullfont!
Missing character: There is no h in font nullfont!
Missing character: There is no a in font nullfont!
Missing character: There is no r in font nullfont!
Missing character: There is no g in font nullfont!
Missing character: There is no e in font nullfont!
Missing character: There is no d in font nullfont!
Missing character: There is no u in font nullfont!
Missing character: There is no n in font nullfont!
Missing character: There is no d in font nullfont!
Missing character: There is no e in font nullfont!
Missing character: There is no r in font nullfont!
Missing character: There is no t in font nullfont!
Missing character: There is no h in font nullfont!
Missing character: There is no e in font nullfont!
Missing character: There is no s in font nullfont!
Missing character: There is no y in font nullfont!
Missing character: There is no m in font nullfont!
Missing character: There is no m in font nullfont!
Missing character: There is no e in font nullfont!
Missing character: There is no t in font nullfont!
Missing character: There is no r in font nullfont!
Missing character: There is no y in font nullfont!
Missing character: There is no g in font nullfont!
Missing character: There is no r in font nullfont!
Missing character: There is no o in font nullfont!
Missing character: There is no u in font nullfont!
Missing character: There is no p in font nullfont!
Missing character: There is no t in font nullfont!
Missing character: There is no h in font nullfont!
Missing character: There is no a in font nullfont!
Missing character: There is no t in font nullfont!
Missing character: There is no a in font nullfont!
Missing character: There is no c in font nullfont!
Missing character: There is no q in font nullfont!
Missing character: There is no u in font nullfont!
Missing character: There is no i in font nullfont!
Missing character: There is no r in font nullfont!
Missing character: There is no e in font nullfont!
Missing character: There is no a in font nullfont!
Missing character: There is no n in font nullfont!
Missing character: There is no o in font nullfont!
Missing character: There is no n in font nullfont!
Missing character: There is no - in font nullfont!
Missing character: There is no v in font nullfont!
Missing character: There is no a in font nullfont!
Missing character: There is no n in font nullfont!
Missing character: There is no i in font nullfont!
Missing character: There is no s in font nullfont!
Missing character: There is no h in font nullfont!
Missing character: There is no i in font nullfont!
Missing character: There is no n in font nullfont!
Missing character: There is no g in font nullfont!
Missing character: There is no v in font nullfont!
Missing character: There is no a in font nullfont!
Missing character: There is no c in font nullfont!
Missing character: There is no u in font nullfont!
Missing character: There is no u in font nullfont!
Missing character: There is no m in font nullfont!
Missing character: There is no e in font nullfont!
Missing character: There is no x in font nullfont!
Missing character: There is no p in font nullfont!
Missing character: There is no e in font nullfont!
Missing character: There is no c in font nullfont!
Missing character: There is no t in font nullfont!
Missing character: There is no a in font nullfont!
Missing character: There is no t in font nullfont!
Missing character: There is no i in font nullfont!
Missing character: There is no o in font nullfont!
Missing character: There is no n in font nullfont!
Missing character: There is no v in font nullfont!
Missing character: There is no a in font nullfont!
Missing character: There is no l in font nullfont!
Missing character: There is no u in font nullfont!
Missing character: There is no e in font nullfont!
Missing character: There is no i in font nullfont!
Missing character: There is no n in font nullfont!
Missing character: There is no t in font nullfont!
Missing character: There is no h in font nullfont!
Missing character: There is no e in font nullfont!
Missing character: There is no s in font nullfont!
Missing character: There is no y in font nullfont!
Missing character: There is no m in font nullfont!
Missing character: There is no m in font nullfont!
Missing character: There is no e in font nullfont!
Missing character: There is no t in font nullfont!
Missing character: There is no r in font nullfont!
Missing character: There is no y in font nullfont!
Missing character: There is no - in font nullfont!
Missing character: There is no b in font nullfont!
Missing character: There is no r in font nullfont!
Missing character: There is no o in font nullfont!
Missing character: There is no k in font nullfont!
Missing character: There is no e in font nullfont!
Missing character: There is no n in font nullfont!
Missing character: There is no p in font nullfont!
Missing character: There is no h in font nullfont!
Missing character: There is no a in font nullfont!
Missing character: There is no s in font nullfont!
Missing character: There is no e in font nullfont!
Missing character: There is no . in font nullfont!
Missing character: There is no S in font nullfont!
Missing character: There is no i in font nullfont!
Missing character: There is no n in font nullfont!
Missing character: There is no c in font nullfont!
Missing character: There is no e in font nullfont!
Missing character: There is no K in font nullfont!
Missing character: There is no a in font nullfont!
Missing character: There is no d in font nullfont!
Missing character: There is no a in font nullfont!
Missing character: There is no n in font nullfont!
Missing character: There is no o in font nullfont!
Missing character: There is no f in font nullfont!
Missing character: There is no f in font nullfont!
Missing character: There is no a in font nullfont!
Missing character: There is no n in font nullfont!
Missing character: There is no d in font nullfont!
Missing character: There is no C in font nullfont!
Missing character: There is no e in font nullfont!
Missing character: There is no v in font nullfont!
Missing character: There is no a in font nullfont!
Missing character: There is no [ in font nullfont!
\citation{Kadanoff1970}
! Undefined control sequence.
<write> ...: Citation `\@citeb ' on page \thepage 
                                                  \space undefined\on@line .
l.85 ...ince Kadanoff and Ceva~\cite{Kadanoff1970}
                                                   it has also been understo...
The control sequence at the end of the top line
of your error message was never \def'ed. If you have
misspelled it (e.g., `\hobx'), type `I' and the correct
spelling (e.g., `I\hbox'). Otherwise just continue,
and I'll forget about whatever was undefined.


LaTeX Warning: Citation `Kadanoff1970' on page  undefined on input line 85.

Missing character: There is no ] in font nullfont!
Missing character: There is no i in font nullfont!
Missing character: There is no t in font nullfont!
Missing character: There is no h in font nullfont!
Missing character: There is no a in font nullfont!
Missing character: There is no s in font nullfont!
Missing character: There is no a in font nullfont!
Missing character: There is no l in font nullfont!
Missing character: There is no s in font nullfont!
Missing character: There is no o in font nullfont!
Missing character: There is no b in font nullfont!
Missing character: There is no e in font nullfont!
Missing character: There is no e in font nullfont!
Missing character: There is no n in font nullfont!
Missing character: There is no u in font nullfont!
Missing character: There is no n in font nullfont!
Missing character: There is no d in font nullfont!
Missing character: There is no e in font nullfont!
Missing character: There is no r in font nullfont!
Missing character: There is no s in font nullfont!
Missing character: There is no t in font nullfont!
Missing character: There is no o in font nullfont!
Missing character: There is no o in font nullfont!
Missing character: There is no d in font nullfont!
Missing character: There is no t in font nullfont!
Missing character: There is no h in font nullfont!
Missing character: There is no a in font nullfont!
Missing character: There is no t in font nullfont!
Missing character: There is no p in font nullfont!
Missing character: There is no h in font nullfont!
Missing character: There is no a in font nullfont!
Missing character: There is no s in font nullfont!
Missing character: There is no e in font nullfont!
Missing character: There is no s in font nullfont!
Missing character: There is no a in font nullfont!
Missing character: There is no r in font nullfont!
Missing character: There is no e in font nullfont!
Missing character: There is no s in font nullfont!
Missing character: There is no i in font nullfont!
Missing character: There is no m in font nullfont!
Missing character: There is no i in font nullfont!
Missing character: There is no l in font nullfont!
Missing character: There is no a in font nullfont!
Missing character: There is no r in font nullfont!
Missing character: There is no l in font nullfont!
Missing character: There is no y in font nullfont!
Missing character: There is no r in font nullfont!
Missing character: There is no e in font nullfont!
Missing character: There is no c in font nullfont!
Missing character: There is no o in font nullfont!
Missing character: There is no g in font nullfont!
Missing character: There is no n in font nullfont!
Missing character: There is no i in font nullfont!
Missing character: There is no s in font nullfont!
Missing character: There is no e in font nullfont!
Missing character: There is no d in font nullfont!
Missing character: There is no v in font nullfont!
Missing character: There is no i in font nullfont!
Missing character: There is no a in font nullfont!
Missing character: There is no . in font nullfont!

Overfull \hbox (20.0pt too wide) in paragraph at lines 85--86
[]
 []


Overfull \hbox (20.07207pt too wide) in paragraph at lines 85--86
\OT1/cmr/m/it/10 Lan-
 []


Overfull \hbox (22.74432pt too wide) in paragraph at lines 85--86
\OT1/cmr/m/it/10 dau's
 []


Overfull \hbox (39.48306pt too wide) in paragraph at lines 85--86
\OT1/cmr/m/it/10 paradigm
 []


Overfull \hbox (12.90546pt too wide) in paragraph at lines 85--86
\OT1/cmr/m/it/10 or-
 []


Overfull \hbox (13.92767pt too wide) in paragraph at lines 85--86
\OT1/cmr/m/it/10 der
 []


Overfull \hbox (13.28879pt too wide) in paragraph at lines 85--86
\OT1/cmr/m/it/10 pa-
 []


Overfull \hbox (20.57207pt too wide) in paragraph at lines 85--86
\OT1/cmr/m/it/10 ram-
 []


Overfull \hbox (8.1777pt too wide) in paragraph at lines 85--86
\OT1/cmr/m/it/10 e-
 []


Overfull \hbox (16.22765pt too wide) in paragraph at lines 85--86
\OT1/cmr/m/it/10 ters
 []


Overfull \hbox (5.43053pt too wide) in paragraph at lines 85--86
[]
 []


Overfull \hbox (20.69986pt too wide) in paragraph at lines 85--86
\OT1/cmr/m/it/10 sym-
 []


Overfull \hbox (19.67763pt too wide) in paragraph at lines 85--86
\OT1/cmr/m/it/10 met-
 []


Overfull \hbox (11.88324pt too wide) in paragraph at lines 85--86
\OT1/cmr/m/it/10 ric
 []


Overfull \hbox (15.84435pt too wide) in paragraph at lines 85--86
\OT1/cmr/m/it/10 dis-
 []


Overfull \hbox (12.90546pt too wide) in paragraph at lines 85--86
\OT1/cmr/m/it/10 or-
 []


Overfull \hbox (13.92767pt too wide) in paragraph at lines 85--86
\OT1/cmr/m/it/10 der
 []


Overfull \hbox (13.28879pt too wide) in paragraph at lines 85--86
\OT1/cmr/m/it/10 pa-
 []


Overfull \hbox (20.57207pt too wide) in paragraph at lines 85--86
\OT1/cmr/m/it/10 ram-
 []


Overfull \hbox (8.1777pt too wide) in paragraph at lines 85--86
\OT1/cmr/m/it/10 e-
 []


Overfull \hbox (16.22765pt too wide) in paragraph at lines 85--86
\OT1/cmr/m/it/10 ters 
 []


! LaTeX Error: Missing \begin{document}.

See the LaTeX manual or LaTeX Companion for explanation.
Type  H <return>  for immediate help.
 ...                                              
                                                  
l.88 T
      he canonical example is the quantum one-dimensional Ising model, gover...

You're in trouble here.  Try typing  <return>  to proceed.
If that doesn't work, type  X <return>  to quit.

Missing character: There is no T in font nullfont!
Missing character: There is no h in font nullfont!
Missing character: There is no e in font nullfont!
Missing character: There is no c in font nullfont!
Missing character: There is no a in font nullfont!
Missing character: There is no n in font nullfont!
Missing character: There is no o in font nullfont!
Missing character: There is no n in font nullfont!
Missing character: There is no i in font nullfont!
Missing character: There is no c in font nullfont!
Missing character: There is no a in font nullfont!
Missing character: There is no l in font nullfont!
Missing character: There is no e in font nullfont!
Missing character: There is no x in font nullfont!
Missing character: There is no a in font nullfont!
Missing character: There is no m in font nullfont!
Missing character: There is no p in font nullfont!
Missing character: There is no l in font nullfont!
Missing character: There is no e in font nullfont!
Missing character: There is no i in font nullfont!
Missing character: There is no s in font nullfont!
Missing character: There is no t in font nullfont!
Missing character: There is no h in font nullfont!
Missing character: There is no e in font nullfont!
Missing character: There is no q in font nullfont!
Missing character: There is no u in font nullfont!
Missing character: There is no a in font nullfont!
Missing character: There is no n in font nullfont!
Missing character: There is no t in font nullfont!
Missing character: There is no u in font nullfont!
Missing character: There is no m in font nullfont!
Missing character: There is no o in font nullfont!
Missing character: There is no n in font nullfont!
Missing character: There is no e in font nullfont!
Missing character: There is no - in font nullfont!
Missing character: There is no d in font nullfont!
Missing character: There is no i in font nullfont!
Missing character: There is no m in font nullfont!
Missing character: There is no e in font nullfont!
Missing character: There is no n in font nullfont!
Missing character: There is no s in font nullfont!
Missing character: There is no i in font nullfont!
Missing character: There is no o in font nullfont!
Missing character: There is no n in font nullfont!
Missing character: There is no a in font nullfont!
Missing character: There is no l in font nullfont!
Missing character: There is no I in font nullfont!
Missing character: There is no s in font nullfont!
Missing character: There is no i in font nullfont!
Missing character: There is no n in font nullfont!
Missing character: There is no g in font nullfont!
Missing character: There is no m in font nullfont!
Missing character: There is no o in font nullfont!
Missing character: There is no d in font nullfont!
Missing character: There is no e in font nullfont!
Missing character: There is no l in font nullfont!
Missing character: There is no , in font nullfont!
Missing character: There is no g in font nullfont!
Missing character: There is no o in font nullfont!
Missing character: There is no v in font nullfont!
Missing character: There is no e in font nullfont!
Missing character: There is no r in font nullfont!
Missing character: There is no n in font nullfont!
Missing character: There is no e in font nullfont!
Missing character: There is no d in font nullfont!
Missing character: There is no b in font nullfont!
Missing character: There is no y in font nullfont!
Missing character: There is no t in font nullfont!
Missing character: There is no h in font nullfont!
Missing character: There is no e in font nullfont!
Missing character: There is no H in font nullfont!
Missing character: There is no a in font nullfont!
Missing character: There is no m in font nullfont!
Missing character: There is no i in font nullfont!
Missing character: There is no l in font nullfont!
Missing character: There is no t in font nullfont!
Missing character: There is no o in font nullfont!
Missing character: There is no n in font nullfont!
Missing character: There is no i in font nullfont!
Missing character: There is no a in font nullfont!
Missing character: There is no n in font nullfont!

Overfull \hbox (20.0pt too wide) in paragraph at lines 88--89
[]
 []

! Undefined control sequence.
l.90 	H = -J\sum_\msf
                      i Z_\msf iZ_{\msf i+1} - \lambda \sum_\msf i X_i,
The control sequence at the end of the top line
of your error message was never \def'ed. If you have
misspelled it (e.g., `\hobx'), type `I' and the correct
spelling (e.g., `I\hbox'). Otherwise just continue,
and I'll forget about whatever was undefined.

! Undefined control sequence.
l.90 	H = -J\sum_\msf i Z_\msf
                               iZ_{\msf i+1} - \lambda \sum_\msf i X_i,
The control sequence at the end of the top line
of your error message was never \def'ed. If you have
misspelled it (e.g., `\hobx'), type `I' and the correct
spelling (e.g., `I\hbox'). Otherwise just continue,
and I'll forget about whatever was undefined.

! Undefined control sequence.
l.90 	H = -J\sum_\msf i Z_\msf iZ_{\msf
                                        i+1} - \lambda \sum_\msf i X_i,
The control sequence at the end of the top line
of your error message was never \def'ed. If you have
misspelled it (e.g., `\hobx'), type `I' and the correct
spelling (e.g., `I\hbox'). Otherwise just continue,
and I'll forget about whatever was undefined.

! Undefined control sequence.
l.90 ...i Z_\msf iZ_{\msf i+1} - \lambda \sum_\msf
                                                   i X_i,
The control sequence at the end of the top line
of your error message was never \def'ed. If you have
misspelled it (e.g., `\hobx'), type `I' and the correct
spelling (e.g., `I\hbox'). Otherwise just continue,
and I'll forget about whatever was undefined.


Overfull \hbox (130.73776pt too wide) detected at line 91
\OML/cmm/m/it/10 H \/cmr/m/n/10 = \OMS/cmsy/m/n/10 ^^@\OML/cmm/m/it/10 J [] Z[]
Z[] \OMS/cmsy/m/n/10 ^^@ \OML/cmm/m/it/10 ^^U [] X[];
 []

Missing character: There is no w in font nullfont!
Missing character: There is no h in font nullfont!
Missing character: There is no i in font nullfont!
Missing character: There is no c in font nullfont!
Missing character: There is no h in font nullfont!
Missing character: There is no p in font nullfont!
Missing character: There is no o in font nullfont!
Missing character: There is no s in font nullfont!
Missing character: There is no s in font nullfont!
Missing character: There is no e in font nullfont!
Missing character: There is no s in font nullfont!
Missing character: There is no s in font nullfont!
Missing character: There is no e in font nullfont!
Missing character: There is no s in font nullfont!
Missing character: There is no a in font nullfont!
Missing character: There is no g in font nullfont!
Missing character: There is no l in font nullfont!
Missing character: There is no o in font nullfont!
Missing character: There is no b in font nullfont!
Missing character: There is no a in font nullfont!
Missing character: There is no l in font nullfont!
! Undefined control sequence.
<recently read> \mbb 
                     
l.92 which possesses a global $\mbb
                                    Z_2$ spin-flip symmetry generated by $\p...
The control sequence at the end of the top line
of your error message was never \def'ed. If you have
misspelled it (e.g., `\hobx'), type `I' and the correct
spelling (e.g., `I\hbox'). Otherwise just continue,
and I'll forget about whatever was undefined.

Missing character: There is no s in font nullfont!
Missing character: There is no p in font nullfont!
Missing character: There is no i in font nullfont!
Missing character: There is no n in font nullfont!
Missing character: There is no - in font nullfont!
Missing character: There is no f in font nullfont!
Missing character: There is no l in font nullfont!
Missing character: There is no i in font nullfont!
Missing character: There is no p in font nullfont!
Missing character: There is no s in font nullfont!
Missing character: There is no y in font nullfont!
Missing character: There is no m in font nullfont!
Missing character: There is no m in font nullfont!
Missing character: There is no e in font nullfont!
Missing character: There is no t in font nullfont!
Missing character: There is no r in font nullfont!
Missing character: There is no y in font nullfont!
Missing character: There is no g in font nullfont!
Missing character: There is no e in font nullfont!
Missing character: There is no n in font nullfont!
Missing character: There is no e in font nullfont!
Missing character: There is no r in font nullfont!
Missing character: There is no a in font nullfont!
Missing character: There is no t in font nullfont!
Missing character: There is no e in font nullfont!
Missing character: There is no d in font nullfont!
Missing character: There is no b in font nullfont!
Missing character: There is no y in font nullfont!
! Undefined control sequence.
l.92 ...pin-flip symmetry generated by $\prod_\msf
                                                   i X_i$. In the ordered ph...
The control sequence at the end of the top line
of your error message was never \def'ed. If you have
misspelled it (e.g., `\hobx'), type `I' and the correct
spelling (e.g., `I\hbox'). Otherwise just continue,
and I'll forget about whatever was undefined.

Missing character: There is no . in font nullfont!
Missing character: There is no I in font nullfont!
Missing character: There is no n in font nullfont!
Missing character: There is no t in font nullfont!
Missing character: There is no h in font nullfont!
Missing character: There is no e in font nullfont!
Missing character: There is no o in font nullfont!
Missing character: There is no r in font nullfont!
Missing character: There is no d in font nullfont!
Missing character: There is no e in font nullfont!
Missing character: There is no r in font nullfont!
Missing character: There is no e in font nullfont!
Missing character: There is no d in font nullfont!
Missing character: There is no p in font nullfont!
Missing character: There is no h in font nullfont!
Missing character: There is no a in font nullfont!
Missing character: There is no s in font nullfont!
Missing character: There is no e in font nullfont!
Missing character: There is no ( in font nullfont!
Missing character: There is no ) in font nullfont!
Missing character: There is no , in font nullfont!
Missing character: There is no t in font nullfont!
Missing character: There is no h in font nullfont!
Missing character: There is no e in font nullfont!
Missing character: There is no s in font nullfont!
Missing character: There is no p in font nullfont!
Missing character: There is no o in font nullfont!
Missing character: There is no n in font nullfont!
Missing character: There is no t in font nullfont!
Missing character: There is no a in font nullfont!
Missing character: There is no n in font nullfont!
Missing character: There is no e in font nullfont!
Missing character: There is no o in font nullfont!
Missing character: There is no u in font nullfont!
Missing character: There is no s in font nullfont!
Missing character: There is no b in font nullfont!
Missing character: There is no r in font nullfont!
Missing character: There is no e in font nullfont!
Missing character: There is no a in font nullfont!
Missing character: There is no k in font nullfont!
Missing character: There is no i in font nullfont!
Missing character: There is no n in font nullfont!
Missing character: There is no g in font nullfont!
Missing character: There is no o in font nullfont!
Missing character: There is no f in font nullfont!
Missing character: There is no t in font nullfont!
Missing character: There is no h in font nullfont!
Missing character: There is no i in font nullfont!
Missing character: There is no s in font nullfont!
Missing character: There is no s in font nullfont!
Missing character: There is no y in font nullfont!
Missing character: There is no m in font nullfont!
Missing character: There is no m in font nullfont!
Missing character: There is no e in font nullfont!
Missing character: There is no t in font nullfont!
Missing character: There is no r in font nullfont!
Missing character: There is no y in font nullfont!
Missing character: There is no i in font nullfont!
Missing character: There is no s in font nullfont!
Missing character: There is no c in font nullfont!
Missing character: There is no h in font nullfont!
Missing character: There is no a in font nullfont!
Missing character: There is no r in font nullfont!
Missing character: There is no a in font nullfont!
Missing character: There is no c in font nullfont!
Missing character: There is no t in font nullfont!
Missing character: There is no e in font nullfont!
Missing character: There is no r in font nullfont!
Missing character: There is no i in font nullfont!
Missing character: There is no s in font nullfont!
Missing character: There is no e in font nullfont!
Missing character: There is no d in font nullfont!
Missing character: There is no b in font nullfont!
Missing character: There is no y in font nullfont!
Missing character: There is no a in font nullfont!
Missing character: There is no n in font nullfont!
Missing character: There is no o in font nullfont!
Missing character: There is no n in font nullfont!
Missing character: There is no - in font nullfont!
Missing character: There is no v in font nullfont!
Missing character: There is no a in font nullfont!
Missing character: There is no n in font nullfont!
Missing character: There is no i in font nullfont!
Missing character: There is no s in font nullfont!
Missing character: There is no h in font nullfont!
Missing character: There is no i in font nullfont!
Missing character: There is no n in font nullfont!
Missing character: There is no g in font nullfont!
Missing character: There is no e in font nullfont!
Missing character: There is no x in font nullfont!
Missing character: There is no p in font nullfont!
Missing character: There is no e in font nullfont!
Missing character: There is no c in font nullfont!
Missing character: There is no t in font nullfont!
Missing character: There is no a in font nullfont!
Missing character: There is no t in font nullfont!
Missing character: There is no i in font nullfont!
Missing character: There is no o in font nullfont!
Missing character: There is no n in font nullfont!
Missing character: There is no v in font nullfont!
Missing character: There is no a in font nullfont!
Missing character: There is no l in font nullfont!
Missing character: There is no u in font nullfont!
Missing character: There is no e in font nullfont!
Missing character: There is no o in font nullfont!
Missing character: There is no f in font nullfont!
Missing character: There is no t in font nullfont!
Missing character: There is no h in font nullfont!
Missing character: There is no e in font nullfont!
Missing character: There is no l in font nullfont!
Missing character: There is no o in font nullfont!
Missing character: There is no c in font nullfont!
Missing character: There is no a in font nullfont!
Missing character: There is no l in font nullfont!
Missing character: There is no m in font nullfont!
Missing character: There is no a in font nullfont!
Missing character: There is no g in font nullfont!
Missing character: There is no n in font nullfont!
Missing character: There is no e in font nullfont!
Missing character: There is no t in font nullfont!
Missing character: There is no i in font nullfont!
Missing character: There is no s in font nullfont!
Missing character: There is no a in font nullfont!
Missing character: There is no t in font nullfont!
Missing character: There is no i in font nullfont!
Missing character: There is no o in font nullfont!
Missing character: There is no n in font nullfont!
! Undefined control sequence.
<recently read> \la 
                    
l.92 ...tion value of the local magnetisation $\la
                                                   Z_\msf i \ra \neq 0$, whi...
The control sequence at the end of the top line
of your error message was never \def'ed. If you have
misspelled it (e.g., `\hobx'), type `I' and the correct
spelling (e.g., `I\hbox'). Otherwise just continue,
and I'll forget about whatever was undefined.

! Undefined control sequence.
l.92 ...lue of the local magnetisation $\la Z_\msf
                                                   i \ra \neq 0$, which serv...
The control sequence at the end of the top line
of your error message was never \def'ed. If you have
misspelled it (e.g., `\hobx'), type `I' and the correct
spelling (e.g., `I\hbox'). Otherwise just continue,
and I'll forget about whatever was undefined.

! Undefined control sequence.
l.92 ... the local magnetisation $\la Z_\msf i \ra
                                                   \neq 0$, which serves as ...
The control sequence at the end of the top line
of your error message was never \def'ed. If you have
misspelled it (e.g., `\hobx'), type `I' and the correct
spelling (e.g., `I\hbox'). Otherwise just continue,
and I'll forget about whatever was undefined.

Missing character: There is no , in font nullfont!
Missing character: There is no w in font nullfont!
Missing character: There is no h in font nullfont!
Missing character: There is no i in font nullfont!
Missing character: There is no c in font nullfont!
Missing character: There is no h in font nullfont!
Missing character: There is no s in font nullfont!
Missing character: There is no e in font nullfont!
Missing character: There is no r in font nullfont!
Missing character: There is no v in font nullfont!
Missing character: There is no e in font nullfont!
Missing character: There is no s in font nullfont!
Missing character: There is no a in font nullfont!
Missing character: There is no s in font nullfont!
Missing character: There is no t in font nullfont!
Missing character: There is no h in font nullfont!
Missing character: There is no e in font nullfont!
Missing character: There is no l in font nullfont!
Missing character: There is no o in font nullfont!
Missing character: There is no c in font nullfont!
Missing character: There is no a in font nullfont!
Missing character: There is no l in font nullfont!
Missing character: There is no o in font nullfont!
Missing character: There is no r in font nullfont!
Missing character: There is no d in font nullfont!
Missing character: There is no e in font nullfont!
Missing character: There is no r in font nullfont!
Missing character: There is no p in font nullfont!
Missing character: There is no a in font nullfont!
Missing character: There is no r in font nullfont!
Missing character: There is no a in font nullfont!
Missing character: There is no m in font nullfont!
Missing character: There is no e in font nullfont!
Missing character: There is no t in font nullfont!
Missing character: There is no e in font nullfont!
Missing character: There is no r in font nullfont!
Missing character: There is no . in font nullfont!
Missing character: There is no I in font nullfont!
Missing character: There is no n in font nullfont!
Missing character: There is no t in font nullfont!
Missing character: There is no h in font nullfont!
Missing character: There is no e in font nullfont!
Missing character: There is no d in font nullfont!
Missing character: There is no i in font nullfont!
Missing character: There is no s in font nullfont!
Missing character: There is no o in font nullfont!
Missing character: There is no r in font nullfont!
Missing character: There is no d in font nullfont!
Missing character: There is no e in font nullfont!
Missing character: There is no r in font nullfont!
Missing character: There is no e in font nullfont!
Missing character: There is no d in font nullfont!
Missing character: There is no p in font nullfont!
Missing character: There is no h in font nullfont!
Missing character: There is no a in font nullfont!
Missing character: There is no s in font nullfont!
Missing character: There is no e in font nullfont!
Missing character: There is no ( in font nullfont!
Missing character: There is no ) in font nullfont!
Missing character: There is no , in font nullfont!
Missing character: There is no t in font nullfont!
Missing character: There is no h in font nullfont!
Missing character: There is no e in font nullfont!
Missing character: There is no s in font nullfont!
Missing character: There is no y in font nullfont!
Missing character: There is no m in font nullfont!
Missing character: There is no m in font nullfont!
Missing character: There is no e in font nullfont!
Missing character: There is no t in font nullfont!
Missing character: There is no r in font nullfont!
Missing character: There is no y in font nullfont!
Missing character: There is no i in font nullfont!
Missing character: There is no s in font nullfont!
Missing character: There is no r in font nullfont!
Missing character: There is no e in font nullfont!
Missing character: There is no s in font nullfont!
Missing character: There is no t in font nullfont!
Missing character: There is no o in font nullfont!
Missing character: There is no r in font nullfont!
Missing character: There is no e in font nullfont!
Missing character: There is no d in font nullfont!
Missing character: There is no a in font nullfont!
Missing character: There is no n in font nullfont!
Missing character: There is no d in font nullfont!
! Undefined control sequence.
<recently read> \la 
                    
l.92 ...\gg J$), the symmetry is restored and $\la
                                                   Z_\msf i \ra = 0$, but no...
The control sequence at the end of the top line
of your error message was never \def'ed. If you have
misspelled it (e.g., `\hobx'), type `I' and the correct
spelling (e.g., `I\hbox'). Otherwise just continue,
and I'll forget about whatever was undefined.

! Undefined control sequence.
l.92 ..., the symmetry is restored and $\la Z_\msf
                                                   i \ra = 0$, but now the d...
The control sequence at the end of the top line
of your error message was never \def'ed. If you have
misspelled it (e.g., `\hobx'), type `I' and the correct
spelling (e.g., `I\hbox'). Otherwise just continue,
and I'll forget about whatever was undefined.

! Undefined control sequence.
l.92 ...symmetry is restored and $\la Z_\msf i \ra
                                                   = 0$, but now the disorde...
The control sequence at the end of the top line
of your error message was never \def'ed. If you have
misspelled it (e.g., `\hobx'), type `I' and the correct
spelling (e.g., `I\hbox'). Otherwise just continue,
and I'll forget about whatever was undefined.

Missing character: There is no , in font nullfont!
Missing character: There is no b in font nullfont!
Missing character: There is no u in font nullfont!
Missing character: There is no t in font nullfont!
Missing character: There is no n in font nullfont!
Missing character: There is no o in font nullfont!
Missing character: There is no w in font nullfont!
Missing character: There is no t in font nullfont!
Missing character: There is no h in font nullfont!
Missing character: There is no e in font nullfont!
Missing character: There is no d in font nullfont!
Missing character: There is no i in font nullfont!
Missing character: There is no s in font nullfont!
Missing character: There is no o in font nullfont!
Missing character: There is no r in font nullfont!
Missing character: There is no d in font nullfont!
Missing character: There is no e in font nullfont!
Missing character: There is no r in font nullfont!
Missing character: There is no p in font nullfont!
Missing character: There is no a in font nullfont!
Missing character: There is no r in font nullfont!
Missing character: There is no a in font nullfont!
Missing character: There is no m in font nullfont!
Missing character: There is no e in font nullfont!
Missing character: There is no t in font nullfont!
Missing character: There is no e in font nullfont!
Missing character: There is no r in font nullfont!
! Undefined control sequence.
l.92 ...ut now the disorder parameter $\prod_{\msf
                                                   i=k}^l X_i$ attains a non...
The control sequence at the end of the top line
of your error message was never \def'ed. If you have
misspelled it (e.g., `\hobx'), type `I' and the correct
spelling (e.g., `I\hbox'). Otherwise just continue,
and I'll forget about whatever was undefined.

Missing character: There is no a in font nullfont!
Missing character: There is no t in font nullfont!
Missing character: There is no t in font nullfont!
Missing character: There is no a in font nullfont!
Missing character: There is no i in font nullfont!
Missing character: There is no n in font nullfont!
Missing character: There is no s in font nullfont!
Missing character: There is no a in font nullfont!
Missing character: There is no n in font nullfont!
Missing character: There is no o in font nullfont!
Missing character: There is no n in font nullfont!
Missing character: There is no - in font nullfont!
Missing character: There is no z in font nullfont!
Missing character: There is no e in font nullfont!
Missing character: There is no r in font nullfont!
Missing character: There is no o in font nullfont!
Missing character: There is no v in font nullfont!
Missing character: There is no a in font nullfont!
Missing character: There is no c in font nullfont!
Missing character: There is no u in font nullfont!
Missing character: There is no u in font nullfont!
Missing character: There is no m in font nullfont!
Missing character: There is no e in font nullfont!
Missing character: There is no x in font nullfont!
Missing character: There is no p in font nullfont!
Missing character: There is no e in font nullfont!
Missing character: There is no c in font nullfont!
Missing character: There is no t in font nullfont!
Missing character: There is no a in font nullfont!
Missing character: There is no t in font nullfont!
Missing character: There is no i in font nullfont!
Missing character: There is no o in font nullfont!
Missing character: There is no n in font nullfont!
Missing character: There is no v in font nullfont!
Missing character: There is no a in font nullfont!
Missing character: There is no l in font nullfont!
Missing character: There is no u in font nullfont!
Missing character: There is no e in font nullfont!
Missing character: There is no . in font nullfont!

Overfull \hbox (11.31253pt too wide) in paragraph at lines 91--93
    $\OML/cmm/m/it/10 Z[]$
 []


Overfull \hbox (26.0544pt too wide) in paragraph at lines 91--93
[][] \OML/cmm/m/it/10 X[]$
 []


Overfull \hbox (19.28467pt too wide) in paragraph at lines 91--93
\OML/cmm/m/it/10 J \OMS/cmsy/m/n/10 ^^]
 []


Overfull \hbox (5.83336pt too wide) in paragraph at lines 91--93
\OML/cmm/m/it/10 ^^U$
 []


Overfull \hbox (20.7112pt too wide) in paragraph at lines 91--93
\OML/cmm/m/it/10 Z[] \OMS/cmsy/m/n/10 6\/cmr/m/n/10 =
 []


Overfull \hbox (5.00002pt too wide) in paragraph at lines 91--93
\/cmr/m/n/10 0$
 []


Overfull \hbox (18.61108pt too wide) in paragraph at lines 91--93
\OML/cmm/m/it/10 ^^U \OMS/cmsy/m/n/10 ^^]
 []


Overfull \hbox (6.50694pt too wide) in paragraph at lines 91--93
\OML/cmm/m/it/10 J$
 []


Overfull \hbox (20.7112pt too wide) in paragraph at lines 91--93
\OML/cmm/m/it/10 Z[] \/cmr/m/n/10 =
 []


Overfull \hbox (5.00002pt too wide) in paragraph at lines 91--93
\/cmr/m/n/10 0$
 []


Overfull \hbox (36.61348pt too wide) in paragraph at lines 91--93
[][] \OML/cmm/m/it/10 X[]$
 []


! LaTeX Error: Missing \begin{document}.

See the LaTeX manual or LaTeX Companion for explanation.
Type  H <return>  for immediate help.
 ...                                              
                                                  
l.94 \bigskip\noindent
                       Since its conception, quantum phases of matter that d...

You're in trouble here.  Try typing  <return>  to proceed.
If that doesn't work, type  X <return>  to quit.

Missing character: There is no S in font nullfont!
Missing character: There is no i in font nullfont!
Missing character: There is no n in font nullfont!
Missing character: There is no c in font nullfont!
Missing character: There is no e in font nullfont!
Missing character: There is no i in font nullfont!
Missing character: There is no t in font nullfont!
Missing character: There is no s in font nullfont!
Missing character: There is no c in font nullfont!
Missing character: There is no o in font nullfont!
Missing character: There is no n in font nullfont!
Missing character: There is no c in font nullfont!
Missing character: There is no e in font nullfont!
Missing character: There is no p in font nullfont!
Missing character: There is no t in font nullfont!
Missing character: There is no i in font nullfont!
Missing character: There is no o in font nullfont!
Missing character: There is no n in font nullfont!
Missing character: There is no , in font nullfont!
Missing character: There is no q in font nullfont!
Missing character: There is no u in font nullfont!
Missing character: There is no a in font nullfont!
Missing character: There is no n in font nullfont!
Missing character: There is no t in font nullfont!
Missing character: There is no u in font nullfont!
Missing character: There is no m in font nullfont!
Missing character: There is no p in font nullfont!
Missing character: There is no h in font nullfont!
Missing character: There is no a in font nullfont!
Missing character: There is no s in font nullfont!
Missing character: There is no e in font nullfont!
Missing character: There is no s in font nullfont!
Missing character: There is no o in font nullfont!
Missing character: There is no f in font nullfont!
Missing character: There is no m in font nullfont!
Missing character: There is no a in font nullfont!
Missing character: There is no t in font nullfont!
Missing character: There is no t in font nullfont!
Missing character: There is no e in font nullfont!
Missing character: There is no r in font nullfont!
Missing character: There is no t in font nullfont!
Missing character: There is no h in font nullfont!
Missing character: There is no a in font nullfont!
Missing character: There is no t in font nullfont!
Missing character: There is no d in font nullfont!
Missing character: There is no e in font nullfont!
Missing character: There is no f in font nullfont!
Missing character: There is no y in font nullfont!
Missing character: There is no L in font nullfont!
Missing character: There is no a in font nullfont!
Missing character: There is no n in font nullfont!
Missing character: There is no d in font nullfont!
Missing character: There is no a in font nullfont!
Missing character: There is no u in font nullfont!
Missing character: There is no ' in font nullfont!
Missing character: There is no s in font nullfont!
Missing character: There is no p in font nullfont!
Missing character: There is no a in font nullfont!
Missing character: There is no r in font nullfont!
Missing character: There is no a in font nullfont!
Missing character: There is no d in font nullfont!
Missing character: There is no i in font nullfont!
Missing character: There is no g in font nullfont!
Missing character: There is no m in font nullfont!
Missing character: There is no h in font nullfont!
Missing character: There is no a in font nullfont!
Missing character: There is no v in font nullfont!
Missing character: There is no e in font nullfont!
Missing character: There is no b in font nullfont!
Missing character: There is no e in font nullfont!
Missing character: There is no e in font nullfont!
Missing character: There is no n in font nullfont!
! Undefined control sequence.
l.94 ...hat defy Landau's paradigm have been \Bram
                                                  {found}. Perhaps unsurpris...
The control sequence at the end of the top line
of your error message was never \def'ed. If you have
misspelled it (e.g., `\hobx'), type `I' and the correct
spelling (e.g., `I\hbox'). Otherwise just continue,
and I'll forget about whatever was undefined.

Missing character: There is no f in font nullfont!
Missing character: There is no o in font nullfont!
Missing character: There is no u in font nullfont!
Missing character: There is no n in font nullfont!
Missing character: There is no d in font nullfont!
Missing character: There is no . in font nullfont!
Missing character: There is no P in font nullfont!
Missing character: There is no e in font nullfont!
Missing character: There is no r in font nullfont!
Missing character: There is no h in font nullfont!
Missing character: There is no a in font nullfont!
Missing character: There is no p in font nullfont!
Missing character: There is no s in font nullfont!
Missing character: There is no u in font nullfont!
Missing character: There is no n in font nullfont!
Missing character: There is no s in font nullfont!
Missing character: There is no u in font nullfont!
Missing character: There is no r in font nullfont!
Missing character: There is no p in font nullfont!
Missing character: There is no r in font nullfont!
Missing character: There is no i in font nullfont!
Missing character: There is no s in font nullfont!
Missing character: There is no i in font nullfont!
Missing character: There is no n in font nullfont!
Missing character: There is no g in font nullfont!
Missing character: There is no l in font nullfont!
Missing character: There is no y in font nullfont!
Missing character: There is no , in font nullfont!
Missing character: There is no t in font nullfont!
Missing character: There is no h in font nullfont!
Missing character: There is no e in font nullfont!
Missing character: There is no s in font nullfont!
Missing character: There is no e in font nullfont!
Missing character: There is no p in font nullfont!
Missing character: There is no h in font nullfont!
Missing character: There is no a in font nullfont!
Missing character: There is no s in font nullfont!
Missing character: There is no e in font nullfont!
Missing character: There is no s in font nullfont!
Missing character: There is no a in font nullfont!
Missing character: There is no r in font nullfont!
Missing character: There is no e in font nullfont!
Missing character: There is no c in font nullfont!
Missing character: There is no h in font nullfont!
Missing character: There is no a in font nullfont!
Missing character: There is no r in font nullfont!
Missing character: There is no a in font nullfont!
Missing character: There is no c in font nullfont!
Missing character: There is no t in font nullfont!
Missing character: There is no e in font nullfont!
Missing character: There is no r in font nullfont!
Missing character: There is no i in font nullfont!
Missing character: There is no s in font nullfont!
Missing character: There is no e in font nullfont!
Missing character: There is no d in font nullfont!
Missing character: There is no b in font nullfont!
Missing character: There is no y in font nullfont!
Missing character: There is no t in font nullfont!
Missing character: There is no h in font nullfont!
Missing character: There is no e in font nullfont!
Missing character: There is no d in font nullfont!
Missing character: There is no i in font nullfont!
Missing character: There is no s in font nullfont!
Missing character: There is no t in font nullfont!
Missing character: There is no i in font nullfont!
Missing character: There is no n in font nullfont!
Missing character: There is no c in font nullfont!
Missing character: There is no t in font nullfont!
Missing character: There is no w in font nullfont!
Missing character: There is no a in font nullfont!
Missing character: There is no y in font nullfont!
Missing character: There is no s in font nullfont!
Missing character: There is no i in font nullfont!
Missing character: There is no n in font nullfont!
Missing character: There is no w in font nullfont!
Missing character: There is no h in font nullfont!
Missing character: There is no i in font nullfont!
Missing character: There is no c in font nullfont!
Missing character: There is no h in font nullfont!
Missing character: There is no t in font nullfont!
Missing character: There is no h in font nullfont!
Missing character: There is no e in font nullfont!
Missing character: There is no s in font nullfont!
Missing character: There is no y in font nullfont!
Missing character: There is no m in font nullfont!
Missing character: There is no m in font nullfont!
Missing character: There is no e in font nullfont!
Missing character: There is no t in font nullfont!
Missing character: There is no r in font nullfont!
Missing character: There is no y in font nullfont!
Missing character: There is no c in font nullfont!
Missing character: There is no a in font nullfont!
Missing character: There is no n in font nullfont!
Missing character: There is no m in font nullfont!
Missing character: There is no a in font nullfont!
Missing character: There is no n in font nullfont!
Missing character: There is no i in font nullfont!
Missing character: There is no f in font nullfont!
Missing character: There is no e in font nullfont!
Missing character: There is no s in font nullfont!
Missing character: There is no t in font nullfont!
Missing character: There is no i in font nullfont!
Missing character: There is no t in font nullfont!
Missing character: There is no s in font nullfont!
Missing character: There is no e in font nullfont!
Missing character: There is no l in font nullfont!
Missing character: There is no f in font nullfont!
Missing character: There is no i in font nullfont!
Missing character: There is no n in font nullfont!
Missing character: There is no t in font nullfont!
Missing character: There is no h in font nullfont!
Missing character: There is no e in font nullfont!
Missing character: There is no e in font nullfont!
Missing character: There is no n in font nullfont!
Missing character: There is no t in font nullfont!
Missing character: There is no a in font nullfont!
Missing character: There is no n in font nullfont!
Missing character: There is no g in font nullfont!
Missing character: There is no l in font nullfont!
Missing character: There is no e in font nullfont!
Missing character: There is no m in font nullfont!
Missing character: There is no e in font nullfont!
Missing character: There is no n in font nullfont!
Missing character: There is no t in font nullfont!
Missing character: There is no p in font nullfont!
Missing character: There is no a in font nullfont!
Missing character: There is no t in font nullfont!
Missing character: There is no t in font nullfont!
Missing character: There is no e in font nullfont!
Missing character: There is no r in font nullfont!
Missing character: There is no n in font nullfont!
Missing character: There is no s in font nullfont!
Missing character: There is no o in font nullfont!
Missing character: There is no f in font nullfont!
Missing character: There is no t in font nullfont!
Missing character: There is no h in font nullfont!
Missing character: There is no e in font nullfont!
Missing character: There is no g in font nullfont!
Missing character: There is no r in font nullfont!
Missing character: There is no o in font nullfont!
Missing character: There is no u in font nullfont!
Missing character: There is no n in font nullfont!
Missing character: There is no d in font nullfont!
Missing character: There is no s in font nullfont!
Missing character: There is no t in font nullfont!
Missing character: There is no a in font nullfont!
Missing character: There is no t in font nullfont!
Missing character: There is no e in font nullfont!
Missing character: There is no . in font nullfont!
! Undefined control sequence.
l.94 ...lement patterns of the ground state. \Bram
                                                  {Given their importance la...
The control sequence at the end of the top line
of your error message was never \def'ed. If you have
misspelled it (e.g., `\hobx'), type `I' and the correct
spelling (e.g., `I\hbox'). Otherwise just continue,
and I'll forget about whatever was undefined.

Missing character: There is no G in font nullfont!
Missing character: There is no i in font nullfont!
Missing character: There is no v in font nullfont!
Missing character: There is no e in font nullfont!
Missing character: There is no n in font nullfont!
Missing character: There is no t in font nullfont!
Missing character: There is no h in font nullfont!
Missing character: There is no e in font nullfont!
Missing character: There is no i in font nullfont!
Missing character: There is no r in font nullfont!
Missing character: There is no i in font nullfont!
Missing character: There is no m in font nullfont!
Missing character: There is no p in font nullfont!
Missing character: There is no o in font nullfont!
Missing character: There is no r in font nullfont!
Missing character: There is no t in font nullfont!
Missing character: There is no a in font nullfont!
Missing character: There is no n in font nullfont!
Missing character: There is no c in font nullfont!
Missing character: There is no e in font nullfont!
Missing character: There is no l in font nullfont!
Missing character: There is no a in font nullfont!
Missing character: There is no t in font nullfont!
Missing character: There is no e in font nullfont!
Missing character: There is no r in font nullfont!
Missing character: There is no , in font nullfont!
Missing character: There is no f in font nullfont!
Missing character: There is no o in font nullfont!
Missing character: There is no r in font nullfont!
Missing character: There is no e in font nullfont!
Missing character: There is no s in font nullfont!
Missing character: There is no h in font nullfont!
Missing character: There is no a in font nullfont!
Missing character: There is no d in font nullfont!
Missing character: There is no o in font nullfont!
Missing character: There is no w in font nullfont!
Missing character: There is no ? in font nullfont!

Overfull \hbox (16.86656pt too wide) in paragraph at lines 94--95
                 \OT1/cmr/m/it/10 new
 []

! Undefined control sequence.
l.96 \section
             {Outline of this thesis}
The control sequence at the end of the top line
of your error message was never \def'ed. If you have
misspelled it (e.g., `\hobx'), type `I' and the correct
spelling (e.g., `I\hbox'). Otherwise just continue,
and I'll forget about whatever was undefined.


! LaTeX Error: Missing \begin{document}.

See the LaTeX manual or LaTeX Companion for explanation.
Type  H <return>  for immediate help.
 ...                                              
                                                  
l.96 \section{O
               utline of this thesis}
You're in trouble here.  Try typing  <return>  to proceed.
If that doesn't work, type  X <return>  to quit.

Missing character: There is no O in font nullfont!
Missing character: There is no u in font nullfont!
Missing character: There is no t in font nullfont!
Missing character: There is no l in font nullfont!
Missing character: There is no i in font nullfont!
Missing character: There is no n in font nullfont!
Missing character: There is no e in font nullfont!
Missing character: There is no o in font nullfont!
Missing character: There is no f in font nullfont!
Missing character: There is no t in font nullfont!
Missing character: There is no h in font nullfont!
Missing character: There is no i in font nullfont!
Missing character: There is no s in font nullfont!
Missing character: There is no t in font nullfont!
Missing character: There is no h in font nullfont!
Missing character: There is no e in font nullfont!
Missing character: There is no s in font nullfont!
Missing character: There is no i in font nullfont!
Missing character: There is no s in font nullfont!
)
Missing character: There is no - in font nullfont!
Missing character: There is no - in font nullfont!
Missing character: There is no o in font nullfont!
Missing character: There is no u in font nullfont!
Missing character: There is no t in font nullfont!
Missing character: There is no p in font nullfont!
Missing character: There is no u in font nullfont!
Missing character: There is no t in font nullfont!
Missing character: There is no - in font nullfont!
Missing character: There is no d in font nullfont!
Missing character: There is no i in font nullfont!
Missing character: There is no r in font nullfont!
Missing character: There is no e in font nullfont!
Missing character: There is no c in font nullfont!
Missing character: There is no t in font nullfont!
Missing character: There is no o in font nullfont!
Missing character: There is no r in font nullfont!
Missing character: There is no y in font nullfont!
Missing character: There is no = in font nullfont!
Missing character: There is no o in font nullfont!
Missing character: There is no u in font nullfont!
Missing character: There is no t in font nullfont!
! Emergency stop.
<*> 1-Introduction.tex --output-directory=out
                                             
*** (job aborted, no legal \end found)

 
Here is how much of TeX's memory you used:
 41 strings out of 478287
 637 string characters out of 5849290
 300311 words of memory out of 5000000
 18333 multiletter control sequences out of 15000+600000
 469913 words of font info for 30 fonts, out of 8000000 for 9000
 1141 hyphenation exceptions out of 8191
 25i,6n,32p,1164b,111s stack positions out of 5000i,500n,10000p,200000b,80000s
!  ==> Fatal error occurred, no output PDF file produced!
